1.064000000000000000e+03
3.470000000000000000e+02
7.260000000000000000e+02
5.270000000000000000e+02
2.503000000000000000e+03
4.100000000000000000e+01
5.122000000000000000e+03
3.157000000000000000e+03
8.500000000000000000e+01
2.099000000000000000e+03
4.541000000000000000e+03
2.242000000000000000e+03
9.870000000000000000e+02
2.224000000000000000e+03
6.600000000000000000e+01
3.726000000000000000e+03
3.899000000000000000e+03
2.434000000000000000e+03
2.940000000000000000e+02
4.668000000000000000e+03
1.954000000000000000e+03
2.963000000000000000e+03
3.953000000000000000e+03
1.982000000000000000e+03
4.510000000000000000e+02
4.896000000000000000e+03
9.570000000000000000e+02
1.906000000000000000e+03
1.450000000000000000e+03
4.944000000000000000e+03
2.656000000000000000e+03
2.246000000000000000e+03
1.098000000000000000e+03
1.732000000000000000e+03
4.367000000000000000e+03
3.830000000000000000e+02
4.219000000000000000e+03
9.390000000000000000e+02
2.018000000000000000e+03
4.058000000000000000e+03
3.802000000000000000e+03
1.265000000000000000e+03
3.281000000000000000e+03
3.906000000000000000e+03
1.058000000000000000e+03
2.590000000000000000e+03
3.641000000000000000e+03
2.910000000000000000e+03
3.743000000000000000e+03
3.926000000000000000e+03
2.386000000000000000e+03
1.194000000000000000e+03
6.180000000000000000e+02
5.239000000000000000e+03
2.636000000000000000e+03
4.653000000000000000e+03
1.790000000000000000e+02
4.945000000000000000e+03
4.793000000000000000e+03
2.772000000000000000e+03
3.980000000000000000e+02
4.902000000000000000e+03
1.457000000000000000e+03
5.126000000000000000e+03
1.066000000000000000e+03
3.161000000000000000e+03
5.206000000000000000e+03
1.229000000000000000e+03
3.959000000000000000e+03
1.145000000000000000e+03
5.620000000000000000e+02
4.602000000000000000e+03
3.822000000000000000e+03
2.347000000000000000e+03
1.680000000000000000e+03
2.619000000000000000e+03
6.190000000000000000e+02
1.112000000000000000e+03
2.425000000000000000e+03
3.480000000000000000e+02
3.548000000000000000e+03
3.038000000000000000e+03
2.501000000000000000e+03
4.872000000000000000e+03
5.570000000000000000e+02
2.000000000000000000e+03
2.062000000000000000e+03
4.310000000000000000e+03
6.140000000000000000e+02
5.067000000000000000e+03
1.425000000000000000e+03
2.823000000000000000e+03
2.911000000000000000e+03
6.370000000000000000e+02
4.288000000000000000e+03
3.837000000000000000e+03
3.712000000000000000e+03
4.412000000000000000e+03
4.297000000000000000e+03
2.383000000000000000e+03
1.912000000000000000e+03
3.782000000000000000e+03
3.607000000000000000e+03
4.379000000000000000e+03
3.093000000000000000e+03
5.120000000000000000e+02
4.401000000000000000e+03
4.809000000000000000e+03
1.419000000000000000e+03
2.923000000000000000e+03
5.216000000000000000e+03
2.176000000000000000e+03
1.300000000000000000e+02
1.509000000000000000e+03
2.588000000000000000e+03
4.463000000000000000e+03
6.600000000000000000e+01
1.540000000000000000e+02
2.299000000000000000e+03
3.770000000000000000e+03
4.318000000000000000e+03
1.701000000000000000e+03
3.513000000000000000e+03
2.677000000000000000e+03
3.345000000000000000e+03
2.250000000000000000e+03
3.742000000000000000e+03
5.155000000000000000e+03
4.870000000000000000e+03
4.637000000000000000e+03
1.876000000000000000e+03
8.080000000000000000e+02
4.483000000000000000e+03
1.900000000000000000e+01
3.236000000000000000e+03
3.481000000000000000e+03
2.027000000000000000e+03
2.947000000000000000e+03
3.300000000000000000e+02
3.328000000000000000e+03
8.100000000000000000e+01
5.104000000000000000e+03
4.545000000000000000e+03
4.271000000000000000e+03
5.098000000000000000e+03
3.970000000000000000e+03
9.790000000000000000e+02
2.483000000000000000e+03
4.209000000000000000e+03
1.929000000000000000e+03
2.736000000000000000e+03
2.725000000000000000e+03
3.330000000000000000e+02
3.821000000000000000e+03
3.236000000000000000e+03
4.617000000000000000e+03
8.220000000000000000e+02
2.818000000000000000e+03
2.770000000000000000e+02
2.175000000000000000e+03
8.060000000000000000e+02
5.161000000000000000e+03
8.200000000000000000e+02
2.303000000000000000e+03
1.870000000000000000e+02
3.815000000000000000e+03
3.165000000000000000e+03
1.770000000000000000e+02
3.598000000000000000e+03
4.146000000000000000e+03
6.500000000000000000e+02
2.857000000000000000e+03
3.194000000000000000e+03
1.570000000000000000e+03
3.211000000000000000e+03
2.327000000000000000e+03
1.853000000000000000e+03
3.330000000000000000e+03
3.792000000000000000e+03
2.587000000000000000e+03
1.065000000000000000e+03
4.633000000000000000e+03
1.092000000000000000e+03
3.630000000000000000e+02
4.005000000000000000e+03
4.482000000000000000e+03
1.200000000000000000e+03
1.328000000000000000e+03
4.886000000000000000e+03
2.550000000000000000e+03
3.530000000000000000e+02
9.500000000000000000e+02
1.634000000000000000e+03
4.511000000000000000e+03
1.134000000000000000e+03
6.430000000000000000e+02
3.775000000000000000e+03
3.716000000000000000e+03
2.600000000000000000e+01
3.248000000000000000e+03
4.574000000000000000e+03
2.344000000000000000e+03
7.320000000000000000e+02
3.831000000000000000e+03
3.698000000000000000e+03
5.169000000000000000e+03
4.306000000000000000e+03
5.110000000000000000e+03
5.420000000000000000e+02
3.526000000000000000e+03
1.897000000000000000e+03
3.978000000000000000e+03
1.780000000000000000e+03
1.437000000000000000e+03
1.575000000000000000e+03
9.090000000000000000e+02
6.920000000000000000e+02
1.900000000000000000e+01
4.703000000000000000e+03
5.196000000000000000e+03
4.697000000000000000e+03
1.232000000000000000e+03
2.548000000000000000e+03
3.361000000000000000e+03
1.717000000000000000e+03
7.690000000000000000e+02
7.900000000000000000e+02
4.009000000000000000e+03
3.213000000000000000e+03
3.036000000000000000e+03
4.227000000000000000e+03
6.110000000000000000e+02
5.600000000000000000e+01
3.437000000000000000e+03
4.504000000000000000e+03
8.650000000000000000e+02
2.998000000000000000e+03
5.006000000000000000e+03
2.712000000000000000e+03
2.186000000000000000e+03
2.846000000000000000e+03
4.164000000000000000e+03
4.979000000000000000e+03
2.268000000000000000e+03
4.355000000000000000e+03
3.445000000000000000e+03
7.140000000000000000e+02
1.041000000000000000e+03
4.870000000000000000e+02
2.740000000000000000e+03
4.684000000000000000e+03
4.540000000000000000e+03
2.055000000000000000e+03
4.020000000000000000e+02
3.124000000000000000e+03
3.871000000000000000e+03
2.543000000000000000e+03
2.441000000000000000e+03
1.650000000000000000e+03
2.231000000000000000e+03
2.108000000000000000e+03
5.036000000000000000e+03
8.150000000000000000e+02
2.732000000000000000e+03
4.780000000000000000e+03
4.954000000000000000e+03
1.957000000000000000e+03
4.720000000000000000e+03
3.834000000000000000e+03
1.149000000000000000e+03
3.490000000000000000e+03
5.000000000000000000e+02
3.331000000000000000e+03
2.036000000000000000e+03
5.075000000000000000e+03
3.702000000000000000e+03
1.770000000000000000e+03
3.432000000000000000e+03
5.027000000000000000e+03
6.400000000000000000e+02
1.912000000000000000e+03
4.452000000000000000e+03
2.616000000000000000e+03
8.990000000000000000e+02
1.514000000000000000e+03
9.200000000000000000e+02
5.198000000000000000e+03
1.058000000000000000e+03
4.365000000000000000e+03
3.057000000000000000e+03
1.373000000000000000e+03
2.726000000000000000e+03
3.175000000000000000e+03
2.216000000000000000e+03
5.060000000000000000e+03
4.191000000000000000e+03
1.920000000000000000e+02
5.580000000000000000e+02
1.153000000000000000e+03
4.254000000000000000e+03
3.490000000000000000e+02
3.000000000000000000e+02
1.462000000000000000e+03
2.659000000000000000e+03
5.240000000000000000e+02
4.028000000000000000e+03
3.022000000000000000e+03
4.778000000000000000e+03
9.450000000000000000e+02
3.530000000000000000e+03
3.948000000000000000e+03
4.461000000000000000e+03
3.740000000000000000e+03
3.119000000000000000e+03
3.812000000000000000e+03
2.192000000000000000e+03
1.405000000000000000e+03
6.000000000000000000e+00
4.051000000000000000e+03
7.580000000000000000e+02
2.724000000000000000e+03
5.199000000000000000e+03
1.112000000000000000e+03
2.522000000000000000e+03
7.900000000000000000e+01
3.740000000000000000e+03
3.668000000000000000e+03
1.824000000000000000e+03
5.134000000000000000e+03
1.683000000000000000e+03
2.708000000000000000e+03
2.604000000000000000e+03
4.610000000000000000e+03
4.538000000000000000e+03
1.963000000000000000e+03
1.142000000000000000e+03
1.830000000000000000e+03
3.845000000000000000e+03
3.330000000000000000e+02
4.813000000000000000e+03
1.201000000000000000e+03
1.900000000000000000e+03
4.789000000000000000e+03
4.181000000000000000e+03
3.776000000000000000e+03
1.668000000000000000e+03
2.474000000000000000e+03
4.906000000000000000e+03
2.135000000000000000e+03
3.223000000000000000e+03
5.024000000000000000e+03
9.490000000000000000e+02
5.560000000000000000e+02
3.383000000000000000e+03
6.200000000000000000e+01
1.014000000000000000e+03
3.332000000000000000e+03
4.410000000000000000e+03
4.102000000000000000e+03
4.820000000000000000e+02
4.641000000000000000e+03
2.070000000000000000e+03
2.266000000000000000e+03
1.900000000000000000e+01
1.731000000000000000e+03
4.893000000000000000e+03
3.579000000000000000e+03
4.800000000000000000e+02
3.595000000000000000e+03
1.909000000000000000e+03
2.327000000000000000e+03
1.440000000000000000e+02
1.021000000000000000e+03
3.664000000000000000e+03
2.992000000000000000e+03
1.176000000000000000e+03
2.430000000000000000e+03
5.530000000000000000e+02
1.120000000000000000e+03
1.450000000000000000e+03
2.823000000000000000e+03
2.806000000000000000e+03
4.291000000000000000e+03
2.120000000000000000e+03
3.720000000000000000e+02
4.078000000000000000e+03
2.420000000000000000e+03
5.136000000000000000e+03
9.830000000000000000e+02
2.385000000000000000e+03
2.674000000000000000e+03
2.700000000000000000e+03
4.051000000000000000e+03
4.189000000000000000e+03
1.640000000000000000e+03
2.734000000000000000e+03
3.743000000000000000e+03
3.860000000000000000e+03
3.485000000000000000e+03
3.097000000000000000e+03
2.900000000000000000e+03
2.499000000000000000e+03
5.070000000000000000e+02
1.060000000000000000e+02
2.661000000000000000e+03
4.392000000000000000e+03
4.105000000000000000e+03
4.115000000000000000e+03
3.558000000000000000e+03
3.398000000000000000e+03
2.057000000000000000e+03
5.100000000000000000e+01
1.779000000000000000e+03
3.858000000000000000e+03
3.526000000000000000e+03
2.308000000000000000e+03
4.634000000000000000e+03
2.446000000000000000e+03
3.525000000000000000e+03
2.468000000000000000e+03
8.670000000000000000e+02
1.119000000000000000e+03
4.724000000000000000e+03
3.018000000000000000e+03
7.030000000000000000e+02
1.305000000000000000e+03
4.490000000000000000e+02
1.298000000000000000e+03
2.225000000000000000e+03
4.347000000000000000e+03
1.040000000000000000e+03
2.678000000000000000e+03
4.010000000000000000e+02
3.839000000000000000e+03
1.858000000000000000e+03
3.915000000000000000e+03
2.374000000000000000e+03
3.630000000000000000e+03
4.238000000000000000e+03
4.344000000000000000e+03
3.571000000000000000e+03
4.633000000000000000e+03
3.910000000000000000e+03
1.775000000000000000e+03
2.001000000000000000e+03
9.090000000000000000e+02
4.178000000000000000e+03
3.439000000000000000e+03
3.177000000000000000e+03
3.469000000000000000e+03
2.910000000000000000e+02
2.390000000000000000e+02
4.903000000000000000e+03
1.467000000000000000e+03
5.400000000000000000e+01
2.449000000000000000e+03
4.808000000000000000e+03
5.235000000000000000e+03
1.149000000000000000e+03
1.918000000000000000e+03
3.050000000000000000e+02
4.415000000000000000e+03
5.145000000000000000e+03
8.020000000000000000e+02
1.590000000000000000e+03
1.809000000000000000e+03
1.789000000000000000e+03
3.774000000000000000e+03
5.022000000000000000e+03
2.412000000000000000e+03
4.137000000000000000e+03
9.230000000000000000e+02
4.341000000000000000e+03
1.285000000000000000e+03
2.367000000000000000e+03
1.421000000000000000e+03
5.166000000000000000e+03
1.507000000000000000e+03
2.693000000000000000e+03
1.755000000000000000e+03
1.737000000000000000e+03
2.703000000000000000e+03
1.994000000000000000e+03
2.986000000000000000e+03
3.034000000000000000e+03
2.422000000000000000e+03
4.596000000000000000e+03
9.330000000000000000e+02
2.580000000000000000e+03
2.352000000000000000e+03
2.100000000000000000e+03
2.618000000000000000e+03
1.135000000000000000e+03
1.497000000000000000e+03
5.169000000000000000e+03
1.852000000000000000e+03
4.577000000000000000e+03
8.830000000000000000e+02
2.557000000000000000e+03
3.543000000000000000e+03
4.669000000000000000e+03
3.430000000000000000e+03
1.527000000000000000e+03
9.550000000000000000e+02
6.550000000000000000e+02
4.715000000000000000e+03
5.199000000000000000e+03
4.844000000000000000e+03
4.146000000000000000e+03
3.500000000000000000e+01
2.691000000000000000e+03
3.847000000000000000e+03
4.475000000000000000e+03
3.940000000000000000e+03
4.623000000000000000e+03
1.065000000000000000e+03
2.161000000000000000e+03
2.185000000000000000e+03
2.323000000000000000e+03
4.650000000000000000e+02
4.230000000000000000e+02
1.827000000000000000e+03
1.716000000000000000e+03
3.620000000000000000e+03
5.099000000000000000e+03
3.486000000000000000e+03
4.834000000000000000e+03
5.122000000000000000e+03
9.500000000000000000e+02
1.419000000000000000e+03
2.087000000000000000e+03
4.890000000000000000e+03
1.258000000000000000e+03
4.069000000000000000e+03
3.424000000000000000e+03
4.510000000000000000e+03
4.950000000000000000e+02
1.180000000000000000e+02
3.630000000000000000e+03
4.387000000000000000e+03
4.885000000000000000e+03
4.641000000000000000e+03
2.849000000000000000e+03
2.657000000000000000e+03
1.137000000000000000e+03
1.455000000000000000e+03
3.326000000000000000e+03
2.970000000000000000e+03
1.823000000000000000e+03
4.445000000000000000e+03
2.503000000000000000e+03
1.923000000000000000e+03
1.881000000000000000e+03
5.310000000000000000e+02
1.005000000000000000e+03
3.092000000000000000e+03
4.361000000000000000e+03
3.117000000000000000e+03
1.798000000000000000e+03
3.022000000000000000e+03
2.820000000000000000e+02
2.616000000000000000e+03
1.735000000000000000e+03
1.582000000000000000e+03
7.940000000000000000e+02
2.240000000000000000e+02
7.450000000000000000e+02
6.200000000000000000e+01
5.191000000000000000e+03
6.000000000000000000e+00
2.511000000000000000e+03
6.520000000000000000e+02
3.099000000000000000e+03
2.706000000000000000e+03
1.731000000000000000e+03
2.372000000000000000e+03
3.000000000000000000e+02
3.093000000000000000e+03
3.299000000000000000e+03
1.355000000000000000e+03
4.168000000000000000e+03
2.597000000000000000e+03
2.685000000000000000e+03
5.110000000000000000e+02
3.961000000000000000e+03
5.212000000000000000e+03
1.521000000000000000e+03
2.092000000000000000e+03
2.744000000000000000e+03
1.749000000000000000e+03
8.630000000000000000e+02
2.104000000000000000e+03
2.630000000000000000e+02
1.440000000000000000e+03
2.910000000000000000e+02
3.857000000000000000e+03
1.529000000000000000e+03
2.498000000000000000e+03
2.623000000000000000e+03
3.094000000000000000e+03
2.136000000000000000e+03
1.088000000000000000e+03
4.337000000000000000e+03
4.292000000000000000e+03
4.795000000000000000e+03
3.202000000000000000e+03
8.060000000000000000e+02
2.440000000000000000e+03
2.157000000000000000e+03
4.977000000000000000e+03
2.590000000000000000e+03
4.556000000000000000e+03
3.497000000000000000e+03
4.870000000000000000e+02
1.239000000000000000e+03
4.705000000000000000e+03
3.580000000000000000e+02
3.640000000000000000e+02
2.192000000000000000e+03
4.637000000000000000e+03
3.106000000000000000e+03
1.229000000000000000e+03
1.376000000000000000e+03
5.114000000000000000e+03
4.610000000000000000e+03
3.969000000000000000e+03
2.270000000000000000e+02
5.420000000000000000e+02
3.926000000000000000e+03
2.244000000000000000e+03
8.090000000000000000e+02
3.003000000000000000e+03
3.791000000000000000e+03
1.005000000000000000e+03
3.149000000000000000e+03
3.369000000000000000e+03
1.807000000000000000e+03
4.179000000000000000e+03
2.432000000000000000e+03
3.592000000000000000e+03
4.535000000000000000e+03
2.000000000000000000e+01
5.107000000000000000e+03
3.623000000000000000e+03
4.037000000000000000e+03
2.387000000000000000e+03
4.190000000000000000e+03
3.065000000000000000e+03
2.182000000000000000e+03
3.297000000000000000e+03
1.280000000000000000e+02
3.990000000000000000e+02
9.560000000000000000e+02
1.564000000000000000e+03
5.180000000000000000e+02
2.670000000000000000e+02
5.830000000000000000e+02
2.518000000000000000e+03
1.344000000000000000e+03
8.450000000000000000e+02
4.293000000000000000e+03
4.190000000000000000e+03
2.275000000000000000e+03
3.839000000000000000e+03
2.546000000000000000e+03
3.896000000000000000e+03
2.034000000000000000e+03
3.126000000000000000e+03
1.650000000000000000e+03
4.981000000000000000e+03
1.734000000000000000e+03
4.592000000000000000e+03
4.178000000000000000e+03
3.988000000000000000e+03
2.759000000000000000e+03
3.877000000000000000e+03
8.600000000000000000e+01
4.091000000000000000e+03
2.330000000000000000e+02
1.227000000000000000e+03
3.499000000000000000e+03
1.216000000000000000e+03
5.980000000000000000e+02
3.443000000000000000e+03
4.262000000000000000e+03
4.975000000000000000e+03
4.852000000000000000e+03
2.618000000000000000e+03
6.200000000000000000e+02
4.046000000000000000e+03
1.730000000000000000e+02
1.565000000000000000e+03
2.561000000000000000e+03
4.131000000000000000e+03
4.763000000000000000e+03
2.374000000000000000e+03
2.658000000000000000e+03
1.932000000000000000e+03
1.593000000000000000e+03
2.820000000000000000e+02
2.064000000000000000e+03
2.937000000000000000e+03
1.538000000000000000e+03
2.580000000000000000e+03
4.021000000000000000e+03
2.870000000000000000e+03
3.275000000000000000e+03
4.129000000000000000e+03
3.488000000000000000e+03
4.540000000000000000e+03
4.804000000000000000e+03
1.460000000000000000e+02
4.788000000000000000e+03
3.800000000000000000e+02
1.081000000000000000e+03
3.640000000000000000e+02
3.731000000000000000e+03
4.358000000000000000e+03
2.753000000000000000e+03
2.371000000000000000e+03
2.136000000000000000e+03
2.724000000000000000e+03
1.648000000000000000e+03
3.463000000000000000e+03
4.788000000000000000e+03
1.462000000000000000e+03
1.610000000000000000e+02
3.235000000000000000e+03
4.465000000000000000e+03
1.107000000000000000e+03
4.556000000000000000e+03
4.373000000000000000e+03
3.779000000000000000e+03
1.934000000000000000e+03
3.954000000000000000e+03
2.816000000000000000e+03
5.095000000000000000e+03
6.770000000000000000e+02
4.511000000000000000e+03
3.865000000000000000e+03
1.046000000000000000e+03
1.098000000000000000e+03
4.556000000000000000e+03
3.771000000000000000e+03
3.208000000000000000e+03
3.431000000000000000e+03
4.546000000000000000e+03
2.245000000000000000e+03
2.592000000000000000e+03
2.281000000000000000e+03
3.561000000000000000e+03
3.129000000000000000e+03
1.725000000000000000e+03
5.350000000000000000e+02
4.324000000000000000e+03
3.186000000000000000e+03
1.170000000000000000e+02
1.510000000000000000e+03
1.937000000000000000e+03
5.150000000000000000e+03
2.685000000000000000e+03
1.410000000000000000e+03
2.780000000000000000e+02
1.050000000000000000e+03
1.480000000000000000e+03
5.600000000000000000e+02
4.442000000000000000e+03
9.770000000000000000e+02
4.137000000000000000e+03
1.776000000000000000e+03
1.997000000000000000e+03
1.440000000000000000e+02
4.930000000000000000e+02
2.894000000000000000e+03
7.200000000000000000e+02
8.450000000000000000e+02
1.385000000000000000e+03
4.475000000000000000e+03
3.800000000000000000e+01
8.200000000000000000e+01
4.623000000000000000e+03
4.354000000000000000e+03
1.298000000000000000e+03
4.916000000000000000e+03
3.016000000000000000e+03
5.139000000000000000e+03
1.853000000000000000e+03
5.230000000000000000e+02
3.343000000000000000e+03
3.012000000000000000e+03
5.094000000000000000e+03
2.915000000000000000e+03
4.300000000000000000e+02
4.945000000000000000e+03
2.528000000000000000e+03
1.596000000000000000e+03
2.619000000000000000e+03
4.481000000000000000e+03
3.993000000000000000e+03
3.896000000000000000e+03
8.130000000000000000e+02
1.749000000000000000e+03
3.463000000000000000e+03
1.347000000000000000e+03
3.891000000000000000e+03
2.666000000000000000e+03
3.630000000000000000e+02
2.704000000000000000e+03
3.870000000000000000e+03
3.193000000000000000e+03
4.327000000000000000e+03
1.580000000000000000e+02
3.956000000000000000e+03
8.420000000000000000e+02
3.572000000000000000e+03
4.808000000000000000e+03
2.350000000000000000e+02
4.526000000000000000e+03
5.187000000000000000e+03
1.036000000000000000e+03
1.783000000000000000e+03
4.397000000000000000e+03
2.859000000000000000e+03
1.010000000000000000e+03
5.860000000000000000e+02
1.976000000000000000e+03
3.740000000000000000e+03
4.439000000000000000e+03
1.014000000000000000e+03
2.880000000000000000e+03
1.502000000000000000e+03
4.887000000000000000e+03
4.200000000000000000e+02
4.907000000000000000e+03
3.381000000000000000e+03
4.182000000000000000e+03
2.939000000000000000e+03
2.773000000000000000e+03
1.235000000000000000e+03
4.449000000000000000e+03
2.863000000000000000e+03
3.835000000000000000e+03
2.723000000000000000e+03
3.481000000000000000e+03
5.157000000000000000e+03
2.100000000000000000e+01
2.700000000000000000e+03
2.030000000000000000e+02
1.179000000000000000e+03
2.448000000000000000e+03
2.480000000000000000e+02
8.840000000000000000e+02
4.945000000000000000e+03
5.163000000000000000e+03
8.390000000000000000e+02
1.114000000000000000e+03
5.021000000000000000e+03
4.781000000000000000e+03
4.866000000000000000e+03
4.330000000000000000e+02
1.001000000000000000e+03
1.321000000000000000e+03
1.317000000000000000e+03
1.319000000000000000e+03
4.982000000000000000e+03
7.200000000000000000e+01
7.940000000000000000e+02
5.069000000000000000e+03
5.136000000000000000e+03
1.389000000000000000e+03
2.084000000000000000e+03
4.085000000000000000e+03
8.040000000000000000e+02
4.727000000000000000e+03
4.906000000000000000e+03
3.024000000000000000e+03
2.313000000000000000e+03
2.691000000000000000e+03
1.590000000000000000e+02
8.640000000000000000e+02
7.650000000000000000e+02
5.106000000000000000e+03
1.640000000000000000e+03
1.184000000000000000e+03
3.117000000000000000e+03
3.588000000000000000e+03
2.326000000000000000e+03
1.923000000000000000e+03
2.306000000000000000e+03
3.966000000000000000e+03
2.924000000000000000e+03
3.140000000000000000e+02
5.210000000000000000e+02
2.327000000000000000e+03
3.600000000000000000e+02
3.862000000000000000e+03
1.830000000000000000e+03
1.154000000000000000e+03
2.378000000000000000e+03
4.161000000000000000e+03
1.610000000000000000e+02
5.153000000000000000e+03
3.983000000000000000e+03
3.544000000000000000e+03
1.881000000000000000e+03
2.155000000000000000e+03
2.046000000000000000e+03
1.404000000000000000e+03
3.874000000000000000e+03
4.160000000000000000e+02
1.860000000000000000e+02
9.800000000000000000e+02
8.980000000000000000e+02
1.934000000000000000e+03
4.787000000000000000e+03
3.435000000000000000e+03
3.823000000000000000e+03
5.027000000000000000e+03
3.730000000000000000e+03
7.560000000000000000e+02
2.167000000000000000e+03
2.680000000000000000e+02
6.390000000000000000e+02
2.840000000000000000e+02
1.916000000000000000e+03
3.677000000000000000e+03
3.229000000000000000e+03
5.060000000000000000e+03
5.500000000000000000e+01
8.400000000000000000e+01
5.680000000000000000e+02
4.704000000000000000e+03
4.924000000000000000e+03
3.468000000000000000e+03
3.308000000000000000e+03
3.889000000000000000e+03
2.190000000000000000e+02
3.225000000000000000e+03
1.529000000000000000e+03
4.172000000000000000e+03
9.110000000000000000e+02
5.134000000000000000e+03
5.300000000000000000e+01
2.603000000000000000e+03
3.203000000000000000e+03
1.977000000000000000e+03
2.089000000000000000e+03
4.503000000000000000e+03
4.146000000000000000e+03
4.568000000000000000e+03
4.815000000000000000e+03
1.849000000000000000e+03
1.100000000000000000e+03
3.270000000000000000e+03
1.308000000000000000e+03
4.550000000000000000e+03
3.177000000000000000e+03
2.821000000000000000e+03
4.522000000000000000e+03
1.123000000000000000e+03
4.670000000000000000e+03
9.890000000000000000e+02
1.129000000000000000e+03
6.280000000000000000e+02
4.522000000000000000e+03
1.970000000000000000e+03
4.113000000000000000e+03
1.172000000000000000e+03
3.542000000000000000e+03
4.826000000000000000e+03
2.145000000000000000e+03
4.880000000000000000e+03
4.810000000000000000e+03
1.501000000000000000e+03
9.200000000000000000e+02
1.936000000000000000e+03
2.484000000000000000e+03
2.702000000000000000e+03
1.604000000000000000e+03
4.527000000000000000e+03
3.918000000000000000e+03
4.035000000000000000e+03
1.477000000000000000e+03
4.517000000000000000e+03
3.568000000000000000e+03
8.790000000000000000e+02
4.137000000000000000e+03
4.266000000000000000e+03
3.806000000000000000e+03
3.874000000000000000e+03
3.424000000000000000e+03
5.129000000000000000e+03
4.665000000000000000e+03
1.406000000000000000e+03
3.715000000000000000e+03
3.786000000000000000e+03
1.456000000000000000e+03
3.221000000000000000e+03
1.557000000000000000e+03
1.675000000000000000e+03
5.044000000000000000e+03
4.219000000000000000e+03
1.226000000000000000e+03
2.740000000000000000e+03
3.263000000000000000e+03
1.021000000000000000e+03
3.375000000000000000e+03
2.113000000000000000e+03
1.694000000000000000e+03
3.930000000000000000e+02
3.844000000000000000e+03
2.343000000000000000e+03
3.802000000000000000e+03
3.672000000000000000e+03
1.385000000000000000e+03
5.230000000000000000e+02
4.587000000000000000e+03
2.562000000000000000e+03
1.199000000000000000e+03
3.889000000000000000e+03
2.314000000000000000e+03
4.891000000000000000e+03
3.850000000000000000e+03
4.865000000000000000e+03
2.792000000000000000e+03
2.640000000000000000e+03
4.503000000000000000e+03
4.460000000000000000e+02
9.930000000000000000e+02
3.066000000000000000e+03
1.131000000000000000e+03
3.467000000000000000e+03
1.110000000000000000e+02
3.516000000000000000e+03
4.386000000000000000e+03
2.156000000000000000e+03
2.424000000000000000e+03
6.400000000000000000e+01
7.400000000000000000e+02
3.466000000000000000e+03
1.136000000000000000e+03
3.768000000000000000e+03
4.279000000000000000e+03
3.363000000000000000e+03
8.130000000000000000e+02
3.844000000000000000e+03
1.111000000000000000e+03
3.678000000000000000e+03
1.917000000000000000e+03
2.018000000000000000e+03
2.842000000000000000e+03
3.397000000000000000e+03
2.210000000000000000e+03
1.108000000000000000e+03
4.089000000000000000e+03
4.120000000000000000e+02
3.095000000000000000e+03
4.070000000000000000e+02
8.830000000000000000e+02
3.229000000000000000e+03
1.197000000000000000e+03
4.485000000000000000e+03
8.130000000000000000e+02
2.142000000000000000e+03
2.604000000000000000e+03
2.307000000000000000e+03
4.900000000000000000e+03
5.770000000000000000e+02
2.352000000000000000e+03
5.125000000000000000e+03
2.237000000000000000e+03
4.008000000000000000e+03
2.433000000000000000e+03
3.838000000000000000e+03
3.845000000000000000e+03
1.658000000000000000e+03
3.064000000000000000e+03
1.824000000000000000e+03
1.920000000000000000e+02
7.500000000000000000e+02
2.670000000000000000e+03
1.787000000000000000e+03
1.700000000000000000e+02
1.729000000000000000e+03
6.240000000000000000e+02
2.202000000000000000e+03
6.480000000000000000e+02
9.120000000000000000e+02
4.193000000000000000e+03
4.263000000000000000e+03
3.132000000000000000e+03
3.169000000000000000e+03
4.154000000000000000e+03
4.880000000000000000e+03
4.707000000000000000e+03
3.811000000000000000e+03
4.876000000000000000e+03
2.640000000000000000e+02
4.203000000000000000e+03
2.545000000000000000e+03
3.970000000000000000e+02
4.955000000000000000e+03
2.989000000000000000e+03
2.580000000000000000e+03
4.576000000000000000e+03
1.945000000000000000e+03
2.279000000000000000e+03
4.653000000000000000e+03
1.758000000000000000e+03
4.107000000000000000e+03
4.529000000000000000e+03
8.130000000000000000e+02
2.912000000000000000e+03
1.701000000000000000e+03
2.488000000000000000e+03
5.226000000000000000e+03
5.129000000000000000e+03
4.510000000000000000e+03
1.276000000000000000e+03
7.690000000000000000e+02
7.000000000000000000e+02
1.065000000000000000e+03
4.546000000000000000e+03
3.664000000000000000e+03
1.304000000000000000e+03
5.079000000000000000e+03
8.270000000000000000e+02
1.290000000000000000e+02
1.740000000000000000e+02
1.363000000000000000e+03
4.059000000000000000e+03
4.592000000000000000e+03
3.214000000000000000e+03
1.391000000000000000e+03
4.428000000000000000e+03
4.601000000000000000e+03
3.557000000000000000e+03
1.717000000000000000e+03
3.002000000000000000e+03
3.560000000000000000e+03
1.628000000000000000e+03
3.298000000000000000e+03
4.436000000000000000e+03
4.821000000000000000e+03
3.696000000000000000e+03
8.770000000000000000e+02
1.609000000000000000e+03
3.024000000000000000e+03
5.000000000000000000e+02
4.233000000000000000e+03
2.827000000000000000e+03
1.953000000000000000e+03
2.326000000000000000e+03
2.780000000000000000e+03
2.180000000000000000e+03
2.187000000000000000e+03
3.574000000000000000e+03
4.273000000000000000e+03
3.297000000000000000e+03
3.306000000000000000e+03
8.800000000000000000e+02
4.399000000000000000e+03
2.580000000000000000e+02
1.702000000000000000e+03
4.658000000000000000e+03
3.485000000000000000e+03
9.280000000000000000e+02
4.320000000000000000e+03
4.650000000000000000e+02
9.610000000000000000e+02
2.550000000000000000e+03
5.160000000000000000e+02
5.170000000000000000e+02
2.300000000000000000e+02
1.513000000000000000e+03
2.265000000000000000e+03
5.036000000000000000e+03
3.683000000000000000e+03
1.602000000000000000e+03
4.970000000000000000e+03
3.530000000000000000e+03
1.529000000000000000e+03
1.590000000000000000e+03
3.964000000000000000e+03
2.635000000000000000e+03
3.076000000000000000e+03
3.063000000000000000e+03
3.445000000000000000e+03
2.893000000000000000e+03
2.751000000000000000e+03
1.756000000000000000e+03
4.985000000000000000e+03
1.300000000000000000e+01
3.581000000000000000e+03
4.780000000000000000e+03
3.705000000000000000e+03
2.428000000000000000e+03
6.780000000000000000e+02
1.956000000000000000e+03
4.618000000000000000e+03
3.068000000000000000e+03
6.200000000000000000e+02
3.845000000000000000e+03
1.777000000000000000e+03
2.400000000000000000e+02
3.412000000000000000e+03
2.898000000000000000e+03
5.870000000000000000e+02
4.503000000000000000e+03
4.612000000000000000e+03
5.540000000000000000e+02
3.744000000000000000e+03
6.740000000000000000e+02
4.400000000000000000e+03
3.006000000000000000e+03
2.629000000000000000e+03
1.033000000000000000e+03
3.562000000000000000e+03
1.377000000000000000e+03
1.942000000000000000e+03
1.630000000000000000e+02
4.343000000000000000e+03
4.164000000000000000e+03
2.600000000000000000e+03
4.104000000000000000e+03
1.637000000000000000e+03
8.210000000000000000e+02
2.165000000000000000e+03
3.607000000000000000e+03
9.810000000000000000e+02
2.845000000000000000e+03
4.717000000000000000e+03
3.196000000000000000e+03
6.090000000000000000e+02
3.692000000000000000e+03
4.647000000000000000e+03
4.868000000000000000e+03
3.522000000000000000e+03
5.184000000000000000e+03
1.980000000000000000e+02
1.787000000000000000e+03
2.640000000000000000e+03
2.740000000000000000e+03
1.880000000000000000e+02
1.749000000000000000e+03
4.836000000000000000e+03
3.034000000000000000e+03
1.901000000000000000e+03
2.355000000000000000e+03
1.293000000000000000e+03
5.183000000000000000e+03
4.788000000000000000e+03
5.076000000000000000e+03
4.235000000000000000e+03
1.157000000000000000e+03
5.036000000000000000e+03
2.909000000000000000e+03
7.200000000000000000e+02
2.310000000000000000e+02
3.479000000000000000e+03
1.024000000000000000e+03
1.261000000000000000e+03
4.291000000000000000e+03
1.685000000000000000e+03
4.329000000000000000e+03
3.447000000000000000e+03
1.511000000000000000e+03
4.584000000000000000e+03
1.061000000000000000e+03
7.580000000000000000e+02
3.736000000000000000e+03
4.137000000000000000e+03
3.830000000000000000e+03
2.764000000000000000e+03
2.882000000000000000e+03
2.817000000000000000e+03
4.973000000000000000e+03
8.110000000000000000e+02
5.049000000000000000e+03
1.528000000000000000e+03
3.429000000000000000e+03
2.010000000000000000e+03
3.550000000000000000e+02
1.940000000000000000e+03
7.850000000000000000e+02
6.670000000000000000e+02
2.994000000000000000e+03
3.402000000000000000e+03
1.335000000000000000e+03
2.499000000000000000e+03
1.943000000000000000e+03
4.190000000000000000e+03
5.059000000000000000e+03
2.376000000000000000e+03
4.150000000000000000e+03
5.060000000000000000e+02
6.670000000000000000e+02
2.895000000000000000e+03
1.749000000000000000e+03
3.240000000000000000e+02
3.301000000000000000e+03
3.966000000000000000e+03
4.162000000000000000e+03
3.363000000000000000e+03
2.412000000000000000e+03
3.223000000000000000e+03
1.163000000000000000e+03
5.081000000000000000e+03
5.044000000000000000e+03
3.310000000000000000e+02
2.463000000000000000e+03
1.918000000000000000e+03
3.680000000000000000e+03
3.604000000000000000e+03
3.414000000000000000e+03
1.200000000000000000e+03
4.773000000000000000e+03
4.540000000000000000e+02
1.206000000000000000e+03
8.290000000000000000e+02
4.257000000000000000e+03
5.210000000000000000e+02
2.000000000000000000e+03
2.892000000000000000e+03
4.187000000000000000e+03
3.799000000000000000e+03
5.203000000000000000e+03
2.083000000000000000e+03
2.005000000000000000e+03
5.051000000000000000e+03
3.098000000000000000e+03
1.166000000000000000e+03
4.475000000000000000e+03
4.329000000000000000e+03
2.941000000000000000e+03
2.514000000000000000e+03
1.570000000000000000e+03
2.042000000000000000e+03
2.657000000000000000e+03
2.226000000000000000e+03
3.528000000000000000e+03
4.929000000000000000e+03
5.113000000000000000e+03
4.493000000000000000e+03
1.053000000000000000e+03
2.483000000000000000e+03
2.222000000000000000e+03
4.132000000000000000e+03
2.879000000000000000e+03
1.777000000000000000e+03
4.604000000000000000e+03
5.055000000000000000e+03
5.470000000000000000e+02
4.798000000000000000e+03
4.827000000000000000e+03
2.220000000000000000e+02
2.242000000000000000e+03
2.166000000000000000e+03
4.754000000000000000e+03
4.270000000000000000e+03
3.936000000000000000e+03
1.534000000000000000e+03
2.659000000000000000e+03
1.511000000000000000e+03
3.127000000000000000e+03
3.460000000000000000e+03
2.008000000000000000e+03
4.261000000000000000e+03
3.652000000000000000e+03
2.257000000000000000e+03
4.346000000000000000e+03
2.553000000000000000e+03
1.772000000000000000e+03
4.733000000000000000e+03
4.234000000000000000e+03
2.818000000000000000e+03
2.931000000000000000e+03
4.552000000000000000e+03
4.764000000000000000e+03
2.046000000000000000e+03
1.568000000000000000e+03
3.353000000000000000e+03
1.723000000000000000e+03
3.470000000000000000e+02
8.800000000000000000e+02
4.047000000000000000e+03
4.812000000000000000e+03
4.097000000000000000e+03
8.870000000000000000e+02
1.960000000000000000e+02
4.371000000000000000e+03
2.649000000000000000e+03
5.122000000000000000e+03
4.373000000000000000e+03
3.459000000000000000e+03
1.744000000000000000e+03
5.047000000000000000e+03
2.922000000000000000e+03
1.691000000000000000e+03
5.193000000000000000e+03
2.268000000000000000e+03
4.071000000000000000e+03
5.020000000000000000e+02
1.401000000000000000e+03
1.789000000000000000e+03
8.290000000000000000e+02
1.035000000000000000e+03
3.290000000000000000e+03
3.833000000000000000e+03
1.793000000000000000e+03
3.386000000000000000e+03
3.705000000000000000e+03
4.314000000000000000e+03
3.300000000000000000e+01
2.650000000000000000e+02
4.118000000000000000e+03
3.958000000000000000e+03
8.180000000000000000e+02
9.870000000000000000e+02
2.575000000000000000e+03
2.138000000000000000e+03
3.827000000000000000e+03
4.518000000000000000e+03
2.735000000000000000e+03
2.200000000000000000e+01
1.371000000000000000e+03
1.952000000000000000e+03
3.228000000000000000e+03
3.490000000000000000e+03
4.934000000000000000e+03
1.829000000000000000e+03
2.538000000000000000e+03
4.463000000000000000e+03
5.590000000000000000e+02
2.573000000000000000e+03
3.808000000000000000e+03
1.992000000000000000e+03
5.208000000000000000e+03
2.669000000000000000e+03
4.207000000000000000e+03
2.679000000000000000e+03
2.587000000000000000e+03
4.079000000000000000e+03
3.630000000000000000e+03
3.122000000000000000e+03
8.250000000000000000e+02
3.239000000000000000e+03
4.613000000000000000e+03
4.736000000000000000e+03
3.313000000000000000e+03
3.440000000000000000e+03
2.692000000000000000e+03
3.031000000000000000e+03
1.108000000000000000e+03
2.654000000000000000e+03
3.911000000000000000e+03
8.920000000000000000e+02
2.256000000000000000e+03
4.254000000000000000e+03
5.570000000000000000e+02
3.110000000000000000e+02
2.017000000000000000e+03
3.969000000000000000e+03
6.630000000000000000e+02
2.124000000000000000e+03
1.448000000000000000e+03
4.108000000000000000e+03
3.080000000000000000e+02
4.849000000000000000e+03
2.942000000000000000e+03
2.530000000000000000e+02
4.100000000000000000e+03
3.225000000000000000e+03
4.107000000000000000e+03
1.160000000000000000e+02
2.106000000000000000e+03
1.283000000000000000e+03
9.280000000000000000e+02
4.810000000000000000e+03
4.329000000000000000e+03
2.347000000000000000e+03
1.650000000000000000e+03
3.436000000000000000e+03
5.200000000000000000e+02
3.322000000000000000e+03
9.700000000000000000e+01
4.179000000000000000e+03
3.490000000000000000e+03
4.378000000000000000e+03
1.311000000000000000e+03
4.271000000000000000e+03
4.630000000000000000e+02
4.754000000000000000e+03
2.253000000000000000e+03
1.611000000000000000e+03
3.953000000000000000e+03
5.490000000000000000e+02
4.700000000000000000e+01
1.596000000000000000e+03
4.268000000000000000e+03
6.240000000000000000e+02
1.973000000000000000e+03
3.610000000000000000e+02
2.210000000000000000e+03
9.550000000000000000e+02
4.299000000000000000e+03
1.470000000000000000e+03
4.090000000000000000e+03
3.328000000000000000e+03
1.967000000000000000e+03
3.083000000000000000e+03
8.600000000000000000e+01
8.560000000000000000e+02
4.605000000000000000e+03
5.139000000000000000e+03
5.116000000000000000e+03
5.130000000000000000e+03
7.990000000000000000e+02
2.862000000000000000e+03
1.689000000000000000e+03
5.095000000000000000e+03
5.213000000000000000e+03
1.475000000000000000e+03
3.842000000000000000e+03
1.857000000000000000e+03
2.519000000000000000e+03
5.020000000000000000e+02
4.629000000000000000e+03
7.350000000000000000e+02
3.600000000000000000e+03
1.595000000000000000e+03
2.594000000000000000e+03
2.117000000000000000e+03
2.994000000000000000e+03
4.586000000000000000e+03
1.339000000000000000e+03
3.863000000000000000e+03
1.934000000000000000e+03
1.152000000000000000e+03
1.526000000000000000e+03
2.510000000000000000e+02
2.827000000000000000e+03
1.788000000000000000e+03
1.022000000000000000e+03
7.830000000000000000e+02
1.142000000000000000e+03
2.342000000000000000e+03
4.612000000000000000e+03
3.643000000000000000e+03
4.118000000000000000e+03
1.530000000000000000e+03
7.020000000000000000e+02
5.087000000000000000e+03
2.018000000000000000e+03
5.330000000000000000e+02
8.790000000000000000e+02
2.025000000000000000e+03
2.372000000000000000e+03
4.101000000000000000e+03
5.056000000000000000e+03
6.550000000000000000e+02
4.336000000000000000e+03
3.611000000000000000e+03
3.078000000000000000e+03
3.841000000000000000e+03
5.500000000000000000e+01
3.259000000000000000e+03
3.828000000000000000e+03
2.568000000000000000e+03
2.429000000000000000e+03
4.060000000000000000e+02
1.334000000000000000e+03
1.598000000000000000e+03
2.380000000000000000e+02
4.661000000000000000e+03
4.036000000000000000e+03
2.334000000000000000e+03
3.437000000000000000e+03
8.870000000000000000e+02
3.215000000000000000e+03
2.184000000000000000e+03
4.981000000000000000e+03
4.536000000000000000e+03
1.883000000000000000e+03
5.129000000000000000e+03
3.110000000000000000e+02
2.439000000000000000e+03
1.731000000000000000e+03
2.611000000000000000e+03
3.098000000000000000e+03
3.628000000000000000e+03
3.910000000000000000e+03
5.103000000000000000e+03
1.272000000000000000e+03
1.578000000000000000e+03
2.897000000000000000e+03
2.200000000000000000e+01
4.801000000000000000e+03
2.731000000000000000e+03
5.001000000000000000e+03
1.778000000000000000e+03
2.670000000000000000e+02
2.563000000000000000e+03
2.560000000000000000e+02
2.630000000000000000e+02
4.778000000000000000e+03
2.901000000000000000e+03
2.905000000000000000e+03
2.375000000000000000e+03
1.523000000000000000e+03
4.198000000000000000e+03
3.149000000000000000e+03
3.119000000000000000e+03
3.683000000000000000e+03
2.310000000000000000e+03
1.603000000000000000e+03
2.627000000000000000e+03
1.689000000000000000e+03
3.240000000000000000e+03
3.606000000000000000e+03
8.670000000000000000e+02
4.135000000000000000e+03
4.390000000000000000e+03
3.107000000000000000e+03
2.851000000000000000e+03
3.939000000000000000e+03
5.193000000000000000e+03
3.564000000000000000e+03
4.789000000000000000e+03
2.142000000000000000e+03
4.504000000000000000e+03
5.049000000000000000e+03
5.128000000000000000e+03
4.579000000000000000e+03
1.055000000000000000e+03
6.260000000000000000e+02
7.250000000000000000e+02
7.590000000000000000e+02
4.851000000000000000e+03
1.230000000000000000e+03
3.082000000000000000e+03
1.870000000000000000e+03
2.847000000000000000e+03
3.744000000000000000e+03
8.840000000000000000e+02
2.046000000000000000e+03
5.860000000000000000e+02
1.944000000000000000e+03
2.092000000000000000e+03
2.747000000000000000e+03
4.435000000000000000e+03
3.273000000000000000e+03
4.432000000000000000e+03
1.006000000000000000e+03
1.156000000000000000e+03
4.208000000000000000e+03
4.483000000000000000e+03
3.606000000000000000e+03
4.951000000000000000e+03
1.355000000000000000e+03
5.191000000000000000e+03
2.096000000000000000e+03
1.284000000000000000e+03
2.020000000000000000e+03
2.816000000000000000e+03
1.823000000000000000e+03
2.161000000000000000e+03
3.153000000000000000e+03
3.855000000000000000e+03
7.770000000000000000e+02
3.026000000000000000e+03
4.489000000000000000e+03
4.538000000000000000e+03
2.300000000000000000e+03
4.300000000000000000e+02
2.604000000000000000e+03
2.349000000000000000e+03
2.814000000000000000e+03
2.786000000000000000e+03
8.630000000000000000e+02
4.772000000000000000e+03
4.949000000000000000e+03
5.024000000000000000e+03
1.374000000000000000e+03
2.660000000000000000e+02
4.272000000000000000e+03
1.803000000000000000e+03
4.397000000000000000e+03
2.916000000000000000e+03
2.106000000000000000e+03
2.845000000000000000e+03
4.291000000000000000e+03
3.690000000000000000e+02
4.559000000000000000e+03
1.654000000000000000e+03
4.496000000000000000e+03
4.031000000000000000e+03
1.230000000000000000e+03
1.997000000000000000e+03
4.242000000000000000e+03
9.670000000000000000e+02
1.003000000000000000e+03
2.080000000000000000e+03
2.892000000000000000e+03
4.274000000000000000e+03
3.805000000000000000e+03
2.977000000000000000e+03
4.820000000000000000e+02
1.726000000000000000e+03
1.098000000000000000e+03
4.747000000000000000e+03
4.330000000000000000e+02
4.131000000000000000e+03
4.877000000000000000e+03
2.973000000000000000e+03
2.147000000000000000e+03
1.682000000000000000e+03
3.334000000000000000e+03
2.430000000000000000e+02
1.361000000000000000e+03
4.722000000000000000e+03
4.108000000000000000e+03
1.493000000000000000e+03
1.634000000000000000e+03
4.998000000000000000e+03
3.300000000000000000e+01
1.897000000000000000e+03
1.340000000000000000e+02
1.235000000000000000e+03
1.460000000000000000e+03
1.992000000000000000e+03
1.940000000000000000e+03
9.100000000000000000e+02
5.231000000000000000e+03
3.014000000000000000e+03
5.034000000000000000e+03
2.996000000000000000e+03
3.711000000000000000e+03
3.606000000000000000e+03
1.127000000000000000e+03
1.796000000000000000e+03
3.114000000000000000e+03
4.698000000000000000e+03
2.342000000000000000e+03
1.889000000000000000e+03
2.400000000000000000e+01
2.668000000000000000e+03
6.630000000000000000e+02
2.700000000000000000e+01
2.289000000000000000e+03
2.804000000000000000e+03
3.601000000000000000e+03
2.146000000000000000e+03
4.509000000000000000e+03
2.412000000000000000e+03
3.500000000000000000e+02
9.870000000000000000e+02
8.800000000000000000e+02
2.578000000000000000e+03
3.570000000000000000e+03
2.209000000000000000e+03
1.750000000000000000e+03
4.988000000000000000e+03
3.675000000000000000e+03
3.607000000000000000e+03
3.635000000000000000e+03
4.753000000000000000e+03
1.056000000000000000e+03
4.676000000000000000e+03
7.220000000000000000e+02
5.140000000000000000e+02
5.490000000000000000e+02
5.153000000000000000e+03
2.142000000000000000e+03
4.744000000000000000e+03
4.806000000000000000e+03
3.357000000000000000e+03
1.450000000000000000e+03
4.785000000000000000e+03
5.183000000000000000e+03
4.447000000000000000e+03
3.255000000000000000e+03
4.701000000000000000e+03
1.153000000000000000e+03
4.980000000000000000e+03
2.804000000000000000e+03
2.140000000000000000e+02
3.308000000000000000e+03
4.945000000000000000e+03
1.250000000000000000e+02
2.904000000000000000e+03
4.508000000000000000e+03
3.937000000000000000e+03
2.871000000000000000e+03
8.970000000000000000e+02
3.544000000000000000e+03
3.484000000000000000e+03
4.483000000000000000e+03
3.946000000000000000e+03
3.459000000000000000e+03
1.495000000000000000e+03
6.510000000000000000e+02
3.103000000000000000e+03
1.045000000000000000e+03
8.340000000000000000e+02
2.721000000000000000e+03
4.224000000000000000e+03
9.790000000000000000e+02
2.908000000000000000e+03
2.936000000000000000e+03
4.005000000000000000e+03
3.102000000000000000e+03
3.736000000000000000e+03
4.754000000000000000e+03
2.627000000000000000e+03
4.210000000000000000e+02
5.199000000000000000e+03
4.104000000000000000e+03
1.977000000000000000e+03
4.099000000000000000e+03
1.578000000000000000e+03
9.910000000000000000e+02
2.281000000000000000e+03
3.712000000000000000e+03
2.488000000000000000e+03
4.525000000000000000e+03
3.496000000000000000e+03
1.337000000000000000e+03
2.033000000000000000e+03
6.330000000000000000e+02
1.230000000000000000e+03
1.687000000000000000e+03
1.754000000000000000e+03
1.170000000000000000e+02
3.794000000000000000e+03
3.808000000000000000e+03
4.985000000000000000e+03
2.679000000000000000e+03
6.730000000000000000e+02
5.820000000000000000e+02
4.883000000000000000e+03
3.050000000000000000e+02
2.950000000000000000e+02
7.430000000000000000e+02
3.658000000000000000e+03
4.979000000000000000e+03
3.153000000000000000e+03
4.451000000000000000e+03
3.413000000000000000e+03
4.182000000000000000e+03
4.794000000000000000e+03
4.684000000000000000e+03
2.435000000000000000e+03
4.950000000000000000e+03
3.311000000000000000e+03
4.920000000000000000e+02
4.432000000000000000e+03
3.508000000000000000e+03
3.803000000000000000e+03
4.148000000000000000e+03
8.990000000000000000e+02
7.500000000000000000e+02
3.492000000000000000e+03
2.678000000000000000e+03
2.116000000000000000e+03
4.828000000000000000e+03
3.230000000000000000e+03
5.500000000000000000e+02
2.310000000000000000e+02
3.076000000000000000e+03
2.182000000000000000e+03
1.022000000000000000e+03
4.860000000000000000e+02
1.136000000000000000e+03
1.713000000000000000e+03
3.181000000000000000e+03
4.519000000000000000e+03
3.590000000000000000e+02
2.882000000000000000e+03
2.604000000000000000e+03
4.099000000000000000e+03
2.161000000000000000e+03
3.732000000000000000e+03
2.439000000000000000e+03
3.934000000000000000e+03
5.097000000000000000e+03
2.350000000000000000e+02
1.392000000000000000e+03
4.947000000000000000e+03
4.557000000000000000e+03
1.561000000000000000e+03
2.689000000000000000e+03
3.561000000000000000e+03
2.652000000000000000e+03
3.629000000000000000e+03
4.670000000000000000e+02
3.182000000000000000e+03
2.541000000000000000e+03
1.246000000000000000e+03
2.679000000000000000e+03
1.844000000000000000e+03
2.432000000000000000e+03
4.343000000000000000e+03
3.915000000000000000e+03
4.680000000000000000e+03
3.786000000000000000e+03
1.281000000000000000e+03
4.670000000000000000e+03
6.330000000000000000e+02
1.750000000000000000e+03
4.071000000000000000e+03
3.821000000000000000e+03
2.440000000000000000e+03
5.770000000000000000e+02
7.460000000000000000e+02
3.849000000000000000e+03
9.470000000000000000e+02
2.201000000000000000e+03
1.004000000000000000e+03
4.951000000000000000e+03
3.922000000000000000e+03
2.659000000000000000e+03
3.844000000000000000e+03
5.239000000000000000e+03
2.230000000000000000e+03
1.400000000000000000e+03
1.840000000000000000e+03
2.564000000000000000e+03
2.814000000000000000e+03
3.252000000000000000e+03
1.851000000000000000e+03
5.031000000000000000e+03
3.785000000000000000e+03
4.794000000000000000e+03
1.686000000000000000e+03
2.660000000000000000e+02
2.795000000000000000e+03
2.773000000000000000e+03
4.600000000000000000e+01
4.188000000000000000e+03
3.674000000000000000e+03
3.451000000000000000e+03
4.548000000000000000e+03
4.279000000000000000e+03
4.599000000000000000e+03
2.489000000000000000e+03
1.971000000000000000e+03
4.400000000000000000e+03
4.869000000000000000e+03
6.480000000000000000e+02
4.394000000000000000e+03
2.944000000000000000e+03
4.250000000000000000e+03
2.702000000000000000e+03
4.266000000000000000e+03
4.287000000000000000e+03
3.729000000000000000e+03
7.880000000000000000e+02
2.183000000000000000e+03
3.412000000000000000e+03
4.794000000000000000e+03
5.410000000000000000e+02
4.806000000000000000e+03
4.496000000000000000e+03
2.108000000000000000e+03
3.004000000000000000e+03
1.113000000000000000e+03
1.486000000000000000e+03
5.102000000000000000e+03
6.730000000000000000e+02
1.077000000000000000e+03
4.766000000000000000e+03
1.304000000000000000e+03
4.762000000000000000e+03
3.720000000000000000e+02
1.700000000000000000e+02
4.698000000000000000e+03
3.328000000000000000e+03
3.131000000000000000e+03
4.052000000000000000e+03
5.202000000000000000e+03
1.456000000000000000e+03
1.732000000000000000e+03
9.990000000000000000e+02
4.046000000000000000e+03
2.538000000000000000e+03
4.570000000000000000e+03
3.095000000000000000e+03
3.335000000000000000e+03
4.287000000000000000e+03
4.297000000000000000e+03
4.210000000000000000e+03
1.918000000000000000e+03
1.319000000000000000e+03
4.127000000000000000e+03
3.200000000000000000e+03
4.474000000000000000e+03
2.927000000000000000e+03
1.298000000000000000e+03
1.591000000000000000e+03
8.370000000000000000e+02
3.584000000000000000e+03
3.047000000000000000e+03
2.631000000000000000e+03
1.756000000000000000e+03
8.610000000000000000e+02
2.998000000000000000e+03
3.712000000000000000e+03
1.066000000000000000e+03
5.370000000000000000e+02
5.137000000000000000e+03
2.103000000000000000e+03
4.410000000000000000e+02
3.733000000000000000e+03
1.565000000000000000e+03
1.721000000000000000e+03
1.864000000000000000e+03
2.909000000000000000e+03
2.385000000000000000e+03
4.164000000000000000e+03
2.990000000000000000e+02
1.565000000000000000e+03
3.590000000000000000e+02
7.480000000000000000e+02
1.917000000000000000e+03
1.710000000000000000e+02
9.190000000000000000e+02
1.794000000000000000e+03
4.566000000000000000e+03
2.002000000000000000e+03
3.359000000000000000e+03
4.440000000000000000e+03
2.510000000000000000e+03
3.257000000000000000e+03
1.967000000000000000e+03
5.310000000000000000e+02
1.390000000000000000e+03
2.543000000000000000e+03
4.953000000000000000e+03
2.580000000000000000e+02
3.755000000000000000e+03
6.180000000000000000e+02
1.374000000000000000e+03
2.026000000000000000e+03
4.150000000000000000e+03
2.519000000000000000e+03
4.888000000000000000e+03
3.611000000000000000e+03
4.292000000000000000e+03
3.701000000000000000e+03
4.852000000000000000e+03
9.580000000000000000e+02
1.780000000000000000e+02
4.800000000000000000e+01
1.077000000000000000e+03
1.696000000000000000e+03
4.799000000000000000e+03
6.650000000000000000e+02
5.164000000000000000e+03
2.247000000000000000e+03
4.546000000000000000e+03
1.262000000000000000e+03
3.580000000000000000e+03
1.978000000000000000e+03
3.437000000000000000e+03
6.780000000000000000e+02
4.942000000000000000e+03
8.730000000000000000e+02
1.310000000000000000e+02
5.039000000000000000e+03
3.601000000000000000e+03
2.716000000000000000e+03
3.335000000000000000e+03
2.046000000000000000e+03
2.210000000000000000e+03
2.507000000000000000e+03
4.048000000000000000e+03
4.426000000000000000e+03
4.119000000000000000e+03
2.532000000000000000e+03
2.012000000000000000e+03
2.014000000000000000e+03
8.600000000000000000e+01
3.510000000000000000e+03
4.593000000000000000e+03
1.210000000000000000e+03
8.050000000000000000e+02
3.064000000000000000e+03
3.399000000000000000e+03
2.624000000000000000e+03
8.800000000000000000e+02
4.931000000000000000e+03
3.943000000000000000e+03
6.730000000000000000e+02
4.267000000000000000e+03
5.052000000000000000e+03
2.226000000000000000e+03
3.005000000000000000e+03
9.610000000000000000e+02
2.152000000000000000e+03
4.625000000000000000e+03
2.250000000000000000e+03
1.305000000000000000e+03
3.772000000000000000e+03
3.488000000000000000e+03
5.234000000000000000e+03
2.183000000000000000e+03
1.853000000000000000e+03
8.770000000000000000e+02
4.273000000000000000e+03
4.522000000000000000e+03
5.067000000000000000e+03
1.627000000000000000e+03
4.898000000000000000e+03
4.490000000000000000e+03
7.490000000000000000e+02
1.971000000000000000e+03
2.321000000000000000e+03
4.761000000000000000e+03
1.053000000000000000e+03
2.255000000000000000e+03
8.670000000000000000e+02
2.688000000000000000e+03
1.469000000000000000e+03
3.706000000000000000e+03
1.503000000000000000e+03
4.698000000000000000e+03
2.775000000000000000e+03
2.886000000000000000e+03
4.869000000000000000e+03
1.440000000000000000e+02
2.799000000000000000e+03
5.112000000000000000e+03
3.034000000000000000e+03
5.112000000000000000e+03
4.062000000000000000e+03
2.685000000000000000e+03
5.000000000000000000e+03
2.292000000000000000e+03
1.283000000000000000e+03
4.257000000000000000e+03
2.844000000000000000e+03
2.679000000000000000e+03
1.323000000000000000e+03
1.350000000000000000e+02
1.947000000000000000e+03
4.313000000000000000e+03
8.850000000000000000e+02
3.060000000000000000e+03
2.889000000000000000e+03
5.193000000000000000e+03
3.484000000000000000e+03
1.902000000000000000e+03
3.486000000000000000e+03
2.823000000000000000e+03
4.443000000000000000e+03
1.813000000000000000e+03
2.993000000000000000e+03
3.787000000000000000e+03
3.239000000000000000e+03
2.555000000000000000e+03
3.678000000000000000e+03
3.882000000000000000e+03
1.464000000000000000e+03
3.427000000000000000e+03
2.737000000000000000e+03
7.180000000000000000e+02
2.229000000000000000e+03
3.750000000000000000e+02
7.100000000000000000e+01
2.398000000000000000e+03
4.324000000000000000e+03
4.210000000000000000e+02
1.141000000000000000e+03
4.469000000000000000e+03
2.875000000000000000e+03
2.327000000000000000e+03
2.588000000000000000e+03
5.097000000000000000e+03
3.668000000000000000e+03
1.929000000000000000e+03
9.310000000000000000e+02
4.559000000000000000e+03
9.890000000000000000e+02
2.656000000000000000e+03
2.845000000000000000e+03
2.524000000000000000e+03
5.037000000000000000e+03
3.074000000000000000e+03
4.689000000000000000e+03
1.062000000000000000e+03
3.811000000000000000e+03
3.365000000000000000e+03
1.583000000000000000e+03
3.869000000000000000e+03
1.732000000000000000e+03
1.875000000000000000e+03
1.288000000000000000e+03
3.838000000000000000e+03
3.004000000000000000e+03
4.491000000000000000e+03
3.180000000000000000e+02
2.981000000000000000e+03
1.100000000000000000e+03
6.940000000000000000e+02
1.416000000000000000e+03
2.635000000000000000e+03
4.200000000000000000e+02
2.595000000000000000e+03
2.607000000000000000e+03
4.953000000000000000e+03
1.453000000000000000e+03
1.541000000000000000e+03
1.469000000000000000e+03
2.060000000000000000e+03
3.185000000000000000e+03
3.574000000000000000e+03
5.154000000000000000e+03
3.690000000000000000e+02
4.908000000000000000e+03
7.710000000000000000e+02
9.620000000000000000e+02
3.270000000000000000e+03
4.678000000000000000e+03
4.762000000000000000e+03
2.404000000000000000e+03
4.061000000000000000e+03
2.693000000000000000e+03
1.640000000000000000e+03
8.110000000000000000e+02
4.334000000000000000e+03
4.880000000000000000e+02
2.778000000000000000e+03
4.880000000000000000e+03
3.712000000000000000e+03
2.573000000000000000e+03
2.724000000000000000e+03
3.784000000000000000e+03
2.017000000000000000e+03
1.701000000000000000e+03
3.961000000000000000e+03
4.597000000000000000e+03
2.096000000000000000e+03
1.058000000000000000e+03
3.910000000000000000e+02
1.000000000000000000e+02
4.122000000000000000e+03
1.835000000000000000e+03
2.326000000000000000e+03
4.801000000000000000e+03
5.036000000000000000e+03
4.019000000000000000e+03
3.620000000000000000e+03
2.376000000000000000e+03
2.501000000000000000e+03
1.864000000000000000e+03
3.392000000000000000e+03
6.530000000000000000e+02
3.352000000000000000e+03
5.021000000000000000e+03
2.921000000000000000e+03
1.488000000000000000e+03
3.498000000000000000e+03
4.174000000000000000e+03
1.815000000000000000e+03
1.667000000000000000e+03
1.385000000000000000e+03
1.776000000000000000e+03
3.269000000000000000e+03
2.710000000000000000e+03
1.070000000000000000e+02
3.067000000000000000e+03
3.584000000000000000e+03
2.544000000000000000e+03
1.818000000000000000e+03
1.367000000000000000e+03
1.998000000000000000e+03
1.652000000000000000e+03
5.086000000000000000e+03
5.180000000000000000e+03
1.700000000000000000e+02
9.890000000000000000e+02
1.675000000000000000e+03
6.610000000000000000e+02
4.850000000000000000e+03
2.079000000000000000e+03
2.672000000000000000e+03
4.752000000000000000e+03
3.601000000000000000e+03
2.310000000000000000e+02
6.980000000000000000e+02
4.968000000000000000e+03
3.218000000000000000e+03
3.406000000000000000e+03
4.194000000000000000e+03
1.000000000000000000e+00
4.221000000000000000e+03
1.564000000000000000e+03
1.315000000000000000e+03
3.607000000000000000e+03
3.831000000000000000e+03
4.030000000000000000e+02
3.417000000000000000e+03
2.956000000000000000e+03
8.730000000000000000e+02
2.993000000000000000e+03
5.182000000000000000e+03
3.027000000000000000e+03
1.085000000000000000e+03
4.837000000000000000e+03
1.506000000000000000e+03
2.792000000000000000e+03
1.774000000000000000e+03
1.154000000000000000e+03
3.430000000000000000e+03
4.790000000000000000e+02
4.777000000000000000e+03
1.066000000000000000e+03
1.722000000000000000e+03
2.250000000000000000e+03
4.415000000000000000e+03
1.208000000000000000e+03
1.864000000000000000e+03
8.930000000000000000e+02
1.107000000000000000e+03
3.604000000000000000e+03
7.890000000000000000e+02
2.538000000000000000e+03
4.337000000000000000e+03
1.875000000000000000e+03
1.600000000000000000e+02
3.922000000000000000e+03
5.830000000000000000e+02
4.991000000000000000e+03
2.148000000000000000e+03
2.185000000000000000e+03
2.292000000000000000e+03
4.757000000000000000e+03
1.081000000000000000e+03
1.373000000000000000e+03
3.050000000000000000e+02
6.800000000000000000e+02
4.214000000000000000e+03
3.736000000000000000e+03
9.500000000000000000e+02
2.821000000000000000e+03
2.893000000000000000e+03
2.430000000000000000e+02
1.469000000000000000e+03
1.295000000000000000e+03
2.300000000000000000e+02
3.568000000000000000e+03
3.785000000000000000e+03
4.686000000000000000e+03
1.631000000000000000e+03
2.860000000000000000e+02
8.450000000000000000e+02
1.030000000000000000e+02
3.656000000000000000e+03
3.628000000000000000e+03
2.711000000000000000e+03
2.810000000000000000e+03
3.181000000000000000e+03
2.210000000000000000e+03
6.780000000000000000e+02
5.021000000000000000e+03
1.226000000000000000e+03
9.210000000000000000e+02
3.062000000000000000e+03
1.504000000000000000e+03
3.688000000000000000e+03
2.254000000000000000e+03
4.733000000000000000e+03
1.270000000000000000e+03
3.980000000000000000e+02
3.590000000000000000e+03
2.161000000000000000e+03
4.026000000000000000e+03
3.896000000000000000e+03
1.493000000000000000e+03
2.811000000000000000e+03
4.913000000000000000e+03
1.502000000000000000e+03
1.491000000000000000e+03
9.900000000000000000e+02
1.554000000000000000e+03
4.629000000000000000e+03
4.716000000000000000e+03
3.840000000000000000e+03
2.422000000000000000e+03
1.481000000000000000e+03
2.352000000000000000e+03
4.062000000000000000e+03
2.553000000000000000e+03
1.678000000000000000e+03
2.303000000000000000e+03
1.336000000000000000e+03
8.160000000000000000e+02
4.238000000000000000e+03
1.674000000000000000e+03
2.604000000000000000e+03
3.286000000000000000e+03
3.281000000000000000e+03
1.467000000000000000e+03
4.320000000000000000e+03
2.242000000000000000e+03
2.003000000000000000e+03
4.300000000000000000e+03
3.310000000000000000e+03
2.326000000000000000e+03
2.409000000000000000e+03
4.006000000000000000e+03
1.992000000000000000e+03
4.480000000000000000e+02
4.804000000000000000e+03
1.034000000000000000e+03
2.745000000000000000e+03
5.490000000000000000e+02
6.370000000000000000e+02
2.693000000000000000e+03
3.590000000000000000e+02
5.139000000000000000e+03
3.110000000000000000e+02
3.417000000000000000e+03
1.555000000000000000e+03
1.453000000000000000e+03
2.578000000000000000e+03
5.027000000000000000e+03
1.036000000000000000e+03
4.210000000000000000e+02
3.828000000000000000e+03
4.540000000000000000e+02
2.513000000000000000e+03
3.913000000000000000e+03
2.209000000000000000e+03
3.976000000000000000e+03
3.844000000000000000e+03
3.173000000000000000e+03
5.011000000000000000e+03
1.689000000000000000e+03
1.398000000000000000e+03
4.142000000000000000e+03
2.892000000000000000e+03
2.656000000000000000e+03
4.081000000000000000e+03
3.685000000000000000e+03
3.951000000000000000e+03
3.481000000000000000e+03
8.640000000000000000e+02
4.801000000000000000e+03
4.313000000000000000e+03
5.029000000000000000e+03
4.908000000000000000e+03
4.079000000000000000e+03
3.698000000000000000e+03
2.433000000000000000e+03
1.419000000000000000e+03
4.903000000000000000e+03
1.438000000000000000e+03
4.640000000000000000e+03
5.017000000000000000e+03
2.542000000000000000e+03
4.777000000000000000e+03
2.939000000000000000e+03
1.049000000000000000e+03
2.157000000000000000e+03
3.981000000000000000e+03
1.372000000000000000e+03
1.524000000000000000e+03
2.560000000000000000e+02
3.204000000000000000e+03
2.512000000000000000e+03
3.480000000000000000e+02
4.739000000000000000e+03
1.943000000000000000e+03
3.240000000000000000e+03
4.181000000000000000e+03
6.430000000000000000e+02
4.030000000000000000e+03
4.289000000000000000e+03
3.413000000000000000e+03
7.990000000000000000e+02
2.324000000000000000e+03
4.397000000000000000e+03
2.512000000000000000e+03
4.674000000000000000e+03
4.532000000000000000e+03
7.380000000000000000e+02
7.310000000000000000e+02
2.739000000000000000e+03
5.056000000000000000e+03
3.331000000000000000e+03
3.726000000000000000e+03
3.499000000000000000e+03
2.761000000000000000e+03
5.171000000000000000e+03
1.169000000000000000e+03
7.400000000000000000e+02
2.916000000000000000e+03
2.305000000000000000e+03
1.984000000000000000e+03
3.564000000000000000e+03
3.873000000000000000e+03
3.420000000000000000e+03
5.026000000000000000e+03
3.962000000000000000e+03
2.666000000000000000e+03
1.095000000000000000e+03
4.154000000000000000e+03
4.483000000000000000e+03
1.824000000000000000e+03
3.790000000000000000e+03
8.000000000000000000e+00
4.847000000000000000e+03
3.700000000000000000e+01
1.231000000000000000e+03
1.066000000000000000e+03
2.870000000000000000e+02
6.200000000000000000e+02
3.939000000000000000e+03
8.590000000000000000e+02
1.060000000000000000e+02
4.056000000000000000e+03
3.349000000000000000e+03
1.869000000000000000e+03
2.136000000000000000e+03
1.864000000000000000e+03
1.007000000000000000e+03
3.572000000000000000e+03
1.016000000000000000e+03
4.821000000000000000e+03
3.961000000000000000e+03
4.708000000000000000e+03
1.808000000000000000e+03
3.269000000000000000e+03
1.426000000000000000e+03
4.279000000000000000e+03
1.937000000000000000e+03
2.770000000000000000e+02
1.566000000000000000e+03
3.323000000000000000e+03
4.031000000000000000e+03
4.500000000000000000e+03
4.156000000000000000e+03
4.971000000000000000e+03
1.997000000000000000e+03
2.239000000000000000e+03
1.958000000000000000e+03
1.476000000000000000e+03
4.625000000000000000e+03
2.717000000000000000e+03
6.370000000000000000e+02
3.474000000000000000e+03
4.559000000000000000e+03
4.495000000000000000e+03
5.980000000000000000e+02
5.134000000000000000e+03
3.872000000000000000e+03
4.449000000000000000e+03
1.620000000000000000e+02
4.008000000000000000e+03
2.171000000000000000e+03
4.590000000000000000e+02
3.896000000000000000e+03
3.526000000000000000e+03
1.433000000000000000e+03
2.745000000000000000e+03
3.117000000000000000e+03
5.490000000000000000e+02
7.400000000000000000e+02
5.149000000000000000e+03
3.541000000000000000e+03
3.038000000000000000e+03
1.870000000000000000e+02
3.000000000000000000e+03
2.108000000000000000e+03
9.220000000000000000e+02
3.103000000000000000e+03
3.378000000000000000e+03
3.786000000000000000e+03
7.400000000000000000e+02
4.919000000000000000e+03
4.536000000000000000e+03
3.547000000000000000e+03
4.931000000000000000e+03
3.940000000000000000e+02
4.869000000000000000e+03
2.701000000000000000e+03
2.780000000000000000e+02
1.153000000000000000e+03
5.197000000000000000e+03
1.422000000000000000e+03
3.292000000000000000e+03
3.206000000000000000e+03
4.115000000000000000e+03
2.825000000000000000e+03
3.884000000000000000e+03
4.602000000000000000e+03
1.364000000000000000e+03
5.234000000000000000e+03
4.433000000000000000e+03
1.994000000000000000e+03
2.429000000000000000e+03
8.130000000000000000e+02
1.416000000000000000e+03
2.185000000000000000e+03
7.000000000000000000e+02
2.262000000000000000e+03
9.500000000000000000e+01
4.799000000000000000e+03
4.697000000000000000e+03
3.446000000000000000e+03
3.253000000000000000e+03
3.899000000000000000e+03
3.770000000000000000e+03
1.145000000000000000e+03
1.070000000000000000e+03
6.510000000000000000e+02
3.013000000000000000e+03
1.977000000000000000e+03
2.523000000000000000e+03
4.656000000000000000e+03
4.028000000000000000e+03
5.205000000000000000e+03
1.968000000000000000e+03
1.709000000000000000e+03
1.960000000000000000e+03
1.076000000000000000e+03
1.829000000000000000e+03
3.765000000000000000e+03
8.800000000000000000e+02
4.927000000000000000e+03
6.170000000000000000e+02
2.064000000000000000e+03
4.730000000000000000e+03
4.165000000000000000e+03
3.004000000000000000e+03
1.920000000000000000e+03
4.089000000000000000e+03
4.430000000000000000e+02
4.410000000000000000e+03
1.895000000000000000e+03
4.002000000000000000e+03
2.013000000000000000e+03
3.240000000000000000e+03
5.870000000000000000e+02
4.256000000000000000e+03
1.031000000000000000e+03
4.620000000000000000e+02
4.111000000000000000e+03
6.300000000000000000e+02
1.400000000000000000e+01
5.200000000000000000e+01
3.379000000000000000e+03
4.837000000000000000e+03
4.107000000000000000e+03
8.700000000000000000e+02
1.235000000000000000e+03
4.807000000000000000e+03
2.845000000000000000e+03
2.191000000000000000e+03
3.874000000000000000e+03
1.229000000000000000e+03
1.065000000000000000e+03
1.044000000000000000e+03
3.490000000000000000e+03
1.194000000000000000e+03
6.460000000000000000e+02
1.924000000000000000e+03
3.299000000000000000e+03
3.492000000000000000e+03
4.780000000000000000e+03
4.372000000000000000e+03
3.112000000000000000e+03
1.300000000000000000e+02
2.773000000000000000e+03
4.182000000000000000e+03
4.376000000000000000e+03
3.649000000000000000e+03
1.122000000000000000e+03
2.849000000000000000e+03
2.737000000000000000e+03
1.903000000000000000e+03
5.113000000000000000e+03
1.869000000000000000e+03
2.818000000000000000e+03
4.538000000000000000e+03
4.114000000000000000e+03
9.560000000000000000e+02
3.043000000000000000e+03
3.472000000000000000e+03
3.495000000000000000e+03
1.142000000000000000e+03
1.886000000000000000e+03
4.888000000000000000e+03
6.510000000000000000e+02
4.954000000000000000e+03
3.335000000000000000e+03
4.720000000000000000e+03
1.368000000000000000e+03
3.632000000000000000e+03
2.871000000000000000e+03
3.537000000000000000e+03
4.394000000000000000e+03
9.700000000000000000e+01
3.094000000000000000e+03
1.380000000000000000e+02
2.881000000000000000e+03
4.741000000000000000e+03
1.425000000000000000e+03
3.553000000000000000e+03
7.680000000000000000e+02
8.450000000000000000e+02
1.155000000000000000e+03
2.881000000000000000e+03
2.624000000000000000e+03
3.484000000000000000e+03
3.481000000000000000e+03
1.081000000000000000e+03
2.780000000000000000e+02
1.951000000000000000e+03
2.899000000000000000e+03
4.520000000000000000e+02
3.919000000000000000e+03
9.240000000000000000e+02
4.103000000000000000e+03
1.328000000000000000e+03
2.465000000000000000e+03
4.300000000000000000e+01
5.130000000000000000e+03
2.882000000000000000e+03
3.300000000000000000e+01
2.278000000000000000e+03
4.682000000000000000e+03
3.191000000000000000e+03
2.553000000000000000e+03
1.470000000000000000e+02
4.076000000000000000e+03
1.776000000000000000e+03
4.964000000000000000e+03
2.351000000000000000e+03
2.708000000000000000e+03
4.398000000000000000e+03
4.625000000000000000e+03
3.081000000000000000e+03
5.600000000000000000e+01
5.101000000000000000e+03
3.248000000000000000e+03
4.340000000000000000e+03
2.235000000000000000e+03
2.353000000000000000e+03
4.106000000000000000e+03
9.320000000000000000e+02
3.634000000000000000e+03
5.790000000000000000e+02
3.551000000000000000e+03
2.860000000000000000e+03
4.838000000000000000e+03
1.090000000000000000e+03
2.270000000000000000e+03
4.580000000000000000e+02
2.421000000000000000e+03
3.217000000000000000e+03
3.131000000000000000e+03
1.130000000000000000e+02
1.815000000000000000e+03
4.123000000000000000e+03
2.226000000000000000e+03
5.700000000000000000e+01
2.106000000000000000e+03
1.131000000000000000e+03
1.770000000000000000e+02
4.322000000000000000e+03
1.942000000000000000e+03
1.457000000000000000e+03
6.660000000000000000e+02
2.503000000000000000e+03
4.922000000000000000e+03
5.207000000000000000e+03
2.406000000000000000e+03
1.107000000000000000e+03
3.460000000000000000e+02
2.470000000000000000e+03
1.847000000000000000e+03
4.313000000000000000e+03
6.050000000000000000e+02
8.330000000000000000e+02
2.845000000000000000e+03
4.160000000000000000e+03
4.430000000000000000e+03
3.819000000000000000e+03
3.212000000000000000e+03
4.117000000000000000e+03
4.900000000000000000e+02
8.690000000000000000e+02
4.712000000000000000e+03
2.351000000000000000e+03
1.035000000000000000e+03
4.719000000000000000e+03
1.100000000000000000e+03
4.294000000000000000e+03
6.980000000000000000e+02
5.187000000000000000e+03
4.546000000000000000e+03
1.560000000000000000e+03
6.650000000000000000e+02
3.742000000000000000e+03
4.681000000000000000e+03
2.117000000000000000e+03
6.480000000000000000e+02
5.002000000000000000e+03
1.258000000000000000e+03
5.970000000000000000e+02
3.863000000000000000e+03
4.164000000000000000e+03
3.585000000000000000e+03
4.458000000000000000e+03
4.849000000000000000e+03
1.729000000000000000e+03
2.083000000000000000e+03
4.630000000000000000e+03
2.552000000000000000e+03
3.356000000000000000e+03
4.758000000000000000e+03
2.518000000000000000e+03
2.562000000000000000e+03
1.858000000000000000e+03
4.419000000000000000e+03
2.120000000000000000e+03
4.639000000000000000e+03
3.831000000000000000e+03
3.130000000000000000e+03
1.141000000000000000e+03
4.246000000000000000e+03
3.674000000000000000e+03
4.898000000000000000e+03
1.180000000000000000e+02
2.014000000000000000e+03
4.481000000000000000e+03
1.921000000000000000e+03
2.760000000000000000e+03
2.656000000000000000e+03
3.470000000000000000e+03
4.633000000000000000e+03
9.280000000000000000e+02
2.291000000000000000e+03
1.098000000000000000e+03
2.923000000000000000e+03
2.844000000000000000e+03
4.929000000000000000e+03
8.840000000000000000e+02
6.790000000000000000e+02
2.860000000000000000e+02
4.852000000000000000e+03
4.168000000000000000e+03
3.291000000000000000e+03
4.775000000000000000e+03
2.590000000000000000e+03
4.672000000000000000e+03
4.252000000000000000e+03
1.432000000000000000e+03
1.284000000000000000e+03
3.548000000000000000e+03
4.614000000000000000e+03
1.240000000000000000e+02
2.278000000000000000e+03
2.500000000000000000e+02
3.630000000000000000e+02
1.535000000000000000e+03
4.937000000000000000e+03
1.486000000000000000e+03
1.475000000000000000e+03
4.920000000000000000e+03
2.917000000000000000e+03
1.753000000000000000e+03
2.838000000000000000e+03
8.000000000000000000e+02
3.688000000000000000e+03
7.000000000000000000e+02
9.230000000000000000e+02
3.328000000000000000e+03
1.130000000000000000e+02
1.975000000000000000e+03
4.370000000000000000e+03
1.481000000000000000e+03
3.947000000000000000e+03
8.060000000000000000e+02
4.075000000000000000e+03
2.006000000000000000e+03
4.483000000000000000e+03
5.101000000000000000e+03
2.698000000000000000e+03
4.909000000000000000e+03
2.887000000000000000e+03
1.154000000000000000e+03
2.604000000000000000e+03
1.433000000000000000e+03
2.783000000000000000e+03
4.987000000000000000e+03
2.030000000000000000e+03
1.940000000000000000e+03
2.580000000000000000e+03
4.011000000000000000e+03
1.390000000000000000e+02
3.812000000000000000e+03
4.987000000000000000e+03
6.700000000000000000e+02
1.542000000000000000e+03
1.151000000000000000e+03
4.021000000000000000e+03
2.079000000000000000e+03
4.374000000000000000e+03
5.061000000000000000e+03
1.608000000000000000e+03
4.275000000000000000e+03
4.069000000000000000e+03
7.890000000000000000e+02
1.066000000000000000e+03
2.300000000000000000e+03
2.023000000000000000e+03
3.360000000000000000e+02
9.340000000000000000e+02
4.340000000000000000e+02
3.008000000000000000e+03
3.191000000000000000e+03
5.100000000000000000e+02
2.095000000000000000e+03
1.755000000000000000e+03
1.162000000000000000e+03
4.910000000000000000e+02
1.033000000000000000e+03
2.134000000000000000e+03
2.744000000000000000e+03
4.607000000000000000e+03
1.080000000000000000e+03
2.839000000000000000e+03
4.125000000000000000e+03
4.729000000000000000e+03
9.960000000000000000e+02
4.560000000000000000e+02
8.000000000000000000e+00
5.130000000000000000e+02
4.413000000000000000e+03
2.433000000000000000e+03
1.950000000000000000e+02
5.077000000000000000e+03
3.995000000000000000e+03
6.320000000000000000e+02
1.329000000000000000e+03
1.797000000000000000e+03
2.996000000000000000e+03
3.480000000000000000e+03
2.746000000000000000e+03
4.430000000000000000e+02
1.230000000000000000e+02
5.980000000000000000e+02
2.156000000000000000e+03
3.087000000000000000e+03
3.413000000000000000e+03
4.929000000000000000e+03
7.680000000000000000e+02
2.501000000000000000e+03
3.513000000000000000e+03
2.020000000000000000e+02
2.870000000000000000e+03
5.149000000000000000e+03
4.114000000000000000e+03
4.602000000000000000e+03
2.452000000000000000e+03
2.726000000000000000e+03
3.285000000000000000e+03
2.951000000000000000e+03
1.304000000000000000e+03
4.159000000000000000e+03
2.263000000000000000e+03
1.227000000000000000e+03
3.957000000000000000e+03
5.136000000000000000e+03
3.004000000000000000e+03
3.107000000000000000e+03
3.618000000000000000e+03
3.153000000000000000e+03
4.456000000000000000e+03
2.057000000000000000e+03
3.761000000000000000e+03
2.753000000000000000e+03
1.500000000000000000e+02
4.646000000000000000e+03
1.076000000000000000e+03
5.100000000000000000e+02
2.593000000000000000e+03
1.262000000000000000e+03
3.910000000000000000e+02
7.110000000000000000e+02
4.470000000000000000e+03
1.124000000000000000e+03
1.542000000000000000e+03
3.560000000000000000e+03
2.150000000000000000e+03
4.521000000000000000e+03
3.690000000000000000e+02
4.712000000000000000e+03
1.820000000000000000e+02
1.280000000000000000e+03
1.230000000000000000e+02
4.323000000000000000e+03
4.520000000000000000e+02
3.695000000000000000e+03
1.724000000000000000e+03
1.059000000000000000e+03
3.889000000000000000e+03
1.879000000000000000e+03
2.395000000000000000e+03
1.819000000000000000e+03
2.112000000000000000e+03
3.190000000000000000e+02
8.900000000000000000e+02
8.760000000000000000e+02
3.811000000000000000e+03
4.168000000000000000e+03
4.415000000000000000e+03
3.223000000000000000e+03
4.879000000000000000e+03
2.469000000000000000e+03
3.637000000000000000e+03
2.402000000000000000e+03
3.525000000000000000e+03
1.322000000000000000e+03
3.929000000000000000e+03
6.160000000000000000e+02
4.233000000000000000e+03
4.265000000000000000e+03
2.121000000000000000e+03
1.566000000000000000e+03
4.139000000000000000e+03
3.688000000000000000e+03
1.166000000000000000e+03
4.037000000000000000e+03
3.564000000000000000e+03
7.730000000000000000e+02
5.310000000000000000e+02
3.930000000000000000e+02
3.444000000000000000e+03
4.164000000000000000e+03
2.850000000000000000e+03
4.970000000000000000e+03
4.928000000000000000e+03
5.160000000000000000e+02
4.240000000000000000e+03
1.830000000000000000e+02
2.495000000000000000e+03
6.560000000000000000e+02
1.179000000000000000e+03
1.118000000000000000e+03
3.734000000000000000e+03
3.200000000000000000e+01
3.384000000000000000e+03
4.174000000000000000e+03
2.228000000000000000e+03
3.916000000000000000e+03
3.963000000000000000e+03
4.663000000000000000e+03
7.570000000000000000e+02
1.229000000000000000e+03
4.918000000000000000e+03
1.660000000000000000e+03
2.881000000000000000e+03
2.730000000000000000e+02
2.480000000000000000e+02
1.966000000000000000e+03
4.389000000000000000e+03
5.177000000000000000e+03
5.034000000000000000e+03
2.250000000000000000e+02
4.842000000000000000e+03
4.543000000000000000e+03
5.029000000000000000e+03
3.289000000000000000e+03
4.287000000000000000e+03
1.555000000000000000e+03
2.532000000000000000e+03
3.338000000000000000e+03
2.806000000000000000e+03
1.122000000000000000e+03
4.512000000000000000e+03
3.588000000000000000e+03
2.944000000000000000e+03
5.930000000000000000e+02
2.851000000000000000e+03
1.520000000000000000e+03
3.251000000000000000e+03
4.549000000000000000e+03
4.847000000000000000e+03
8.180000000000000000e+02
1.580000000000000000e+03
3.710000000000000000e+02
4.080000000000000000e+02
1.091000000000000000e+03
5.072000000000000000e+03
2.186000000000000000e+03
2.684000000000000000e+03
4.527000000000000000e+03
4.980000000000000000e+02
3.402000000000000000e+03
1.995000000000000000e+03
3.002000000000000000e+03
8.130000000000000000e+02
5.440000000000000000e+02
1.429000000000000000e+03
3.124000000000000000e+03
6.120000000000000000e+02
4.825000000000000000e+03
3.014000000000000000e+03
2.195000000000000000e+03
2.660000000000000000e+02
3.132000000000000000e+03
2.673000000000000000e+03
2.353000000000000000e+03
1.722000000000000000e+03
2.042000000000000000e+03
1.476000000000000000e+03
1.694000000000000000e+03
4.898000000000000000e+03
1.796000000000000000e+03
4.280000000000000000e+02
1.758000000000000000e+03
3.026000000000000000e+03
1.917000000000000000e+03
7.600000000000000000e+02
4.627000000000000000e+03
4.930000000000000000e+02
3.366000000000000000e+03
2.200000000000000000e+03
3.555000000000000000e+03
7.840000000000000000e+02
1.201000000000000000e+03
2.770000000000000000e+03
3.397000000000000000e+03
3.515000000000000000e+03
4.268000000000000000e+03
5.161000000000000000e+03
2.355000000000000000e+03
3.980000000000000000e+03
1.169000000000000000e+03
3.400000000000000000e+03
3.082000000000000000e+03
7.610000000000000000e+02
4.892000000000000000e+03
4.760000000000000000e+02
3.858000000000000000e+03
3.800000000000000000e+03
2.708000000000000000e+03
1.662000000000000000e+03
2.332000000000000000e+03
3.687000000000000000e+03
9.930000000000000000e+02
4.900000000000000000e+01
7.140000000000000000e+02
4.549000000000000000e+03
5.088000000000000000e+03
1.390000000000000000e+03
4.410000000000000000e+02
1.236000000000000000e+03
4.203000000000000000e+03
3.348000000000000000e+03
3.580000000000000000e+03
2.730000000000000000e+02
1.010000000000000000e+03
1.345000000000000000e+03
1.708000000000000000e+03
5.199000000000000000e+03
1.846000000000000000e+03
3.463000000000000000e+03
2.173000000000000000e+03
3.662000000000000000e+03
2.380000000000000000e+03
8.950000000000000000e+02
2.683000000000000000e+03
3.813000000000000000e+03
3.813000000000000000e+03
4.660000000000000000e+02
3.863000000000000000e+03
2.201000000000000000e+03
3.819000000000000000e+03
4.878000000000000000e+03
1.911000000000000000e+03
3.685000000000000000e+03
2.200000000000000000e+03
2.237000000000000000e+03
4.947000000000000000e+03
7.460000000000000000e+02
4.640000000000000000e+02
4.880000000000000000e+02
4.423000000000000000e+03
4.776000000000000000e+03
3.960000000000000000e+03
5.153000000000000000e+03
3.492000000000000000e+03
3.930000000000000000e+02
1.457000000000000000e+03
3.097000000000000000e+03
1.990000000000000000e+02
4.354000000000000000e+03
4.791000000000000000e+03
5.209000000000000000e+03
1.969000000000000000e+03
2.880000000000000000e+03
1.073000000000000000e+03
3.461000000000000000e+03
1.640000000000000000e+03
3.975000000000000000e+03
4.294000000000000000e+03
2.002000000000000000e+03
1.950000000000000000e+02
2.620000000000000000e+02
5.061000000000000000e+03
1.220000000000000000e+02
3.344000000000000000e+03
3.408000000000000000e+03
1.531000000000000000e+03
2.493000000000000000e+03
5.063000000000000000e+03
2.263000000000000000e+03
4.368000000000000000e+03
8.290000000000000000e+02
2.578000000000000000e+03
1.467000000000000000e+03
7.810000000000000000e+02
1.528000000000000000e+03
4.258000000000000000e+03
5.210000000000000000e+02
2.913000000000000000e+03
2.992000000000000000e+03
4.517000000000000000e+03
1.323000000000000000e+03
2.833000000000000000e+03
1.184000000000000000e+03
2.901000000000000000e+03
4.016000000000000000e+03
2.546000000000000000e+03
2.116000000000000000e+03
1.640000000000000000e+02
2.586000000000000000e+03
3.613000000000000000e+03
4.823000000000000000e+03
4.134000000000000000e+03
5.047000000000000000e+03
4.018000000000000000e+03
4.530000000000000000e+02
4.507000000000000000e+03
9.730000000000000000e+02
3.831000000000000000e+03
4.717000000000000000e+03
1.492000000000000000e+03
5.074000000000000000e+03
1.365000000000000000e+03
2.249000000000000000e+03
1.595000000000000000e+03
3.378000000000000000e+03
4.765000000000000000e+03
2.731000000000000000e+03
4.287000000000000000e+03
2.723000000000000000e+03
2.720000000000000000e+02
2.474000000000000000e+03
4.087000000000000000e+03
5.064000000000000000e+03
5.159000000000000000e+03
4.289000000000000000e+03
4.844000000000000000e+03
6.050000000000000000e+02
1.957000000000000000e+03
2.969000000000000000e+03
6.280000000000000000e+02
4.420000000000000000e+02
3.508000000000000000e+03
2.998000000000000000e+03
3.300000000000000000e+01
1.036000000000000000e+03
4.123000000000000000e+03
3.415000000000000000e+03
3.495000000000000000e+03
9.140000000000000000e+02
6.040000000000000000e+02
3.661000000000000000e+03
1.290000000000000000e+02
6.770000000000000000e+02
1.822000000000000000e+03
1.900000000000000000e+02
1.088000000000000000e+03
2.641000000000000000e+03
2.355000000000000000e+03
4.375000000000000000e+03
2.770000000000000000e+02
1.707000000000000000e+03
5.095000000000000000e+03
5.161000000000000000e+03
2.835000000000000000e+03
6.280000000000000000e+02
2.044000000000000000e+03
1.686000000000000000e+03
4.760000000000000000e+02
3.448000000000000000e+03
4.840000000000000000e+03
4.495000000000000000e+03
4.299000000000000000e+03
4.266000000000000000e+03
1.789000000000000000e+03
1.994000000000000000e+03
1.116000000000000000e+03
4.624000000000000000e+03
3.742000000000000000e+03
3.967000000000000000e+03
3.770000000000000000e+03
4.100000000000000000e+01
2.694000000000000000e+03
4.793000000000000000e+03
6.530000000000000000e+02
1.049000000000000000e+03
3.776000000000000000e+03
3.399000000000000000e+03
7.900000000000000000e+02
7.020000000000000000e+02
4.690000000000000000e+02
3.957000000000000000e+03
7.420000000000000000e+02
4.102000000000000000e+03
4.580000000000000000e+02
7.850000000000000000e+02
4.660000000000000000e+02
4.726000000000000000e+03
4.890000000000000000e+02
2.886000000000000000e+03
3.852000000000000000e+03
1.896000000000000000e+03
4.630000000000000000e+02
2.171000000000000000e+03
3.580000000000000000e+03
2.900000000000000000e+02
4.054000000000000000e+03
4.435000000000000000e+03
3.422000000000000000e+03
1.960000000000000000e+02
1.557000000000000000e+03
2.095000000000000000e+03
1.373000000000000000e+03
7.580000000000000000e+02
1.015000000000000000e+03
7.000000000000000000e+02
5.095000000000000000e+03
7.650000000000000000e+02
1.182000000000000000e+03
1.959000000000000000e+03
3.582000000000000000e+03
5.300000000000000000e+01
1.796000000000000000e+03
4.998000000000000000e+03
7.880000000000000000e+02
3.948000000000000000e+03
5.081000000000000000e+03
2.390000000000000000e+03
4.719000000000000000e+03
1.130000000000000000e+02
3.186000000000000000e+03
3.079000000000000000e+03
2.072000000000000000e+03
7.320000000000000000e+02
5.100000000000000000e+01
2.649000000000000000e+03
2.341000000000000000e+03
1.393000000000000000e+03
5.770000000000000000e+02
5.149000000000000000e+03
1.967000000000000000e+03
4.942000000000000000e+03
2.141000000000000000e+03
2.185000000000000000e+03
4.294000000000000000e+03
3.386000000000000000e+03
1.720000000000000000e+02
4.385000000000000000e+03
2.455000000000000000e+03
4.732000000000000000e+03
4.574000000000000000e+03
3.902000000000000000e+03
4.783000000000000000e+03
3.961000000000000000e+03
9.370000000000000000e+02
3.064000000000000000e+03
5.020000000000000000e+02
4.526000000000000000e+03
7.990000000000000000e+02
3.010000000000000000e+02
1.160000000000000000e+03
4.746000000000000000e+03
5.097000000000000000e+03
4.530000000000000000e+03
2.863000000000000000e+03
4.993000000000000000e+03
3.520000000000000000e+02
4.324000000000000000e+03
2.848000000000000000e+03
1.696000000000000000e+03
2.032000000000000000e+03
2.317000000000000000e+03
1.560000000000000000e+02
1.134000000000000000e+03
4.812000000000000000e+03
3.328000000000000000e+03
8.820000000000000000e+02
4.850000000000000000e+03
1.448000000000000000e+03
1.345000000000000000e+03
2.767000000000000000e+03
3.051000000000000000e+03
4.641000000000000000e+03
5.203000000000000000e+03
3.710000000000000000e+02
8.220000000000000000e+02
2.449000000000000000e+03
1.385000000000000000e+03
5.155000000000000000e+03
4.666000000000000000e+03
4.400000000000000000e+03
2.768000000000000000e+03
5.126000000000000000e+03
5.970000000000000000e+02
2.380000000000000000e+03
3.141000000000000000e+03
7.110000000000000000e+02
5.199000000000000000e+03
2.021000000000000000e+03
4.097000000000000000e+03
4.546000000000000000e+03
4.319000000000000000e+03
3.699000000000000000e+03
4.073000000000000000e+03
7.120000000000000000e+02
2.730000000000000000e+03
2.540000000000000000e+03
3.362000000000000000e+03
5.103000000000000000e+03
3.200000000000000000e+03
1.455000000000000000e+03
3.828000000000000000e+03
9.550000000000000000e+02
5.000000000000000000e+03
2.690000000000000000e+03
1.270000000000000000e+03
1.380000000000000000e+03
2.871000000000000000e+03
8.980000000000000000e+02
3.699000000000000000e+03
8.250000000000000000e+02
8.490000000000000000e+02
3.394000000000000000e+03
5.024000000000000000e+03
1.296000000000000000e+03
1.595000000000000000e+03
4.626000000000000000e+03
4.407000000000000000e+03
2.090000000000000000e+03
1.098000000000000000e+03
1.652000000000000000e+03
2.474000000000000000e+03
3.481000000000000000e+03
4.494000000000000000e+03
5.580000000000000000e+02
3.680000000000000000e+02
2.435000000000000000e+03
1.284000000000000000e+03
7.380000000000000000e+02
3.070000000000000000e+02
1.066000000000000000e+03
3.181000000000000000e+03
4.490000000000000000e+02
3.653000000000000000e+03
1.156000000000000000e+03
1.912000000000000000e+03
2.564000000000000000e+03
2.708000000000000000e+03
1.622000000000000000e+03
4.493000000000000000e+03
1.630000000000000000e+03
5.820000000000000000e+02
3.890000000000000000e+02
3.310000000000000000e+03
3.627000000000000000e+03
4.506000000000000000e+03
2.250000000000000000e+02
3.692000000000000000e+03
4.543000000000000000e+03
2.502000000000000000e+03
3.885000000000000000e+03
9.490000000000000000e+02
5.300000000000000000e+01
4.599000000000000000e+03
3.861000000000000000e+03
1.719000000000000000e+03
3.627000000000000000e+03
2.769000000000000000e+03
1.610000000000000000e+02
1.052000000000000000e+03
8.100000000000000000e+01
1.044000000000000000e+03
1.194000000000000000e+03
2.913000000000000000e+03
1.273000000000000000e+03
3.626000000000000000e+03
1.555000000000000000e+03
2.857000000000000000e+03
1.448000000000000000e+03
1.408000000000000000e+03
3.870000000000000000e+03
4.898000000000000000e+03
2.657000000000000000e+03
7.820000000000000000e+02
2.018000000000000000e+03
3.915000000000000000e+03
3.962000000000000000e+03
2.263000000000000000e+03
1.835000000000000000e+03
2.353000000000000000e+03
1.033000000000000000e+03
2.285000000000000000e+03
2.056000000000000000e+03
3.630000000000000000e+03
1.400000000000000000e+01
4.137000000000000000e+03
4.423000000000000000e+03
3.612000000000000000e+03
4.163000000000000000e+03
4.375000000000000000e+03
3.310000000000000000e+02
7.090000000000000000e+02
2.135000000000000000e+03
3.792000000000000000e+03
3.839000000000000000e+03
8.850000000000000000e+02
4.990000000000000000e+02
4.385000000000000000e+03
4.880000000000000000e+02
9.850000000000000000e+02
2.860000000000000000e+02
2.335000000000000000e+03
1.575000000000000000e+03
3.665000000000000000e+03
1.020000000000000000e+03
4.363000000000000000e+03
4.084000000000000000e+03
1.475000000000000000e+03
1.497000000000000000e+03
3.445000000000000000e+03
2.900000000000000000e+01
4.728000000000000000e+03
3.418000000000000000e+03
1.959000000000000000e+03
3.332000000000000000e+03
2.020000000000000000e+02
2.937000000000000000e+03
2.539000000000000000e+03
3.653000000000000000e+03
2.761000000000000000e+03
3.973000000000000000e+03
1.900000000000000000e+03
4.228000000000000000e+03
2.781000000000000000e+03
1.840000000000000000e+03
4.048000000000000000e+03
3.731000000000000000e+03
2.110000000000000000e+02
1.642000000000000000e+03
3.917000000000000000e+03
4.104000000000000000e+03
3.012000000000000000e+03
1.342000000000000000e+03
4.603000000000000000e+03
4.929000000000000000e+03
4.581000000000000000e+03
8.360000000000000000e+02
3.428000000000000000e+03
3.948000000000000000e+03
5.036000000000000000e+03
2.105000000000000000e+03
1.247000000000000000e+03
6.980000000000000000e+02
1.010000000000000000e+02
9.990000000000000000e+02
5.103000000000000000e+03
3.500000000000000000e+02
2.056000000000000000e+03
4.115000000000000000e+03
9.500000000000000000e+01
1.713000000000000000e+03
8.720000000000000000e+02
5.900000000000000000e+02
4.991000000000000000e+03
2.600000000000000000e+03
4.971000000000000000e+03
3.680000000000000000e+03
4.943000000000000000e+03
1.603000000000000000e+03
1.547000000000000000e+03
2.280000000000000000e+02
2.900000000000000000e+02
1.540000000000000000e+02
2.110000000000000000e+03
3.734000000000000000e+03
3.138000000000000000e+03
1.209000000000000000e+03
4.117000000000000000e+03
2.573000000000000000e+03
3.893000000000000000e+03
4.236000000000000000e+03
2.420000000000000000e+03
1.748000000000000000e+03
2.811000000000000000e+03
2.348000000000000000e+03
5.074000000000000000e+03
9.670000000000000000e+02
4.838000000000000000e+03
1.460000000000000000e+03
2.675000000000000000e+03
3.458000000000000000e+03
4.720000000000000000e+02
1.546000000000000000e+03
3.522000000000000000e+03
2.540000000000000000e+03
1.300000000000000000e+01
2.949000000000000000e+03
3.792000000000000000e+03
5.204000000000000000e+03
1.245000000000000000e+03
4.273000000000000000e+03
3.772000000000000000e+03
4.193000000000000000e+03
3.400000000000000000e+02
3.134000000000000000e+03
4.120000000000000000e+03
7.220000000000000000e+02
5.017000000000000000e+03
1.648000000000000000e+03
1.203000000000000000e+03
5.165000000000000000e+03
4.588000000000000000e+03
3.698000000000000000e+03
3.223000000000000000e+03
4.463000000000000000e+03
5.207000000000000000e+03
2.524000000000000000e+03
3.799000000000000000e+03
3.872000000000000000e+03
2.182000000000000000e+03
4.946000000000000000e+03
2.024000000000000000e+03
1.571000000000000000e+03
1.371000000000000000e+03
4.289000000000000000e+03
2.420000000000000000e+03
4.070000000000000000e+02
1.521000000000000000e+03
2.850000000000000000e+03
3.550000000000000000e+03
1.170000000000000000e+03
3.914000000000000000e+03
1.717000000000000000e+03
4.526000000000000000e+03
3.370000000000000000e+02
3.894000000000000000e+03
1.240000000000000000e+02
3.011000000000000000e+03
2.493000000000000000e+03
4.729000000000000000e+03
4.982000000000000000e+03
2.685000000000000000e+03
3.916000000000000000e+03
4.318000000000000000e+03
2.150000000000000000e+03
2.074000000000000000e+03
3.770000000000000000e+03
4.702000000000000000e+03
4.835000000000000000e+03
2.627000000000000000e+03
2.780000000000000000e+03
7.910000000000000000e+02
2.313000000000000000e+03
2.001000000000000000e+03
1.652000000000000000e+03
1.492000000000000000e+03
1.368000000000000000e+03
3.606000000000000000e+03
2.228000000000000000e+03
1.414000000000000000e+03
8.270000000000000000e+02
3.636000000000000000e+03
3.779000000000000000e+03
8.100000000000000000e+02
1.487000000000000000e+03
2.620000000000000000e+02
1.533000000000000000e+03
1.436000000000000000e+03
1.392000000000000000e+03
2.843000000000000000e+03
2.610000000000000000e+03
3.996000000000000000e+03
4.974000000000000000e+03
4.877000000000000000e+03
4.559000000000000000e+03
3.239000000000000000e+03
1.720000000000000000e+03
1.414000000000000000e+03
5.149000000000000000e+03
3.983000000000000000e+03
5.360000000000000000e+02
3.133000000000000000e+03
2.270000000000000000e+02
4.724000000000000000e+03
4.732000000000000000e+03
2.550000000000000000e+03
3.551000000000000000e+03
2.099000000000000000e+03
4.411000000000000000e+03
4.753000000000000000e+03
6.500000000000000000e+02
4.795000000000000000e+03
5.170000000000000000e+03
4.521000000000000000e+03
6.010000000000000000e+02
4.210000000000000000e+02
3.064000000000000000e+03
2.030000000000000000e+02
3.386000000000000000e+03
4.963000000000000000e+03
2.970000000000000000e+02
3.127000000000000000e+03
2.385000000000000000e+03
8.600000000000000000e+01
1.972000000000000000e+03
1.275000000000000000e+03
3.918000000000000000e+03
1.853000000000000000e+03
4.094000000000000000e+03
2.380000000000000000e+02
4.537000000000000000e+03
2.717000000000000000e+03
4.933000000000000000e+03
5.770000000000000000e+02
4.053000000000000000e+03
1.590000000000000000e+02
4.499000000000000000e+03
4.549000000000000000e+03
2.963000000000000000e+03
5.048000000000000000e+03
1.843000000000000000e+03
1.208000000000000000e+03
1.303000000000000000e+03
1.114000000000000000e+03
4.494000000000000000e+03
3.263000000000000000e+03
4.725000000000000000e+03
3.546000000000000000e+03
4.293000000000000000e+03
6.900000000000000000e+02
1.816000000000000000e+03
1.606000000000000000e+03
3.896000000000000000e+03
4.650000000000000000e+02
1.308000000000000000e+03
1.069000000000000000e+03
1.280000000000000000e+03
6.690000000000000000e+02
2.175000000000000000e+03
5.141000000000000000e+03
3.025000000000000000e+03
1.903000000000000000e+03
3.584000000000000000e+03
1.628000000000000000e+03
7.720000000000000000e+02
4.230000000000000000e+02
9.030000000000000000e+02
4.348000000000000000e+03
8.390000000000000000e+02
1.015000000000000000e+03
3.786000000000000000e+03
1.492000000000000000e+03
3.217000000000000000e+03
1.482000000000000000e+03
4.354000000000000000e+03
1.065000000000000000e+03
1.755000000000000000e+03
1.150000000000000000e+02
4.770000000000000000e+03
1.909000000000000000e+03
2.990000000000000000e+03
2.247000000000000000e+03
3.413000000000000000e+03
2.546000000000000000e+03
3.639000000000000000e+03
9.680000000000000000e+02
6.240000000000000000e+02
7.960000000000000000e+02
1.470000000000000000e+03
7.080000000000000000e+02
4.705000000000000000e+03
3.336000000000000000e+03
6.400000000000000000e+01
1.127000000000000000e+03
3.972000000000000000e+03
4.117000000000000000e+03
2.125000000000000000e+03
4.939000000000000000e+03
1.360000000000000000e+03
1.839000000000000000e+03
1.436000000000000000e+03
2.717000000000000000e+03
3.929000000000000000e+03
4.041000000000000000e+03
1.268000000000000000e+03
1.177000000000000000e+03
4.263000000000000000e+03
1.772000000000000000e+03
1.903000000000000000e+03
4.074000000000000000e+03
1.754000000000000000e+03
1.070000000000000000e+03
1.590000000000000000e+03
3.208000000000000000e+03
7.400000000000000000e+02
2.195000000000000000e+03
6.720000000000000000e+02
2.897000000000000000e+03
4.329000000000000000e+03
1.572000000000000000e+03
3.095000000000000000e+03
1.930000000000000000e+02
2.010000000000000000e+02
4.535000000000000000e+03
4.696000000000000000e+03
1.577000000000000000e+03
8.600000000000000000e+01
4.421000000000000000e+03
1.168000000000000000e+03
5.207000000000000000e+03
3.000000000000000000e+00
6.670000000000000000e+02
4.021000000000000000e+03
4.324000000000000000e+03
1.323000000000000000e+03
4.449000000000000000e+03
1.263000000000000000e+03
4.041000000000000000e+03
8.650000000000000000e+02
3.729000000000000000e+03
3.626000000000000000e+03
4.378000000000000000e+03
7.360000000000000000e+02
1.207000000000000000e+03
3.620000000000000000e+03
2.131000000000000000e+03
5.134000000000000000e+03
1.698000000000000000e+03
2.086000000000000000e+03
3.205000000000000000e+03
3.092000000000000000e+03
4.753000000000000000e+03
9.700000000000000000e+02
2.723000000000000000e+03
4.494000000000000000e+03
1.819000000000000000e+03
5.008000000000000000e+03
3.760000000000000000e+03
3.592000000000000000e+03
4.837000000000000000e+03
1.288000000000000000e+03
1.117000000000000000e+03
1.415000000000000000e+03
3.960000000000000000e+03
3.510000000000000000e+03
2.084000000000000000e+03
2.851000000000000000e+03
2.538000000000000000e+03
1.260000000000000000e+03
5.600000000000000000e+01
4.797000000000000000e+03
2.173000000000000000e+03
2.213000000000000000e+03
1.583000000000000000e+03
3.306000000000000000e+03
6.580000000000000000e+02
3.936000000000000000e+03
1.304000000000000000e+03
3.668000000000000000e+03
7.490000000000000000e+02
3.511000000000000000e+03
2.496000000000000000e+03
8.540000000000000000e+02
2.998000000000000000e+03
8.800000000000000000e+02
4.569000000000000000e+03
1.758000000000000000e+03
3.420000000000000000e+02
2.360000000000000000e+03
3.160000000000000000e+02
3.670000000000000000e+02
2.307000000000000000e+03
3.020000000000000000e+03
1.400000000000000000e+03
4.347000000000000000e+03
6.690000000000000000e+02
1.502000000000000000e+03
4.540000000000000000e+02
2.817000000000000000e+03
3.102000000000000000e+03
1.952000000000000000e+03
2.953000000000000000e+03
1.936000000000000000e+03
9.280000000000000000e+02
4.260000000000000000e+03
2.796000000000000000e+03
4.101000000000000000e+03
3.008000000000000000e+03
3.283000000000000000e+03
4.980000000000000000e+03
3.269000000000000000e+03
1.460000000000000000e+02
5.110000000000000000e+02
2.200000000000000000e+03
7.820000000000000000e+02
2.947000000000000000e+03
2.848000000000000000e+03
1.450000000000000000e+02
1.403000000000000000e+03
2.790000000000000000e+03
2.262000000000000000e+03
3.120000000000000000e+02
4.776000000000000000e+03
3.244000000000000000e+03
2.656000000000000000e+03
2.471000000000000000e+03
1.104000000000000000e+03
1.300000000000000000e+03
4.102000000000000000e+03
2.960000000000000000e+03
5.086000000000000000e+03
3.088000000000000000e+03
5.097000000000000000e+03
3.923000000000000000e+03
2.840000000000000000e+02
2.050000000000000000e+03
3.155000000000000000e+03
1.364000000000000000e+03
2.057000000000000000e+03
3.843000000000000000e+03
5.176000000000000000e+03
2.270000000000000000e+02
2.337000000000000000e+03
3.262000000000000000e+03
2.394000000000000000e+03
4.265000000000000000e+03
6.140000000000000000e+02
2.231000000000000000e+03
3.643000000000000000e+03
2.927000000000000000e+03
6.160000000000000000e+02
4.651000000000000000e+03
3.415000000000000000e+03
2.180000000000000000e+03
5.840000000000000000e+02
1.720000000000000000e+02
1.655000000000000000e+03
1.980000000000000000e+02
4.210000000000000000e+02
1.630000000000000000e+03
3.240000000000000000e+03
3.869000000000000000e+03
5.043000000000000000e+03
1.636000000000000000e+03
2.212000000000000000e+03
7.860000000000000000e+02
1.408000000000000000e+03
3.160000000000000000e+02
3.083000000000000000e+03
1.669000000000000000e+03
3.532000000000000000e+03
4.649000000000000000e+03
4.556000000000000000e+03
4.679000000000000000e+03
3.751000000000000000e+03
2.019000000000000000e+03
5.173000000000000000e+03
2.480000000000000000e+02
3.076000000000000000e+03
1.073000000000000000e+03
2.363000000000000000e+03
3.066000000000000000e+03
4.443000000000000000e+03
1.210000000000000000e+03
3.102000000000000000e+03
1.970000000000000000e+03
2.429000000000000000e+03
3.307000000000000000e+03
2.629000000000000000e+03
1.358000000000000000e+03
3.075000000000000000e+03
6.930000000000000000e+02
3.387000000000000000e+03
2.831000000000000000e+03
4.762000000000000000e+03
2.390000000000000000e+03
3.856000000000000000e+03
2.654000000000000000e+03
2.438000000000000000e+03
1.799000000000000000e+03
4.530000000000000000e+03
2.781000000000000000e+03
5.160000000000000000e+02
3.174000000000000000e+03
2.778000000000000000e+03
2.701000000000000000e+03
2.663000000000000000e+03
1.754000000000000000e+03
1.589000000000000000e+03
8.600000000000000000e+01
2.530000000000000000e+02
2.092000000000000000e+03
4.724000000000000000e+03
2.322000000000000000e+03
3.876000000000000000e+03
1.247000000000000000e+03
3.038000000000000000e+03
2.327000000000000000e+03
1.873000000000000000e+03
4.754000000000000000e+03
9.550000000000000000e+02
2.910000000000000000e+02
1.780000000000000000e+03
4.527000000000000000e+03
4.947000000000000000e+03
3.012000000000000000e+03
1.702000000000000000e+03
3.404000000000000000e+03
3.557000000000000000e+03
1.677000000000000000e+03
3.446000000000000000e+03
3.036000000000000000e+03
4.423000000000000000e+03
6.380000000000000000e+02
4.576000000000000000e+03
2.603000000000000000e+03
5.170000000000000000e+02
4.490000000000000000e+02
3.797000000000000000e+03
4.612000000000000000e+03
1.886000000000000000e+03
2.730000000000000000e+02
4.950000000000000000e+03
9.910000000000000000e+02
1.655000000000000000e+03
3.954000000000000000e+03
2.305000000000000000e+03
3.460000000000000000e+03
4.940000000000000000e+02
2.889000000000000000e+03
1.889000000000000000e+03
4.463000000000000000e+03
5.149000000000000000e+03
2.726000000000000000e+03
1.426000000000000000e+03
1.823000000000000000e+03
3.027000000000000000e+03
1.693000000000000000e+03
1.678000000000000000e+03
4.130000000000000000e+03
4.467000000000000000e+03
1.847000000000000000e+03
2.775000000000000000e+03
4.631000000000000000e+03
1.095000000000000000e+03
2.718000000000000000e+03
5.090000000000000000e+02
2.511000000000000000e+03
9.360000000000000000e+02
5.850000000000000000e+02
4.432000000000000000e+03
3.736000000000000000e+03
3.095000000000000000e+03
4.504000000000000000e+03
5.900000000000000000e+01
3.335000000000000000e+03
1.437000000000000000e+03
9.380000000000000000e+02
1.820000000000000000e+02
2.506000000000000000e+03
1.295000000000000000e+03
4.294000000000000000e+03
4.359000000000000000e+03
2.860000000000000000e+03
3.357000000000000000e+03
4.254000000000000000e+03
3.045000000000000000e+03
4.506000000000000000e+03
1.968000000000000000e+03
4.513000000000000000e+03
7.710000000000000000e+02
4.620000000000000000e+02
4.156000000000000000e+03
3.424000000000000000e+03
1.098000000000000000e+03
3.610000000000000000e+02
1.057000000000000000e+03
4.180000000000000000e+03
1.945000000000000000e+03
2.547000000000000000e+03
3.874000000000000000e+03
4.655000000000000000e+03
3.038000000000000000e+03
1.313000000000000000e+03
9.930000000000000000e+02
9.850000000000000000e+02
2.306000000000000000e+03
2.420000000000000000e+03
4.924000000000000000e+03
3.415000000000000000e+03
3.706000000000000000e+03
1.344000000000000000e+03
2.760000000000000000e+03
3.361000000000000000e+03
1.943000000000000000e+03
2.432000000000000000e+03
3.113000000000000000e+03
2.291000000000000000e+03
4.000000000000000000e+00
4.375000000000000000e+03
5.100000000000000000e+03
3.132000000000000000e+03
8.210000000000000000e+02
2.882000000000000000e+03
3.134000000000000000e+03
3.680000000000000000e+03
3.392000000000000000e+03
3.469000000000000000e+03
4.839000000000000000e+03
4.824000000000000000e+03
1.309000000000000000e+03
5.235000000000000000e+03
2.300000000000000000e+02
1.546000000000000000e+03
5.230000000000000000e+02
4.380000000000000000e+03
3.897000000000000000e+03
1.341000000000000000e+03
1.610000000000000000e+03
3.651000000000000000e+03
3.805000000000000000e+03
4.927000000000000000e+03
2.319000000000000000e+03
2.970000000000000000e+03
1.833000000000000000e+03
4.248000000000000000e+03
3.943000000000000000e+03
7.260000000000000000e+02
5.740000000000000000e+02
3.845000000000000000e+03
1.262000000000000000e+03
3.480000000000000000e+02
1.464000000000000000e+03
3.680000000000000000e+03
4.774000000000000000e+03
3.890000000000000000e+03
4.569000000000000000e+03
3.654000000000000000e+03
4.741000000000000000e+03
4.753000000000000000e+03
2.599000000000000000e+03
2.390000000000000000e+02
4.671000000000000000e+03
4.492000000000000000e+03
1.713000000000000000e+03
2.992000000000000000e+03
3.859000000000000000e+03
2.510000000000000000e+02
5.400000000000000000e+02
4.019000000000000000e+03
2.458000000000000000e+03
2.765000000000000000e+03
4.049000000000000000e+03
3.440000000000000000e+02
4.254000000000000000e+03
9.800000000000000000e+02
1.227000000000000000e+03
9.650000000000000000e+02
2.087000000000000000e+03
