1.271000000000000000e+03
1.455000000000000000e+03
3.631000000000000000e+03
6.770000000000000000e+02
7.780000000000000000e+02
5.173000000000000000e+03
1.404000000000000000e+03
5.057000000000000000e+03
4.967000000000000000e+03
9.890000000000000000e+02
9.760000000000000000e+02
1.433000000000000000e+03
5.034000000000000000e+03
3.386000000000000000e+03
4.359000000000000000e+03
4.879000000000000000e+03
2.496000000000000000e+03
1.940000000000000000e+03
1.641000000000000000e+03
1.547000000000000000e+03
4.218000000000000000e+03
2.936000000000000000e+03
4.131000000000000000e+03
4.180000000000000000e+02
4.481000000000000000e+03
3.500000000000000000e+02
4.460000000000000000e+02
2.677000000000000000e+03
2.954000000000000000e+03
1.040000000000000000e+02
2.492000000000000000e+03
4.514000000000000000e+03
3.284000000000000000e+03
4.236000000000000000e+03
2.010000000000000000e+03
4.946000000000000000e+03
3.796000000000000000e+03
3.359000000000000000e+03
1.440000000000000000e+03
1.063000000000000000e+03
1.565000000000000000e+03
2.950000000000000000e+02
5.046000000000000000e+03
1.052000000000000000e+03
3.477000000000000000e+03
2.079000000000000000e+03
2.513000000000000000e+03
1.298000000000000000e+03
1.687000000000000000e+03
4.904000000000000000e+03
3.464000000000000000e+03
4.690000000000000000e+02
3.582000000000000000e+03
7.990000000000000000e+02
4.876000000000000000e+03
4.604000000000000000e+03
4.661000000000000000e+03
4.456000000000000000e+03
8.280000000000000000e+02
4.459000000000000000e+03
4.860000000000000000e+03
3.939000000000000000e+03
4.381000000000000000e+03
2.455000000000000000e+03
4.650000000000000000e+02
1.595000000000000000e+03
2.870000000000000000e+02
4.536000000000000000e+03
2.823000000000000000e+03
1.000000000000000000e+00
4.479000000000000000e+03
5.046000000000000000e+03
1.429000000000000000e+03
3.493000000000000000e+03
1.886000000000000000e+03
6.940000000000000000e+02
2.718000000000000000e+03
4.758000000000000000e+03
4.786000000000000000e+03
6.170000000000000000e+02
4.558000000000000000e+03
1.622000000000000000e+03
2.042000000000000000e+03
2.882000000000000000e+03
4.329000000000000000e+03
3.623000000000000000e+03
3.100000000000000000e+01
3.348000000000000000e+03
2.570000000000000000e+03
3.621000000000000000e+03
2.444000000000000000e+03
2.524000000000000000e+03
3.657000000000000000e+03
4.666000000000000000e+03
3.488000000000000000e+03
2.544000000000000000e+03
3.059000000000000000e+03
4.080000000000000000e+03
2.601000000000000000e+03
1.210000000000000000e+02
5.043000000000000000e+03
3.360000000000000000e+03
2.920000000000000000e+03
3.722000000000000000e+03
5.140000000000000000e+02
3.202000000000000000e+03
5.790000000000000000e+02
5.129000000000000000e+03
1.903000000000000000e+03
2.152000000000000000e+03
1.999000000000000000e+03
4.600000000000000000e+02
3.357000000000000000e+03
1.164000000000000000e+03
5.172000000000000000e+03
5.051000000000000000e+03
4.932000000000000000e+03
1.414000000000000000e+03
8.530000000000000000e+02
4.248000000000000000e+03
1.922000000000000000e+03
4.887000000000000000e+03
3.198000000000000000e+03
4.998000000000000000e+03
2.879000000000000000e+03
2.046000000000000000e+03
1.880000000000000000e+03
2.010000000000000000e+03
3.919000000000000000e+03
7.570000000000000000e+02
2.820000000000000000e+02
2.704000000000000000e+03
5.860000000000000000e+02
1.173000000000000000e+03
2.679000000000000000e+03
1.590000000000000000e+02
3.079000000000000000e+03
6.250000000000000000e+02
3.172000000000000000e+03
4.865000000000000000e+03
1.334000000000000000e+03
2.698000000000000000e+03
9.010000000000000000e+02
7.020000000000000000e+02
1.140000000000000000e+03
3.268000000000000000e+03
1.880000000000000000e+03
2.983000000000000000e+03
1.788000000000000000e+03
2.452000000000000000e+03
2.753000000000000000e+03
5.024000000000000000e+03
4.646000000000000000e+03
3.350000000000000000e+02
2.770000000000000000e+03
4.769000000000000000e+03
1.288000000000000000e+03
5.220000000000000000e+02
2.588000000000000000e+03
4.568000000000000000e+03
3.150000000000000000e+03
3.350000000000000000e+03
1.161000000000000000e+03
3.477000000000000000e+03
4.338000000000000000e+03
2.670000000000000000e+03
2.030000000000000000e+03
1.176000000000000000e+03
4.618000000000000000e+03
2.685000000000000000e+03
9.510000000000000000e+02
2.710000000000000000e+03
2.430000000000000000e+02
3.176000000000000000e+03
4.892000000000000000e+03
1.250000000000000000e+02
1.059000000000000000e+03
7.200000000000000000e+02
2.953000000000000000e+03
1.071000000000000000e+03
2.201000000000000000e+03
2.372000000000000000e+03
4.209000000000000000e+03
7.780000000000000000e+02
2.439000000000000000e+03
4.389000000000000000e+03
1.330000000000000000e+03
3.623000000000000000e+03
3.404000000000000000e+03
2.074000000000000000e+03
3.901000000000000000e+03
2.786000000000000000e+03
4.117000000000000000e+03
2.840000000000000000e+02
2.209000000000000000e+03
3.824000000000000000e+03
4.979000000000000000e+03
1.635000000000000000e+03
1.236000000000000000e+03
4.988000000000000000e+03
3.837000000000000000e+03
3.208000000000000000e+03
5.190000000000000000e+02
4.977000000000000000e+03
1.255000000000000000e+03
3.080000000000000000e+02
2.858000000000000000e+03
2.550000000000000000e+03
1.020000000000000000e+03
4.086000000000000000e+03
3.913000000000000000e+03
2.972000000000000000e+03
3.117000000000000000e+03
9.210000000000000000e+02
1.595000000000000000e+03
2.693000000000000000e+03
4.368000000000000000e+03
7.870000000000000000e+02
4.799000000000000000e+03
1.377000000000000000e+03
4.983000000000000000e+03
5.100000000000000000e+03
4.170000000000000000e+03
4.418000000000000000e+03
5.147000000000000000e+03
3.541000000000000000e+03
1.795000000000000000e+03
4.537000000000000000e+03
7.780000000000000000e+02
5.120000000000000000e+02
2.701000000000000000e+03
5.161000000000000000e+03
9.490000000000000000e+02
9.580000000000000000e+02
1.667000000000000000e+03
4.265000000000000000e+03
5.088000000000000000e+03
7.840000000000000000e+02
2.386000000000000000e+03
5.075000000000000000e+03
2.310000000000000000e+02
2.146000000000000000e+03
4.428000000000000000e+03
4.921000000000000000e+03
4.364000000000000000e+03
2.736000000000000000e+03
4.322000000000000000e+03
4.642000000000000000e+03
2.053000000000000000e+03
4.894000000000000000e+03
3.960000000000000000e+03
4.440000000000000000e+02
3.637000000000000000e+03
8.220000000000000000e+02
4.011000000000000000e+03
2.847000000000000000e+03
8.100000000000000000e+01
2.911000000000000000e+03
1.756000000000000000e+03
4.753000000000000000e+03
3.248000000000000000e+03
2.504000000000000000e+03
3.717000000000000000e+03
6.380000000000000000e+02
8.900000000000000000e+02
3.045000000000000000e+03
3.837000000000000000e+03
3.008000000000000000e+03
4.234000000000000000e+03
3.159000000000000000e+03
3.253000000000000000e+03
5.000000000000000000e+02
3.895000000000000000e+03
1.555000000000000000e+03
3.761000000000000000e+03
4.165000000000000000e+03
2.670000000000000000e+03
2.413000000000000000e+03
1.724000000000000000e+03
1.535000000000000000e+03
4.487000000000000000e+03
5.141000000000000000e+03
6.260000000000000000e+02
3.015000000000000000e+03
3.170000000000000000e+03
4.021000000000000000e+03
2.499000000000000000e+03
3.938000000000000000e+03
3.225000000000000000e+03
3.754000000000000000e+03
7.690000000000000000e+02
4.200000000000000000e+03
3.422000000000000000e+03
4.310000000000000000e+03
3.295000000000000000e+03
9.560000000000000000e+02
1.155000000000000000e+03
2.499000000000000000e+03
1.853000000000000000e+03
4.454000000000000000e+03
1.539000000000000000e+03
5.031000000000000000e+03
4.703000000000000000e+03
1.920000000000000000e+02
4.880000000000000000e+03
4.804000000000000000e+03
7.030000000000000000e+02
3.540000000000000000e+03
3.899000000000000000e+03
6.830000000000000000e+02
2.580000000000000000e+02
2.575000000000000000e+03
3.855000000000000000e+03
3.719000000000000000e+03
1.563000000000000000e+03
6.050000000000000000e+02
6.260000000000000000e+02
3.694000000000000000e+03
1.073000000000000000e+03
4.458000000000000000e+03
4.973000000000000000e+03
2.506000000000000000e+03
1.401000000000000000e+03
2.653000000000000000e+03
4.672000000000000000e+03
3.765000000000000000e+03
1.016000000000000000e+03
1.025000000000000000e+03
4.354000000000000000e+03
6.240000000000000000e+02
3.643000000000000000e+03
1.042000000000000000e+03
1.627000000000000000e+03
3.705000000000000000e+03
1.373000000000000000e+03
1.073000000000000000e+03
8.100000000000000000e+02
4.262000000000000000e+03
1.723000000000000000e+03
1.809000000000000000e+03
3.905000000000000000e+03
2.618000000000000000e+03
2.836000000000000000e+03
3.735000000000000000e+03
1.816000000000000000e+03
2.481000000000000000e+03
2.733000000000000000e+03
3.909000000000000000e+03
2.781000000000000000e+03
1.392000000000000000e+03
3.967000000000000000e+03
5.830000000000000000e+02
4.602000000000000000e+03
1.258000000000000000e+03
2.324000000000000000e+03
1.968000000000000000e+03
2.749000000000000000e+03
1.729000000000000000e+03
2.264000000000000000e+03
8.010000000000000000e+02
2.404000000000000000e+03
3.637000000000000000e+03
8.690000000000000000e+02
3.990000000000000000e+02
5.027000000000000000e+03
1.073000000000000000e+03
4.426000000000000000e+03
4.815000000000000000e+03
3.159000000000000000e+03
4.346000000000000000e+03
3.812000000000000000e+03
6.040000000000000000e+02
3.107000000000000000e+03
4.540000000000000000e+03
2.309000000000000000e+03
5.290000000000000000e+02
1.215000000000000000e+03
7.820000000000000000e+02
4.587000000000000000e+03
1.308000000000000000e+03
1.835000000000000000e+03
5.166000000000000000e+03
1.849000000000000000e+03
9.430000000000000000e+02
1.575000000000000000e+03
3.627000000000000000e+03
1.560000000000000000e+02
2.943000000000000000e+03
4.508000000000000000e+03
1.336000000000000000e+03
2.154000000000000000e+03
1.240000000000000000e+02
4.122000000000000000e+03
1.836000000000000000e+03
3.336000000000000000e+03
3.736000000000000000e+03
3.251000000000000000e+03
4.540000000000000000e+03
1.230000000000000000e+02
6.940000000000000000e+02
2.909000000000000000e+03
3.772000000000000000e+03
1.900000000000000000e+03
3.118000000000000000e+03
4.993000000000000000e+03
2.770000000000000000e+02
4.505000000000000000e+03
2.280000000000000000e+02
3.138000000000000000e+03
1.427000000000000000e+03
5.066000000000000000e+03
2.395000000000000000e+03
2.936000000000000000e+03
4.500000000000000000e+02
5.161000000000000000e+03
3.202000000000000000e+03
2.969000000000000000e+03
4.808000000000000000e+03
2.846000000000000000e+03
3.791000000000000000e+03
4.297000000000000000e+03
2.013000000000000000e+03
1.616000000000000000e+03
4.443000000000000000e+03
5.400000000000000000e+01
2.859000000000000000e+03
3.947000000000000000e+03
3.063000000000000000e+03
1.177000000000000000e+03
3.612000000000000000e+03
2.029000000000000000e+03
3.821000000000000000e+03
4.952000000000000000e+03
1.131000000000000000e+03
1.722000000000000000e+03
2.670000000000000000e+02
3.196000000000000000e+03
3.012000000000000000e+03
3.363000000000000000e+03
3.200000000000000000e+03
1.824000000000000000e+03
8.860000000000000000e+02
3.672000000000000000e+03
5.206000000000000000e+03
1.537000000000000000e+03
5.880000000000000000e+02
2.520000000000000000e+03
3.931000000000000000e+03
3.306000000000000000e+03
5.270000000000000000e+02
3.382000000000000000e+03
1.593000000000000000e+03
1.702000000000000000e+03
3.291000000000000000e+03
2.263000000000000000e+03
4.778000000000000000e+03
2.210000000000000000e+02
4.918000000000000000e+03
1.033000000000000000e+03
3.260000000000000000e+03
3.933000000000000000e+03
1.774000000000000000e+03
2.181000000000000000e+03
4.045000000000000000e+03
2.379000000000000000e+03
1.952000000000000000e+03
2.349000000000000000e+03
2.184000000000000000e+03
4.201000000000000000e+03
4.900000000000000000e+03
3.926000000000000000e+03
8.270000000000000000e+02
1.765000000000000000e+03
3.155000000000000000e+03
9.970000000000000000e+02
1.033000000000000000e+03
4.681000000000000000e+03
5.028000000000000000e+03
4.509000000000000000e+03
1.883000000000000000e+03
1.440000000000000000e+02
5.041000000000000000e+03
2.442000000000000000e+03
4.686000000000000000e+03
4.957000000000000000e+03
3.432000000000000000e+03
1.587000000000000000e+03
3.131000000000000000e+03
2.340000000000000000e+02
1.193000000000000000e+03
4.227000000000000000e+03
2.156000000000000000e+03
4.197000000000000000e+03
8.700000000000000000e+01
3.297000000000000000e+03
5.073000000000000000e+03
1.985000000000000000e+03
1.448000000000000000e+03
3.633000000000000000e+03
2.254000000000000000e+03
3.246000000000000000e+03
3.833000000000000000e+03
5.098000000000000000e+03
5.034000000000000000e+03
5.200000000000000000e+01
4.736000000000000000e+03
1.311000000000000000e+03
4.920000000000000000e+03
4.860000000000000000e+03
4.546000000000000000e+03
2.850000000000000000e+02
8.760000000000000000e+02
5.136000000000000000e+03
4.300000000000000000e+02
1.198000000000000000e+03
2.879000000000000000e+03
3.100000000000000000e+03
3.873000000000000000e+03
1.575000000000000000e+03
3.589000000000000000e+03
8.150000000000000000e+02
3.736000000000000000e+03
4.460000000000000000e+02
1.487000000000000000e+03
1.526000000000000000e+03
3.679000000000000000e+03
2.711000000000000000e+03
5.043000000000000000e+03
3.056000000000000000e+03
3.472000000000000000e+03
2.677000000000000000e+03
4.741000000000000000e+03
2.871000000000000000e+03
5.095000000000000000e+03
2.197000000000000000e+03
2.243000000000000000e+03
3.263000000000000000e+03
3.075000000000000000e+03
3.862000000000000000e+03
4.790000000000000000e+02
1.422000000000000000e+03
1.007000000000000000e+03
7.310000000000000000e+02
2.570000000000000000e+03
5.179000000000000000e+03
8.990000000000000000e+02
1.140000000000000000e+02
1.977000000000000000e+03
3.131000000000000000e+03
4.297000000000000000e+03
3.238000000000000000e+03
1.562000000000000000e+03
1.377000000000000000e+03
4.243000000000000000e+03
4.490000000000000000e+02
2.600000000000000000e+03
7.100000000000000000e+01
2.210000000000000000e+03
4.769000000000000000e+03
3.526000000000000000e+03
3.075000000000000000e+03
1.832000000000000000e+03
5.048000000000000000e+03
4.990000000000000000e+02
3.371000000000000000e+03
3.080000000000000000e+03
1.580000000000000000e+02
4.379000000000000000e+03
3.193000000000000000e+03
1.770000000000000000e+03
2.534000000000000000e+03
1.860000000000000000e+02
3.794000000000000000e+03
4.060000000000000000e+03
8.730000000000000000e+02
4.721000000000000000e+03
3.642000000000000000e+03
7.830000000000000000e+02
7.770000000000000000e+02
1.536000000000000000e+03
3.420000000000000000e+02
1.977000000000000000e+03
9.600000000000000000e+02
5.099000000000000000e+03
4.953000000000000000e+03
1.781000000000000000e+03
4.702000000000000000e+03
3.018000000000000000e+03
1.720000000000000000e+03
3.458000000000000000e+03
2.420000000000000000e+03
3.551000000000000000e+03
2.146000000000000000e+03
4.398000000000000000e+03
3.935000000000000000e+03
3.412000000000000000e+03
7.550000000000000000e+02
1.432000000000000000e+03
9.160000000000000000e+02
1.921000000000000000e+03
5.420000000000000000e+02
4.548000000000000000e+03
2.490000000000000000e+03
1.311000000000000000e+03
2.570000000000000000e+03
2.343000000000000000e+03
1.680000000000000000e+02
3.057000000000000000e+03
2.690000000000000000e+03
2.385000000000000000e+03
2.929000000000000000e+03
2.070000000000000000e+02
1.580000000000000000e+02
1.586000000000000000e+03
2.120000000000000000e+02
4.127000000000000000e+03
6.180000000000000000e+02
4.729000000000000000e+03
3.299000000000000000e+03
2.291000000000000000e+03
1.217000000000000000e+03
4.732000000000000000e+03
4.394000000000000000e+03
1.869000000000000000e+03
1.859000000000000000e+03
3.856000000000000000e+03
7.630000000000000000e+02
4.089000000000000000e+03
5.202000000000000000e+03
1.200000000000000000e+01
4.172000000000000000e+03
1.040000000000000000e+03
4.126000000000000000e+03
2.440000000000000000e+02
2.100000000000000000e+01
3.581000000000000000e+03
2.887000000000000000e+03
2.099000000000000000e+03
2.233000000000000000e+03
1.088000000000000000e+03
4.824000000000000000e+03
5.129000000000000000e+03
1.250000000000000000e+03
4.343000000000000000e+03
4.625000000000000000e+03
5.940000000000000000e+02
6.600000000000000000e+01
3.413000000000000000e+03
5.122000000000000000e+03
1.093000000000000000e+03
4.240000000000000000e+02
7.310000000000000000e+02
2.727000000000000000e+03
1.010000000000000000e+03
5.490000000000000000e+02
3.051000000000000000e+03
3.442000000000000000e+03
3.974000000000000000e+03
3.292000000000000000e+03
3.781000000000000000e+03
2.870000000000000000e+02
2.700000000000000000e+01
3.096000000000000000e+03
9.240000000000000000e+02
3.866000000000000000e+03
2.603000000000000000e+03
1.033000000000000000e+03
4.869000000000000000e+03
1.479000000000000000e+03
4.123000000000000000e+03
2.168000000000000000e+03
2.954000000000000000e+03
6.840000000000000000e+02
4.796000000000000000e+03
4.320000000000000000e+03
1.849000000000000000e+03
3.391000000000000000e+03
1.542000000000000000e+03
8.410000000000000000e+02
5.053000000000000000e+03
1.005000000000000000e+03
1.035000000000000000e+03
3.674000000000000000e+03
1.887000000000000000e+03
2.825000000000000000e+03
1.903000000000000000e+03
4.200000000000000000e+02
5.009000000000000000e+03
7.970000000000000000e+02
3.850000000000000000e+02
7.880000000000000000e+02
4.045000000000000000e+03
6.950000000000000000e+02
1.052000000000000000e+03
6.940000000000000000e+02
3.520000000000000000e+02
6.580000000000000000e+02
2.708000000000000000e+03
1.059000000000000000e+03
1.694000000000000000e+03
3.413000000000000000e+03
1.730000000000000000e+02
1.240000000000000000e+02
5.221000000000000000e+03
4.655000000000000000e+03
4.555000000000000000e+03
3.988000000000000000e+03
4.627000000000000000e+03
4.638000000000000000e+03
2.865000000000000000e+03
1.691000000000000000e+03
3.871000000000000000e+03
2.960000000000000000e+02
4.796000000000000000e+03
1.578000000000000000e+03
8.250000000000000000e+02
5.052000000000000000e+03
1.247000000000000000e+03
5.219000000000000000e+03
1.608000000000000000e+03
3.463000000000000000e+03
2.845000000000000000e+03
4.006000000000000000e+03
4.587000000000000000e+03
8.800000000000000000e+02
1.182000000000000000e+03
3.268000000000000000e+03
1.900000000000000000e+01
9.020000000000000000e+02
1.990000000000000000e+02
4.752000000000000000e+03
2.443000000000000000e+03
1.694000000000000000e+03
2.411000000000000000e+03
2.659000000000000000e+03
4.957000000000000000e+03
8.700000000000000000e+01
1.691000000000000000e+03
7.320000000000000000e+02
3.383000000000000000e+03
1.836000000000000000e+03
3.368000000000000000e+03
4.211000000000000000e+03
2.206000000000000000e+03
4.574000000000000000e+03
4.017000000000000000e+03
2.613000000000000000e+03
4.733000000000000000e+03
2.530000000000000000e+03
5.111000000000000000e+03
4.280000000000000000e+02
3.418000000000000000e+03
2.680000000000000000e+02
4.759000000000000000e+03
1.730000000000000000e+02
2.986000000000000000e+03
2.263000000000000000e+03
3.030000000000000000e+03
4.421000000000000000e+03
2.980000000000000000e+02
4.739000000000000000e+03
4.069000000000000000e+03
8.220000000000000000e+02
4.499000000000000000e+03
5.100000000000000000e+02
4.014000000000000000e+03
2.012000000000000000e+03
3.929000000000000000e+03
1.590000000000000000e+02
3.837000000000000000e+03
2.064000000000000000e+03
2.123000000000000000e+03
1.003000000000000000e+03
4.169000000000000000e+03
2.200000000000000000e+03
1.143000000000000000e+03
2.730000000000000000e+03
4.753000000000000000e+03
2.749000000000000000e+03
3.676000000000000000e+03
1.813000000000000000e+03
4.671000000000000000e+03
4.194000000000000000e+03
4.182000000000000000e+03
2.311000000000000000e+03
4.718000000000000000e+03
3.992000000000000000e+03
1.520000000000000000e+02
1.416000000000000000e+03
4.974000000000000000e+03
3.566000000000000000e+03
4.210000000000000000e+02
2.669000000000000000e+03
5.213000000000000000e+03
3.165000000000000000e+03
5.122000000000000000e+03
2.814000000000000000e+03
2.764000000000000000e+03
3.776000000000000000e+03
5.009000000000000000e+03
2.133000000000000000e+03
5.199000000000000000e+03
4.182000000000000000e+03
2.570000000000000000e+03
1.377000000000000000e+03
1.207000000000000000e+03
5.120000000000000000e+02
4.560000000000000000e+02
1.777000000000000000e+03
5.106000000000000000e+03
3.930000000000000000e+02
1.640000000000000000e+03
4.712000000000000000e+03
1.140000000000000000e+02
5.239000000000000000e+03
1.134000000000000000e+03
3.079000000000000000e+03
3.597000000000000000e+03
8.000000000000000000e+02
1.689000000000000000e+03
2.986000000000000000e+03
5.161000000000000000e+03
7.300000000000000000e+01
4.933000000000000000e+03
2.700000000000000000e+03
3.709000000000000000e+03
4.548000000000000000e+03
1.523000000000000000e+03
4.507000000000000000e+03
3.016000000000000000e+03
5.074000000000000000e+03
1.639000000000000000e+03
1.073000000000000000e+03
3.230000000000000000e+02
6.780000000000000000e+02
1.348000000000000000e+03
1.273000000000000000e+03
4.838000000000000000e+03
3.322000000000000000e+03
2.266000000000000000e+03
1.197000000000000000e+03
3.269000000000000000e+03
8.330000000000000000e+02
1.011000000000000000e+03
3.228000000000000000e+03
3.300000000000000000e+02
4.937000000000000000e+03
2.385000000000000000e+03
4.010000000000000000e+02
4.972000000000000000e+03
3.326000000000000000e+03
3.853000000000000000e+03
8.040000000000000000e+02
1.312000000000000000e+03
5.028000000000000000e+03
4.882000000000000000e+03
1.296000000000000000e+03
3.490000000000000000e+03
3.217000000000000000e+03
4.983000000000000000e+03
3.466000000000000000e+03
2.194000000000000000e+03
2.432000000000000000e+03
3.191000000000000000e+03
5.050000000000000000e+02
2.345000000000000000e+03
1.827000000000000000e+03
2.121000000000000000e+03
3.481000000000000000e+03
3.128000000000000000e+03
4.536000000000000000e+03
3.310000000000000000e+02
3.260000000000000000e+03
2.182000000000000000e+03
4.826000000000000000e+03
3.853000000000000000e+03
3.370000000000000000e+02
3.402000000000000000e+03
1.192000000000000000e+03
2.555000000000000000e+03
2.147000000000000000e+03
9.610000000000000000e+02
2.827000000000000000e+03
4.162000000000000000e+03
3.336000000000000000e+03
8.590000000000000000e+02
4.611000000000000000e+03
3.670000000000000000e+03
4.028000000000000000e+03
4.000000000000000000e+01
7.900000000000000000e+01
5.020000000000000000e+02
2.500000000000000000e+03
4.073000000000000000e+03
1.640000000000000000e+02
4.810000000000000000e+03
2.145000000000000000e+03
8.200000000000000000e+01
5.209000000000000000e+03
8.980000000000000000e+02
4.079000000000000000e+03
3.922000000000000000e+03
3.122000000000000000e+03
4.881000000000000000e+03
1.900000000000000000e+03
4.497000000000000000e+03
1.600000000000000000e+02
1.969000000000000000e+03
3.042000000000000000e+03
5.231000000000000000e+03
1.336000000000000000e+03
4.274000000000000000e+03
3.543000000000000000e+03
3.499000000000000000e+03
2.072000000000000000e+03
2.365000000000000000e+03
4.526000000000000000e+03
2.555000000000000000e+03
3.826000000000000000e+03
4.540000000000000000e+02
2.946000000000000000e+03
4.970000000000000000e+03
1.198000000000000000e+03
4.629000000000000000e+03
1.917000000000000000e+03
5.320000000000000000e+02
5.680000000000000000e+02
4.080000000000000000e+03
2.106000000000000000e+03
1.850000000000000000e+03
1.696000000000000000e+03
3.356000000000000000e+03
3.679000000000000000e+03
2.489000000000000000e+03
4.382000000000000000e+03
3.546000000000000000e+03
4.216000000000000000e+03
2.524000000000000000e+03
4.656000000000000000e+03
3.515000000000000000e+03
4.884000000000000000e+03
3.970000000000000000e+03
2.860000000000000000e+02
7.730000000000000000e+02
2.220000000000000000e+03
4.569000000000000000e+03
4.828000000000000000e+03
6.770000000000000000e+02
3.400000000000000000e+02
3.481000000000000000e+03
5.206000000000000000e+03
3.540000000000000000e+03
1.399000000000000000e+03
4.653000000000000000e+03
2.380000000000000000e+03
3.517000000000000000e+03
1.031000000000000000e+03
1.509000000000000000e+03
2.079000000000000000e+03
3.504000000000000000e+03
1.566000000000000000e+03
9.200000000000000000e+02
2.917000000000000000e+03
3.610000000000000000e+03
2.734000000000000000e+03
1.513000000000000000e+03
4.188000000000000000e+03
3.729000000000000000e+03
1.841000000000000000e+03
3.038000000000000000e+03
1.586000000000000000e+03
1.980000000000000000e+02
3.597000000000000000e+03
2.590000000000000000e+03
3.753000000000000000e+03
2.786000000000000000e+03
4.010000000000000000e+02
1.085000000000000000e+03
4.781000000000000000e+03
1.141000000000000000e+03
1.952000000000000000e+03
4.238000000000000000e+03
5.128000000000000000e+03
3.654000000000000000e+03
1.845000000000000000e+03
9.800000000000000000e+02
1.362000000000000000e+03
1.838000000000000000e+03
2.429000000000000000e+03
4.187000000000000000e+03
3.496000000000000000e+03
1.031000000000000000e+03
1.405000000000000000e+03
3.074000000000000000e+03
3.562000000000000000e+03
1.356000000000000000e+03
3.803000000000000000e+03
3.803000000000000000e+03
1.609000000000000000e+03
3.183000000000000000e+03
6.080000000000000000e+02
3.993000000000000000e+03
6.390000000000000000e+02
2.901000000000000000e+03
5.109000000000000000e+03
4.993000000000000000e+03
5.530000000000000000e+02
2.198000000000000000e+03
2.721000000000000000e+03
4.822000000000000000e+03
2.046000000000000000e+03
1.969000000000000000e+03
2.032000000000000000e+03
3.653000000000000000e+03
4.063000000000000000e+03
1.409000000000000000e+03
3.430000000000000000e+03
3.650000000000000000e+02
1.994000000000000000e+03
4.410000000000000000e+02
2.090000000000000000e+03
6.430000000000000000e+02
4.348000000000000000e+03
3.996000000000000000e+03
4.870000000000000000e+02
2.781000000000000000e+03
2.167000000000000000e+03
1.565000000000000000e+03
1.108000000000000000e+03
2.305000000000000000e+03
3.232000000000000000e+03
1.548000000000000000e+03
3.407000000000000000e+03
2.912000000000000000e+03
2.220000000000000000e+03
4.844000000000000000e+03
4.374000000000000000e+03
2.555000000000000000e+03
2.768000000000000000e+03
1.149000000000000000e+03
2.810000000000000000e+03
3.429000000000000000e+03
1.317000000000000000e+03
2.280000000000000000e+03
1.937000000000000000e+03
2.880000000000000000e+02
4.705000000000000000e+03
5.103000000000000000e+03
7.680000000000000000e+02
3.908000000000000000e+03
6.520000000000000000e+02
2.534000000000000000e+03
4.672000000000000000e+03
2.374000000000000000e+03
1.506000000000000000e+03
5.044000000000000000e+03
6.400000000000000000e+02
3.850000000000000000e+02
1.398000000000000000e+03
5.093000000000000000e+03
3.360000000000000000e+03
5.150000000000000000e+02
8.340000000000000000e+02
4.792000000000000000e+03
3.935000000000000000e+03
4.901000000000000000e+03
1.780000000000000000e+02
8.180000000000000000e+02
9.100000000000000000e+01
1.132000000000000000e+03
2.892000000000000000e+03
9.210000000000000000e+02
3.985000000000000000e+03
1.166000000000000000e+03
5.500000000000000000e+02
1.488000000000000000e+03
3.857000000000000000e+03
1.691000000000000000e+03
2.960000000000000000e+02
9.570000000000000000e+02
2.977000000000000000e+03
1.422000000000000000e+03
1.702000000000000000e+03
4.011000000000000000e+03
3.281000000000000000e+03
1.631000000000000000e+03
3.910000000000000000e+02
9.850000000000000000e+02
1.794000000000000000e+03
5.157000000000000000e+03
4.856000000000000000e+03
3.142000000000000000e+03
1.775000000000000000e+03
2.631000000000000000e+03
4.390000000000000000e+02
4.910000000000000000e+02
1.170000000000000000e+02
4.061000000000000000e+03
2.675000000000000000e+03
2.175000000000000000e+03
3.557000000000000000e+03
4.437000000000000000e+03
3.744000000000000000e+03
2.448000000000000000e+03
4.483000000000000000e+03
3.841000000000000000e+03
6.590000000000000000e+02
5.058000000000000000e+03
3.734000000000000000e+03
9.380000000000000000e+02
3.404000000000000000e+03
4.626000000000000000e+03
1.020000000000000000e+03
4.221000000000000000e+03
2.871000000000000000e+03
3.729000000000000000e+03
7.180000000000000000e+02
3.249000000000000000e+03
2.880000000000000000e+03
1.072000000000000000e+03
2.324000000000000000e+03
2.899000000000000000e+03
3.615000000000000000e+03
9.090000000000000000e+02
2.240000000000000000e+03
4.334000000000000000e+03
1.023000000000000000e+03
4.773000000000000000e+03
4.730000000000000000e+02
2.461000000000000000e+03
4.706000000000000000e+03
5.590000000000000000e+02
8.700000000000000000e+02
4.640000000000000000e+03
3.220000000000000000e+02
2.941000000000000000e+03
1.057000000000000000e+03
1.287000000000000000e+03
4.712000000000000000e+03
4.366000000000000000e+03
6.560000000000000000e+02
4.121000000000000000e+03
7.300000000000000000e+02
3.240000000000000000e+03
1.553000000000000000e+03
5.070000000000000000e+02
2.142000000000000000e+03
4.777000000000000000e+03
3.425000000000000000e+03
2.770000000000000000e+03
3.130000000000000000e+03
1.280000000000000000e+03
9.810000000000000000e+02
2.632000000000000000e+03
4.041000000000000000e+03
6.830000000000000000e+02
2.850000000000000000e+02
2.341000000000000000e+03
4.557000000000000000e+03
8.100000000000000000e+02
3.246000000000000000e+03
5.199000000000000000e+03
4.690000000000000000e+02
2.603000000000000000e+03
4.677000000000000000e+03
2.861000000000000000e+03
4.550000000000000000e+02
4.739000000000000000e+03
4.689000000000000000e+03
6.920000000000000000e+02
3.250000000000000000e+03
3.200000000000000000e+03
3.550000000000000000e+02
4.370000000000000000e+02
4.977000000000000000e+03
3.598000000000000000e+03
2.499000000000000000e+03
3.042000000000000000e+03
4.964000000000000000e+03
3.946000000000000000e+03
4.260000000000000000e+02
3.948000000000000000e+03
4.770000000000000000e+03
2.492000000000000000e+03
1.870000000000000000e+02
1.140000000000000000e+03
5.340000000000000000e+02
3.824000000000000000e+03
4.698000000000000000e+03
2.939000000000000000e+03
1.619000000000000000e+03
4.166000000000000000e+03
4.716000000000000000e+03
3.260000000000000000e+02
9.520000000000000000e+02
4.289000000000000000e+03
1.989000000000000000e+03
2.128000000000000000e+03
5.072000000000000000e+03
1.024000000000000000e+03
4.399000000000000000e+03
5.071000000000000000e+03
1.920000000000000000e+03
1.514000000000000000e+03
2.636000000000000000e+03
3.770000000000000000e+03
4.849000000000000000e+03
5.420000000000000000e+02
1.080000000000000000e+03
4.018000000000000000e+03
5.011000000000000000e+03
2.604000000000000000e+03
1.336000000000000000e+03
3.512000000000000000e+03
6.600000000000000000e+01
1.958000000000000000e+03
4.441000000000000000e+03
1.427000000000000000e+03
2.374000000000000000e+03
8.610000000000000000e+02
4.775000000000000000e+03
2.057000000000000000e+03
1.480000000000000000e+02
3.825000000000000000e+03
3.146000000000000000e+03
4.347000000000000000e+03
5.990000000000000000e+02
1.105000000000000000e+03
5.410000000000000000e+02
2.067000000000000000e+03
4.452000000000000000e+03
3.700000000000000000e+02
4.375000000000000000e+03
2.825000000000000000e+03
3.909000000000000000e+03
1.497000000000000000e+03
3.191000000000000000e+03
1.652000000000000000e+03
1.731000000000000000e+03
1.407000000000000000e+03
2.275000000000000000e+03
2.963000000000000000e+03
1.606000000000000000e+03
2.203000000000000000e+03
4.366000000000000000e+03
1.520000000000000000e+03
2.587000000000000000e+03
3.400000000000000000e+03
3.102000000000000000e+03
4.668000000000000000e+03
3.800000000000000000e+01
1.505000000000000000e+03
1.211000000000000000e+03
1.147000000000000000e+03
2.655000000000000000e+03
5.006000000000000000e+03
3.420000000000000000e+02
2.931000000000000000e+03
2.530000000000000000e+03
2.508000000000000000e+03
4.813000000000000000e+03
3.091000000000000000e+03
4.085000000000000000e+03
8.770000000000000000e+02
3.940000000000000000e+03
4.190000000000000000e+02
3.308000000000000000e+03
1.070000000000000000e+02
3.146000000000000000e+03
1.596000000000000000e+03
2.274000000000000000e+03
1.116000000000000000e+03
1.192000000000000000e+03
3.237000000000000000e+03
2.815000000000000000e+03
4.520000000000000000e+03
7.030000000000000000e+02
1.634000000000000000e+03
2.000000000000000000e+03
1.148000000000000000e+03
1.611000000000000000e+03
1.659000000000000000e+03
4.764000000000000000e+03
4.916000000000000000e+03
4.947000000000000000e+03
5.095000000000000000e+03
2.517000000000000000e+03
3.376000000000000000e+03
4.696000000000000000e+03
3.661000000000000000e+03
1.279000000000000000e+03
5.044000000000000000e+03
3.866000000000000000e+03
2.279000000000000000e+03
3.124000000000000000e+03
4.068000000000000000e+03
3.418000000000000000e+03
1.935000000000000000e+03
4.765000000000000000e+03
4.119000000000000000e+03
6.950000000000000000e+02
2.565000000000000000e+03
1.923000000000000000e+03
1.132000000000000000e+03
1.568000000000000000e+03
2.735000000000000000e+03
1.454000000000000000e+03
4.541000000000000000e+03
4.327000000000000000e+03
1.884000000000000000e+03
4.570000000000000000e+03
4.618000000000000000e+03
4.628000000000000000e+03
1.806000000000000000e+03
3.879000000000000000e+03
1.247000000000000000e+03
4.788000000000000000e+03
4.185000000000000000e+03
4.852000000000000000e+03
3.851000000000000000e+03
3.364000000000000000e+03
9.470000000000000000e+02
5.202000000000000000e+03
2.296000000000000000e+03
1.591000000000000000e+03
4.470000000000000000e+02
1.971000000000000000e+03
3.995000000000000000e+03
2.964000000000000000e+03
4.267000000000000000e+03
6.950000000000000000e+02
1.152000000000000000e+03
3.561000000000000000e+03
2.492000000000000000e+03
3.160000000000000000e+02
4.880000000000000000e+02
3.289000000000000000e+03
4.282000000000000000e+03
3.841000000000000000e+03
4.156000000000000000e+03
1.675000000000000000e+03
3.570000000000000000e+03
2.842000000000000000e+03
2.188000000000000000e+03
3.432000000000000000e+03
4.150000000000000000e+03
2.845000000000000000e+03
2.893000000000000000e+03
1.103000000000000000e+03
1.408000000000000000e+03
5.370000000000000000e+02
4.450000000000000000e+02
3.442000000000000000e+03
1.364000000000000000e+03
8.000000000000000000e+02
1.893000000000000000e+03
5.088000000000000000e+03
1.744000000000000000e+03
2.753000000000000000e+03
4.110000000000000000e+02
2.728000000000000000e+03
5.830000000000000000e+02
4.743000000000000000e+03
2.773000000000000000e+03
4.530000000000000000e+02
2.340000000000000000e+02
3.131000000000000000e+03
3.960000000000000000e+02
4.255000000000000000e+03
1.761000000000000000e+03
3.848000000000000000e+03
4.882000000000000000e+03
5.165000000000000000e+03
3.444000000000000000e+03
1.642000000000000000e+03
4.852000000000000000e+03
4.604000000000000000e+03
4.501000000000000000e+03
1.943000000000000000e+03
4.840000000000000000e+02
4.415000000000000000e+03
5.022000000000000000e+03
3.203000000000000000e+03
1.206000000000000000e+03
2.654000000000000000e+03
5.560000000000000000e+02
4.400000000000000000e+03
4.400000000000000000e+03
4.306000000000000000e+03
1.197000000000000000e+03
3.621000000000000000e+03
2.840000000000000000e+02
5.216000000000000000e+03
3.168000000000000000e+03
8.070000000000000000e+02
1.119000000000000000e+03
3.206000000000000000e+03
2.492000000000000000e+03
4.743000000000000000e+03
3.485000000000000000e+03
3.023000000000000000e+03
3.840000000000000000e+02
3.117000000000000000e+03
1.928000000000000000e+03
3.165000000000000000e+03
5.032000000000000000e+03
7.420000000000000000e+02
2.870000000000000000e+03
4.346000000000000000e+03
2.482000000000000000e+03
3.421000000000000000e+03
4.728000000000000000e+03
4.680000000000000000e+03
5.150000000000000000e+02
1.790000000000000000e+03
1.159000000000000000e+03
5.000000000000000000e+03
3.222000000000000000e+03
2.040000000000000000e+02
7.840000000000000000e+02
3.872000000000000000e+03
1.150000000000000000e+02
4.842000000000000000e+03
4.650000000000000000e+02
3.064000000000000000e+03
1.119000000000000000e+03
5.200000000000000000e+02
5.026000000000000000e+03
9.900000000000000000e+02
7.900000000000000000e+01
3.055000000000000000e+03
4.274000000000000000e+03
4.577000000000000000e+03
2.545000000000000000e+03
2.718000000000000000e+03
4.106000000000000000e+03
1.887000000000000000e+03
1.250000000000000000e+02
1.583000000000000000e+03
3.464000000000000000e+03
8.760000000000000000e+02
7.900000000000000000e+02
6.570000000000000000e+02
3.291000000000000000e+03
4.880000000000000000e+02
2.236000000000000000e+03
1.636000000000000000e+03
4.017000000000000000e+03
1.222000000000000000e+03
2.601000000000000000e+03
6.330000000000000000e+02
4.432000000000000000e+03
3.011000000000000000e+03
3.498000000000000000e+03
5.116000000000000000e+03
3.311000000000000000e+03
2.450000000000000000e+03
3.448000000000000000e+03
2.046000000000000000e+03
1.250000000000000000e+03
9.980000000000000000e+02
3.483000000000000000e+03
2.900000000000000000e+03
4.041000000000000000e+03
3.342000000000000000e+03
1.667000000000000000e+03
4.538000000000000000e+03
1.526000000000000000e+03
6.920000000000000000e+02
4.720000000000000000e+03
4.887000000000000000e+03
3.050000000000000000e+02
3.808000000000000000e+03
3.558000000000000000e+03
4.601000000000000000e+03
2.880000000000000000e+02
2.989000000000000000e+03
3.233000000000000000e+03
3.879000000000000000e+03
2.702000000000000000e+03
1.479000000000000000e+03
5.113000000000000000e+03
4.807000000000000000e+03
6.640000000000000000e+02
2.970000000000000000e+02
2.474000000000000000e+03
1.295000000000000000e+03
4.698000000000000000e+03
4.189000000000000000e+03
4.526000000000000000e+03
4.744000000000000000e+03
1.954000000000000000e+03
2.627000000000000000e+03
2.622000000000000000e+03
4.259000000000000000e+03
3.681000000000000000e+03
3.356000000000000000e+03
5.179000000000000000e+03
4.441000000000000000e+03
2.759000000000000000e+03
1.371000000000000000e+03
1.929000000000000000e+03
1.728000000000000000e+03
6.730000000000000000e+02
1.944000000000000000e+03
1.399000000000000000e+03
3.244000000000000000e+03
4.349000000000000000e+03
1.639000000000000000e+03
1.428000000000000000e+03
4.985000000000000000e+03
4.458000000000000000e+03
4.348000000000000000e+03
2.006000000000000000e+03
9.670000000000000000e+02
1.950000000000000000e+03
3.682000000000000000e+03
3.372000000000000000e+03
2.100000000000000000e+03
3.413000000000000000e+03
2.590000000000000000e+02
4.968000000000000000e+03
6.770000000000000000e+02
8.850000000000000000e+02
4.400000000000000000e+01
4.369000000000000000e+03
1.466000000000000000e+03
5.075000000000000000e+03
3.391000000000000000e+03
2.492000000000000000e+03
2.765000000000000000e+03
5.620000000000000000e+02
4.940000000000000000e+02
3.517000000000000000e+03
3.686000000000000000e+03
4.935000000000000000e+03
2.768000000000000000e+03
3.700000000000000000e+01
2.006000000000000000e+03
2.263000000000000000e+03
1.101000000000000000e+03
1.570000000000000000e+03
1.874000000000000000e+03
8.200000000000000000e+01
2.710000000000000000e+03
4.829000000000000000e+03
2.851000000000000000e+03
3.623000000000000000e+03
1.605000000000000000e+03
6.220000000000000000e+02
1.440000000000000000e+03
1.950000000000000000e+02
2.200000000000000000e+02
4.602000000000000000e+03
2.982000000000000000e+03
3.214000000000000000e+03
4.407000000000000000e+03
2.694000000000000000e+03
4.387000000000000000e+03
1.681000000000000000e+03
4.032000000000000000e+03
1.399000000000000000e+03
1.564000000000000000e+03
4.841000000000000000e+03
2.619000000000000000e+03
7.200000000000000000e+02
3.485000000000000000e+03
1.328000000000000000e+03
3.472000000000000000e+03
1.373000000000000000e+03
1.176000000000000000e+03
5.033000000000000000e+03
2.930000000000000000e+02
4.193000000000000000e+03
3.100000000000000000e+03
3.712000000000000000e+03
4.887000000000000000e+03
4.499000000000000000e+03
3.388000000000000000e+03
2.402000000000000000e+03
4.104000000000000000e+03
1.540000000000000000e+02
5.218000000000000000e+03
4.520000000000000000e+03
3.819000000000000000e+03
4.374000000000000000e+03
4.202000000000000000e+03
3.013000000000000000e+03
4.452000000000000000e+03
4.710000000000000000e+02
3.590000000000000000e+03
4.595000000000000000e+03
4.970000000000000000e+03
1.345000000000000000e+03
1.965000000000000000e+03
1.410000000000000000e+03
3.620000000000000000e+02
3.906000000000000000e+03
4.815000000000000000e+03
3.350000000000000000e+03
1.094000000000000000e+03
4.061000000000000000e+03
5.050000000000000000e+02
1.928000000000000000e+03
1.943000000000000000e+03
1.967000000000000000e+03
1.826000000000000000e+03
3.296000000000000000e+03
4.725000000000000000e+03
1.636000000000000000e+03
4.289000000000000000e+03
5.098000000000000000e+03
4.589000000000000000e+03
3.710000000000000000e+02
4.010000000000000000e+02
2.950000000000000000e+02
4.125000000000000000e+03
4.604000000000000000e+03
2.987000000000000000e+03
8.780000000000000000e+02
1.160000000000000000e+02
1.814000000000000000e+03
1.385000000000000000e+03
3.342000000000000000e+03
4.900000000000000000e+02
3.701000000000000000e+03
3.569000000000000000e+03
4.623000000000000000e+03
3.630000000000000000e+02
4.065000000000000000e+03
3.013000000000000000e+03
4.260000000000000000e+02
4.474000000000000000e+03
4.586000000000000000e+03
3.665000000000000000e+03
1.770000000000000000e+02
1.348000000000000000e+03
3.960000000000000000e+03
4.300000000000000000e+01
4.060000000000000000e+02
2.350000000000000000e+02
1.455000000000000000e+03
3.490000000000000000e+02
3.975000000000000000e+03
1.635000000000000000e+03
1.101000000000000000e+03
3.397000000000000000e+03
2.773000000000000000e+03
4.010000000000000000e+02
7.520000000000000000e+02
9.600000000000000000e+01
4.970000000000000000e+03
1.200000000000000000e+01
6.910000000000000000e+02
8.000000000000000000e+01
2.422000000000000000e+03
2.823000000000000000e+03
2.615000000000000000e+03
3.413000000000000000e+03
4.775000000000000000e+03
3.153000000000000000e+03
1.675000000000000000e+03
1.825000000000000000e+03
1.482000000000000000e+03
2.591000000000000000e+03
1.816000000000000000e+03
3.210000000000000000e+03
1.491000000000000000e+03
3.523000000000000000e+03
1.113000000000000000e+03
2.749000000000000000e+03
3.958000000000000000e+03
3.339000000000000000e+03
2.324000000000000000e+03
5.134000000000000000e+03
4.979000000000000000e+03
1.017000000000000000e+03
5.800000000000000000e+01
4.757000000000000000e+03
2.732000000000000000e+03
1.660000000000000000e+03
2.675000000000000000e+03
4.270000000000000000e+03
4.724000000000000000e+03
1.196000000000000000e+03
7.090000000000000000e+02
1.298000000000000000e+03
1.438000000000000000e+03
2.385000000000000000e+03
3.975000000000000000e+03
4.322000000000000000e+03
3.789000000000000000e+03
4.974000000000000000e+03
1.938000000000000000e+03
2.803000000000000000e+03
4.893000000000000000e+03
4.340000000000000000e+02
3.194000000000000000e+03
3.879000000000000000e+03
2.089000000000000000e+03
4.201000000000000000e+03
1.601000000000000000e+03
6.180000000000000000e+02
1.983000000000000000e+03
3.932000000000000000e+03
2.416000000000000000e+03
2.406000000000000000e+03
1.206000000000000000e+03
2.730000000000000000e+03
2.263000000000000000e+03
4.046000000000000000e+03
4.790000000000000000e+03
1.900000000000000000e+03
4.690000000000000000e+02
2.567000000000000000e+03
2.886000000000000000e+03
4.711000000000000000e+03
4.293000000000000000e+03
5.300000000000000000e+01
9.490000000000000000e+02
3.451000000000000000e+03
8.450000000000000000e+02
4.460000000000000000e+03
3.152000000000000000e+03
1.449000000000000000e+03
2.914000000000000000e+03
5.073000000000000000e+03
3.404000000000000000e+03
4.977000000000000000e+03
2.017000000000000000e+03
1.545000000000000000e+03
1.833000000000000000e+03
5.099000000000000000e+03
4.954000000000000000e+03
9.970000000000000000e+02
1.147000000000000000e+03
4.410000000000000000e+03
5.840000000000000000e+02
3.890000000000000000e+03
1.524000000000000000e+03
3.003000000000000000e+03
3.600000000000000000e+03
9.780000000000000000e+02
3.850000000000000000e+03
1.760000000000000000e+02
2.065000000000000000e+03
4.248000000000000000e+03
1.659000000000000000e+03
3.008000000000000000e+03
2.202000000000000000e+03
3.789000000000000000e+03
2.200000000000000000e+03
2.271000000000000000e+03
3.762000000000000000e+03
4.912000000000000000e+03
4.813000000000000000e+03
1.160000000000000000e+03
4.334000000000000000e+03
2.815000000000000000e+03
1.943000000000000000e+03
9.720000000000000000e+02
2.220000000000000000e+03
1.089000000000000000e+03
2.043000000000000000e+03
1.036000000000000000e+03
1.843000000000000000e+03
1.371000000000000000e+03
8.010000000000000000e+02
3.002000000000000000e+03
2.878000000000000000e+03
4.303000000000000000e+03
1.488000000000000000e+03
4.976000000000000000e+03
2.860000000000000000e+02
3.913000000000000000e+03
4.740000000000000000e+02
3.921000000000000000e+03
1.839000000000000000e+03
2.895000000000000000e+03
5.057000000000000000e+03
1.300000000000000000e+01
6.900000000000000000e+02
4.565000000000000000e+03
1.280000000000000000e+03
7.030000000000000000e+02
4.566000000000000000e+03
1.572000000000000000e+03
3.349000000000000000e+03
3.211000000000000000e+03
1.846000000000000000e+03
3.571000000000000000e+03
2.691000000000000000e+03
3.074000000000000000e+03
2.008000000000000000e+03
4.186000000000000000e+03
2.510000000000000000e+03
3.004000000000000000e+03
1.619000000000000000e+03
2.684000000000000000e+03
2.341000000000000000e+03
3.009000000000000000e+03
4.975000000000000000e+03
2.463000000000000000e+03
2.018000000000000000e+03
4.793000000000000000e+03
1.046000000000000000e+03
4.103000000000000000e+03
4.762000000000000000e+03
3.099000000000000000e+03
4.981000000000000000e+03
1.545000000000000000e+03
2.904000000000000000e+03
3.770000000000000000e+03
1.004000000000000000e+03
1.982000000000000000e+03
4.237000000000000000e+03
2.121000000000000000e+03
2.240000000000000000e+02
1.970000000000000000e+02
2.579000000000000000e+03
1.431000000000000000e+03
4.537000000000000000e+03
9.630000000000000000e+02
4.172000000000000000e+03
4.395000000000000000e+03
1.359000000000000000e+03
3.932000000000000000e+03
3.842000000000000000e+03
2.007000000000000000e+03
3.697000000000000000e+03
2.365000000000000000e+03
3.452000000000000000e+03
1.542000000000000000e+03
7.950000000000000000e+02
5.800000000000000000e+01
4.617000000000000000e+03
3.286000000000000000e+03
5.202000000000000000e+03
1.377000000000000000e+03
4.790000000000000000e+02
3.764000000000000000e+03
1.000000000000000000e+03
1.786000000000000000e+03
4.865000000000000000e+03
2.416000000000000000e+03
2.800000000000000000e+01
1.295000000000000000e+03
1.419000000000000000e+03
1.768000000000000000e+03
2.210000000000000000e+03
7.260000000000000000e+02
8.580000000000000000e+02
2.859000000000000000e+03
8.340000000000000000e+02
1.876000000000000000e+03
7.970000000000000000e+02
5.044000000000000000e+03
4.376000000000000000e+03
1.206000000000000000e+03
5.490000000000000000e+02
1.561000000000000000e+03
3.429000000000000000e+03
1.800000000000000000e+03
2.434000000000000000e+03
1.420000000000000000e+03
1.081000000000000000e+03
5.202000000000000000e+03
2.179000000000000000e+03
3.124000000000000000e+03
5.208000000000000000e+03
2.731000000000000000e+03
2.240000000000000000e+02
2.133000000000000000e+03
1.897000000000000000e+03
5.046000000000000000e+03
1.803000000000000000e+03
3.069000000000000000e+03
2.900000000000000000e+02
6.280000000000000000e+02
4.271000000000000000e+03
4.020000000000000000e+02
4.988000000000000000e+03
3.919000000000000000e+03
1.604000000000000000e+03
2.440000000000000000e+03
6.700000000000000000e+02
1.026000000000000000e+03
3.577000000000000000e+03
1.784000000000000000e+03
1.047000000000000000e+03
4.971000000000000000e+03
2.330000000000000000e+02
2.934000000000000000e+03
3.888000000000000000e+03
4.278000000000000000e+03
3.226000000000000000e+03
5.063000000000000000e+03
3.194000000000000000e+03
4.370000000000000000e+03
4.495000000000000000e+03
1.170000000000000000e+03
3.360000000000000000e+03
3.633000000000000000e+03
1.093000000000000000e+03
4.400000000000000000e+01
4.492000000000000000e+03
5.239000000000000000e+03
4.000000000000000000e+01
3.822000000000000000e+03
2.506000000000000000e+03
3.129000000000000000e+03
3.402000000000000000e+03
4.210000000000000000e+03
4.481000000000000000e+03
3.010000000000000000e+02
1.037000000000000000e+03
3.300000000000000000e+02
2.751000000000000000e+03
2.930000000000000000e+02
2.054000000000000000e+03
4.180000000000000000e+02
2.479000000000000000e+03
4.387000000000000000e+03
1.033000000000000000e+03
2.742000000000000000e+03
9.500000000000000000e+02
3.599000000000000000e+03
5.310000000000000000e+02
4.836000000000000000e+03
5.850000000000000000e+02
2.528000000000000000e+03
1.440000000000000000e+03
3.002000000000000000e+03
1.761000000000000000e+03
1.420000000000000000e+03
4.642000000000000000e+03
9.210000000000000000e+02
1.073000000000000000e+03
7.280000000000000000e+02
2.956000000000000000e+03
4.027000000000000000e+03
2.999000000000000000e+03
1.287000000000000000e+03
3.700000000000000000e+01
3.905000000000000000e+03
3.078000000000000000e+03
2.370000000000000000e+02
5.205000000000000000e+03
2.608000000000000000e+03
5.002000000000000000e+03
4.740000000000000000e+02
1.518000000000000000e+03
7.550000000000000000e+02
8.990000000000000000e+02
1.591000000000000000e+03
2.080000000000000000e+02
2.836000000000000000e+03
2.744000000000000000e+03
2.863000000000000000e+03
1.400000000000000000e+01
2.151000000000000000e+03
1.575000000000000000e+03
4.607000000000000000e+03
2.270000000000000000e+02
1.255000000000000000e+03
1.401000000000000000e+03
5.850000000000000000e+02
5.950000000000000000e+02
4.540000000000000000e+03
2.175000000000000000e+03
1.031000000000000000e+03
2.851000000000000000e+03
3.692000000000000000e+03
5.190000000000000000e+02
2.069000000000000000e+03
2.334000000000000000e+03
2.845000000000000000e+03
4.385000000000000000e+03
2.656000000000000000e+03
1.956000000000000000e+03
4.250000000000000000e+02
4.696000000000000000e+03
4.696000000000000000e+03
2.809000000000000000e+03
4.185000000000000000e+03
8.780000000000000000e+02
3.187000000000000000e+03
2.200000000000000000e+03
5.990000000000000000e+02
1.334000000000000000e+03
1.007000000000000000e+03
5.076000000000000000e+03
1.034000000000000000e+03
2.884000000000000000e+03
5.990000000000000000e+02
3.744000000000000000e+03
5.540000000000000000e+02
4.862000000000000000e+03
9.570000000000000000e+02
4.365000000000000000e+03
1.280000000000000000e+02
8.210000000000000000e+02
2.941000000000000000e+03
3.681000000000000000e+03
2.328000000000000000e+03
3.963000000000000000e+03
2.240000000000000000e+03
4.131000000000000000e+03
3.535000000000000000e+03
2.834000000000000000e+03
1.548000000000000000e+03
2.447000000000000000e+03
8.390000000000000000e+02
4.064000000000000000e+03
1.826000000000000000e+03
3.306000000000000000e+03
2.469000000000000000e+03
3.733000000000000000e+03
6.910000000000000000e+02
1.850000000000000000e+03
1.959000000000000000e+03
2.720000000000000000e+02
3.121000000000000000e+03
1.535000000000000000e+03
9.090000000000000000e+02
4.825000000000000000e+03
1.572000000000000000e+03
2.484000000000000000e+03
4.258000000000000000e+03
4.810000000000000000e+03
5.173000000000000000e+03
6.460000000000000000e+02
6.190000000000000000e+02
4.482000000000000000e+03
2.421000000000000000e+03
1.719000000000000000e+03
2.461000000000000000e+03
2.183000000000000000e+03
2.983000000000000000e+03
4.084000000000000000e+03
4.863000000000000000e+03
2.378000000000000000e+03
2.507000000000000000e+03
1.548000000000000000e+03
5.036000000000000000e+03
5.300000000000000000e+01
6.250000000000000000e+02
1.730000000000000000e+03
5.239000000000000000e+03
2.775000000000000000e+03
4.886000000000000000e+03
9.210000000000000000e+02
2.049000000000000000e+03
1.005000000000000000e+03
2.135000000000000000e+03
1.060000000000000000e+03
3.040000000000000000e+02
3.955000000000000000e+03
1.880000000000000000e+03
2.667000000000000000e+03
3.709000000000000000e+03
2.358000000000000000e+03
1.826000000000000000e+03
3.830000000000000000e+03
3.124000000000000000e+03
6.800000000000000000e+02
3.696000000000000000e+03
4.607000000000000000e+03
1.795000000000000000e+03
4.988000000000000000e+03
4.028000000000000000e+03
3.218000000000000000e+03
2.413000000000000000e+03
2.850000000000000000e+03
3.082000000000000000e+03
1.410000000000000000e+03
6.800000000000000000e+01
2.597000000000000000e+03
3.688000000000000000e+03
4.394000000000000000e+03
3.849000000000000000e+03
4.320000000000000000e+02
4.605000000000000000e+03
8.000000000000000000e+02
2.954000000000000000e+03
3.661000000000000000e+03
4.189000000000000000e+03
5.330000000000000000e+02
3.173000000000000000e+03
6.430000000000000000e+02
4.843000000000000000e+03
2.252000000000000000e+03
3.169000000000000000e+03
4.119000000000000000e+03
1.477000000000000000e+03
3.396000000000000000e+03
5.114000000000000000e+03
5.146000000000000000e+03
2.401000000000000000e+03
4.218000000000000000e+03
3.476000000000000000e+03
3.909000000000000000e+03
3.717000000000000000e+03
1.902000000000000000e+03
4.477000000000000000e+03
5.560000000000000000e+02
1.048000000000000000e+03
2.699000000000000000e+03
1.255000000000000000e+03
3.613000000000000000e+03
4.890000000000000000e+03
1.115000000000000000e+03
3.408000000000000000e+03
1.334000000000000000e+03
2.224000000000000000e+03
2.157000000000000000e+03
2.772000000000000000e+03
2.653000000000000000e+03
2.847000000000000000e+03
2.932000000000000000e+03
1.639000000000000000e+03
4.411000000000000000e+03
5.134000000000000000e+03
1.484000000000000000e+03
3.202000000000000000e+03
4.125000000000000000e+03
1.923000000000000000e+03
2.321000000000000000e+03
4.570000000000000000e+03
1.949000000000000000e+03
1.155000000000000000e+03
4.692000000000000000e+03
3.166000000000000000e+03
7.640000000000000000e+02
2.920000000000000000e+03
3.000000000000000000e+01
3.884000000000000000e+03
3.063000000000000000e+03
1.838000000000000000e+03
2.143000000000000000e+03
2.168000000000000000e+03
5.450000000000000000e+02
4.092000000000000000e+03
4.544000000000000000e+03
3.134000000000000000e+03
3.926000000000000000e+03
2.074000000000000000e+03
3.901000000000000000e+03
2.979000000000000000e+03
4.510000000000000000e+02
4.814000000000000000e+03
2.970000000000000000e+02
1.848000000000000000e+03
4.643000000000000000e+03
4.208000000000000000e+03
4.208000000000000000e+03
1.553000000000000000e+03
2.021000000000000000e+03
3.378000000000000000e+03
3.679000000000000000e+03
1.094000000000000000e+03
1.756000000000000000e+03
6.110000000000000000e+02
4.242000000000000000e+03
3.983000000000000000e+03
1.903000000000000000e+03
5.154000000000000000e+03
4.752000000000000000e+03
2.698000000000000000e+03
3.030000000000000000e+03
1.524000000000000000e+03
3.263000000000000000e+03
4.713000000000000000e+03
5.216000000000000000e+03
2.127000000000000000e+03
1.667000000000000000e+03
1.198000000000000000e+03
4.320000000000000000e+02
4.047000000000000000e+03
3.138000000000000000e+03
7.550000000000000000e+02
1.401000000000000000e+03
3.260000000000000000e+02
2.398000000000000000e+03
4.336000000000000000e+03
3.916000000000000000e+03
7.040000000000000000e+02
3.309000000000000000e+03
1.623000000000000000e+03
2.110000000000000000e+02
5.770000000000000000e+02
3.897000000000000000e+03
5.173000000000000000e+03
2.440000000000000000e+02
2.681000000000000000e+03
3.746000000000000000e+03
3.834000000000000000e+03
1.949000000000000000e+03
3.596000000000000000e+03
4.793000000000000000e+03
2.788000000000000000e+03
1.982000000000000000e+03
5.093000000000000000e+03
2.845000000000000000e+03
4.832000000000000000e+03
1.049000000000000000e+03
3.812000000000000000e+03
2.370000000000000000e+02
1.432000000000000000e+03
3.300000000000000000e+02
3.617000000000000000e+03
2.102000000000000000e+03
6.150000000000000000e+02
1.782000000000000000e+03
5.000000000000000000e+01
3.492000000000000000e+03
5.600000000000000000e+01
1.796000000000000000e+03
1.400000000000000000e+01
4.740000000000000000e+02
2.337000000000000000e+03
1.040000000000000000e+02
1.576000000000000000e+03
4.513000000000000000e+03
4.447000000000000000e+03
1.900000000000000000e+03
2.581000000000000000e+03
4.179000000000000000e+03
2.987000000000000000e+03
4.562000000000000000e+03
1.291000000000000000e+03
2.782000000000000000e+03
2.836000000000000000e+03
4.328000000000000000e+03
2.781000000000000000e+03
3.343000000000000000e+03
4.320000000000000000e+03
3.694000000000000000e+03
5.054000000000000000e+03
4.227000000000000000e+03
1.123000000000000000e+03
4.067000000000000000e+03
2.561000000000000000e+03
3.858000000000000000e+03
1.233000000000000000e+03
2.790000000000000000e+03
2.532000000000000000e+03
1.232000000000000000e+03
4.801000000000000000e+03
4.371000000000000000e+03
2.401000000000000000e+03
2.580000000000000000e+03
4.719000000000000000e+03
1.529000000000000000e+03
4.979000000000000000e+03
3.850000000000000000e+03
1.949000000000000000e+03
4.682000000000000000e+03
3.047000000000000000e+03
9.780000000000000000e+02
2.704000000000000000e+03
1.275000000000000000e+03
3.946000000000000000e+03
5.800000000000000000e+01
4.153000000000000000e+03
2.266000000000000000e+03
4.668000000000000000e+03
2.465000000000000000e+03
2.220000000000000000e+03
2.834000000000000000e+03
4.658000000000000000e+03
1.940000000000000000e+02
1.666000000000000000e+03
1.260000000000000000e+03
2.734000000000000000e+03
2.019000000000000000e+03
2.237000000000000000e+03
4.248000000000000000e+03
3.719000000000000000e+03
4.373000000000000000e+03
4.968000000000000000e+03
4.611000000000000000e+03
1.944000000000000000e+03
3.888000000000000000e+03
1.883000000000000000e+03
2.367000000000000000e+03
5.000000000000000000e+03
5.990000000000000000e+02
4.431000000000000000e+03
4.055000000000000000e+03
1.568000000000000000e+03
2.345000000000000000e+03
3.698000000000000000e+03
3.840000000000000000e+03
3.264000000000000000e+03
4.722000000000000000e+03
7.200000000000000000e+01
5.410000000000000000e+02
2.929000000000000000e+03
3.442000000000000000e+03
1.626000000000000000e+03
4.085000000000000000e+03
1.230000000000000000e+02
2.854000000000000000e+03
4.579000000000000000e+03
5.039000000000000000e+03
3.466000000000000000e+03
3.349000000000000000e+03
1.896000000000000000e+03
4.682000000000000000e+03
3.440000000000000000e+03
3.325000000000000000e+03
3.946000000000000000e+03
3.658000000000000000e+03
4.970000000000000000e+03
4.330000000000000000e+02
5.019000000000000000e+03
1.454000000000000000e+03
2.942000000000000000e+03
1.372000000000000000e+03
8.050000000000000000e+02
3.774000000000000000e+03
1.200000000000000000e+02
1.355000000000000000e+03
4.322000000000000000e+03
2.770000000000000000e+02
5.203000000000000000e+03
2.886000000000000000e+03
4.289000000000000000e+03
4.666000000000000000e+03
1.421000000000000000e+03
1.584000000000000000e+03
4.876000000000000000e+03
6.430000000000000000e+02
1.995000000000000000e+03
3.403000000000000000e+03
4.187000000000000000e+03
2.870000000000000000e+02
1.692000000000000000e+03
2.783000000000000000e+03
4.274000000000000000e+03
3.071000000000000000e+03
1.002000000000000000e+03
4.220000000000000000e+03
2.160000000000000000e+02
1.702000000000000000e+03
5.141000000000000000e+03
1.940000000000000000e+02
1.466000000000000000e+03
3.760000000000000000e+03
1.322000000000000000e+03
2.579000000000000000e+03
1.394000000000000000e+03
2.200000000000000000e+02
1.701000000000000000e+03
2.029000000000000000e+03
5.131000000000000000e+03
8.930000000000000000e+02
1.014000000000000000e+03
3.687000000000000000e+03
5.237000000000000000e+03
1.457000000000000000e+03
3.780000000000000000e+03
1.929000000000000000e+03
3.621000000000000000e+03
1.925000000000000000e+03
5.087000000000000000e+03
1.924000000000000000e+03
1.010000000000000000e+03
2.455000000000000000e+03
2.851000000000000000e+03
4.599000000000000000e+03
4.134000000000000000e+03
3.210000000000000000e+03
3.940000000000000000e+03
4.953000000000000000e+03
2.720000000000000000e+03
9.700000000000000000e+02
3.971000000000000000e+03
4.970000000000000000e+03
2.181000000000000000e+03
2.465000000000000000e+03
1.593000000000000000e+03
1.346000000000000000e+03
3.504000000000000000e+03
1.730000000000000000e+02
9.810000000000000000e+02
1.001000000000000000e+03
2.172000000000000000e+03
3.630000000000000000e+02
4.122000000000000000e+03
3.964000000000000000e+03
2.344000000000000000e+03
1.405000000000000000e+03
8.920000000000000000e+02
1.710000000000000000e+02
2.220000000000000000e+02
4.609000000000000000e+03
3.654000000000000000e+03
2.884000000000000000e+03
2.390000000000000000e+02
1.978000000000000000e+03
2.688000000000000000e+03
2.549000000000000000e+03
3.955000000000000000e+03
2.465000000000000000e+03
4.744000000000000000e+03
3.229000000000000000e+03
4.703000000000000000e+03
4.672000000000000000e+03
4.500000000000000000e+01
4.580000000000000000e+02
2.806000000000000000e+03
2.337000000000000000e+03
3.494000000000000000e+03
2.483000000000000000e+03
2.266000000000000000e+03
4.942000000000000000e+03
4.566000000000000000e+03
3.420000000000000000e+02
5.193000000000000000e+03
3.535000000000000000e+03
1.550000000000000000e+02
1.900000000000000000e+02
1.851000000000000000e+03
3.091000000000000000e+03
4.074000000000000000e+03
1.300000000000000000e+02
3.852000000000000000e+03
4.826000000000000000e+03
3.459000000000000000e+03
2.998000000000000000e+03
1.576000000000000000e+03
2.810000000000000000e+02
5.184000000000000000e+03
4.926000000000000000e+03
1.070000000000000000e+03
1.611000000000000000e+03
3.966000000000000000e+03
2.200000000000000000e+03
1.540000000000000000e+02
3.709000000000000000e+03
2.314000000000000000e+03
4.228000000000000000e+03
3.243000000000000000e+03
2.545000000000000000e+03
2.046000000000000000e+03
2.871000000000000000e+03
3.537000000000000000e+03
2.140000000000000000e+02
5.199000000000000000e+03
1.231000000000000000e+03
4.923000000000000000e+03
3.550000000000000000e+03
2.198000000000000000e+03
5.142000000000000000e+03
1.832000000000000000e+03
2.488000000000000000e+03
3.444000000000000000e+03
3.180000000000000000e+02
1.484000000000000000e+03
3.082000000000000000e+03
2.183000000000000000e+03
4.141000000000000000e+03
4.020000000000000000e+02
1.356000000000000000e+03
2.305000000000000000e+03
4.401000000000000000e+03
4.866000000000000000e+03
2.500000000000000000e+02
3.428000000000000000e+03
3.510000000000000000e+03
1.407000000000000000e+03
1.163000000000000000e+03
1.002000000000000000e+03
4.924000000000000000e+03
8.030000000000000000e+02
4.231000000000000000e+03
4.180000000000000000e+02
4.204000000000000000e+03
1.216000000000000000e+03
3.933000000000000000e+03
5.800000000000000000e+01
1.800000000000000000e+02
4.049000000000000000e+03
2.069000000000000000e+03
4.763000000000000000e+03
3.958000000000000000e+03
2.046000000000000000e+03
3.500000000000000000e+03
1.940000000000000000e+02
7.490000000000000000e+02
1.105000000000000000e+03
4.418000000000000000e+03
2.538000000000000000e+03
2.736000000000000000e+03
4.042000000000000000e+03
4.467000000000000000e+03
2.233000000000000000e+03
3.864000000000000000e+03
4.800000000000000000e+01
2.143000000000000000e+03
4.895000000000000000e+03
1.879000000000000000e+03
3.188000000000000000e+03
2.428000000000000000e+03
2.095000000000000000e+03
2.735000000000000000e+03
3.185000000000000000e+03
1.970000000000000000e+02
3.034000000000000000e+03
2.328000000000000000e+03
3.823000000000000000e+03
2.313000000000000000e+03
3.588000000000000000e+03
4.796000000000000000e+03
2.543000000000000000e+03
2.641000000000000000e+03
3.176000000000000000e+03
1.983000000000000000e+03
4.250000000000000000e+02
1.482000000000000000e+03
2.386000000000000000e+03
3.047000000000000000e+03
4.834000000000000000e+03
3.316000000000000000e+03
2.396000000000000000e+03
5.870000000000000000e+02
3.879000000000000000e+03
1.337000000000000000e+03
9.560000000000000000e+02
4.873000000000000000e+03
4.923000000000000000e+03
3.116000000000000000e+03
4.780000000000000000e+02
3.840000000000000000e+03
4.495000000000000000e+03
5.174000000000000000e+03
5.103000000000000000e+03
4.513000000000000000e+03
1.093000000000000000e+03
3.450000000000000000e+02
4.527000000000000000e+03
2.471000000000000000e+03
4.100000000000000000e+03
7.310000000000000000e+02
4.880000000000000000e+02
1.350000000000000000e+02
1.757000000000000000e+03
3.330000000000000000e+03
7.240000000000000000e+02
3.428000000000000000e+03
6.570000000000000000e+02
3.813000000000000000e+03
7.000000000000000000e+02
1.642000000000000000e+03
2.055000000000000000e+03
2.434000000000000000e+03
2.909000000000000000e+03
1.071000000000000000e+03
3.004000000000000000e+03
3.005000000000000000e+03
3.442000000000000000e+03
3.567000000000000000e+03
4.957000000000000000e+03
3.483000000000000000e+03
3.172000000000000000e+03
1.876000000000000000e+03
3.208000000000000000e+03
5.190000000000000000e+03
4.054000000000000000e+03
3.730000000000000000e+03
1.359000000000000000e+03
9.140000000000000000e+02
2.979000000000000000e+03
5.270000000000000000e+02
6.610000000000000000e+02
3.905000000000000000e+03
6.380000000000000000e+02
5.143000000000000000e+03
4.026000000000000000e+03
9.280000000000000000e+02
4.920000000000000000e+03
1.774000000000000000e+03
1.309000000000000000e+03
1.500000000000000000e+02
4.403000000000000000e+03
3.818000000000000000e+03
4.777000000000000000e+03
3.620000000000000000e+02
5.103000000000000000e+03
3.931000000000000000e+03
1.719000000000000000e+03
4.318000000000000000e+03
1.985000000000000000e+03
5.231000000000000000e+03
3.263000000000000000e+03
2.603000000000000000e+03
3.751000000000000000e+03
4.065000000000000000e+03
1.580000000000000000e+03
2.054000000000000000e+03
3.087000000000000000e+03
2.420000000000000000e+03
4.568000000000000000e+03
3.016000000000000000e+03
2.056000000000000000e+03
1.530000000000000000e+02
4.252000000000000000e+03
2.167000000000000000e+03
7.780000000000000000e+02
3.310000000000000000e+02
4.063000000000000000e+03
4.849000000000000000e+03
4.433000000000000000e+03
2.771000000000000000e+03
2.989000000000000000e+03
8.980000000000000000e+02
1.989000000000000000e+03
1.907000000000000000e+03
8.290000000000000000e+02
2.367000000000000000e+03
3.850000000000000000e+02
3.319000000000000000e+03
1.576000000000000000e+03
2.149000000000000000e+03
2.160000000000000000e+03
8.580000000000000000e+02
2.538000000000000000e+03
3.420000000000000000e+02
2.351000000000000000e+03
1.173000000000000000e+03
3.117000000000000000e+03
7.140000000000000000e+02
2.160000000000000000e+03
5.237000000000000000e+03
4.307000000000000000e+03
2.833000000000000000e+03
1.098000000000000000e+03
2.596000000000000000e+03
2.640000000000000000e+03
2.789000000000000000e+03
5.177000000000000000e+03
4.414000000000000000e+03
2.417000000000000000e+03
7.520000000000000000e+02
4.957000000000000000e+03
3.352000000000000000e+03
4.472000000000000000e+03
4.150000000000000000e+02
2.933000000000000000e+03
7.080000000000000000e+02
9.570000000000000000e+02
8.480000000000000000e+02
9.010000000000000000e+02
2.310000000000000000e+03
2.141000000000000000e+03
4.481000000000000000e+03
1.096000000000000000e+03
7.690000000000000000e+02
3.939000000000000000e+03
1.582000000000000000e+03
2.431000000000000000e+03
5.106000000000000000e+03
4.917000000000000000e+03
2.160000000000000000e+03
3.706000000000000000e+03
3.990000000000000000e+02
5.142000000000000000e+03
1.730000000000000000e+03
1.031000000000000000e+03
2.997000000000000000e+03
2.200000000000000000e+03
2.630000000000000000e+02
9.230000000000000000e+02
3.420000000000000000e+02
3.603000000000000000e+03
4.150000000000000000e+03
2.053000000000000000e+03
1.157000000000000000e+03
4.234000000000000000e+03
4.172000000000000000e+03
2.256000000000000000e+03
2.080000000000000000e+03
3.076000000000000000e+03
3.836000000000000000e+03
1.678000000000000000e+03
1.934000000000000000e+03
2.591000000000000000e+03
2.058000000000000000e+03
2.758000000000000000e+03
2.658000000000000000e+03
5.147000000000000000e+03
7.810000000000000000e+02
9.200000000000000000e+01
6.910000000000000000e+02
1.385000000000000000e+03
1.562000000000000000e+03
2.869000000000000000e+03
7.640000000000000000e+02
4.197000000000000000e+03
3.300000000000000000e+01
2.314000000000000000e+03
4.394000000000000000e+03
3.268000000000000000e+03
1.534000000000000000e+03
5.400000000000000000e+01
6.000000000000000000e+00
6.370000000000000000e+02
2.689000000000000000e+03
4.319000000000000000e+03
4.860000000000000000e+02
2.713000000000000000e+03
2.597000000000000000e+03
1.823000000000000000e+03
3.626000000000000000e+03
4.082000000000000000e+03
3.399000000000000000e+03
4.886000000000000000e+03
4.527000000000000000e+03
6.670000000000000000e+02
3.800000000000000000e+03
2.791000000000000000e+03
4.160000000000000000e+03
1.215000000000000000e+03
4.278000000000000000e+03
4.707000000000000000e+03
2.627000000000000000e+03
2.314000000000000000e+03
2.317000000000000000e+03
4.795000000000000000e+03
1.290000000000000000e+02
1.610000000000000000e+03
4.122000000000000000e+03
2.300000000000000000e+03
4.829000000000000000e+03
3.283000000000000000e+03
1.236000000000000000e+03
4.926000000000000000e+03
3.360000000000000000e+03
4.028000000000000000e+03
2.693000000000000000e+03
2.655000000000000000e+03
5.170000000000000000e+02
2.000000000000000000e+01
3.822000000000000000e+03
2.886000000000000000e+03
5.187000000000000000e+03
1.645000000000000000e+03
1.047000000000000000e+03
4.041000000000000000e+03
5.063000000000000000e+03
1.869000000000000000e+03
2.245000000000000000e+03
5.097000000000000000e+03
1.749000000000000000e+03
1.007000000000000000e+03
4.323000000000000000e+03
5.031000000000000000e+03
8.690000000000000000e+02
5.197000000000000000e+03
3.926000000000000000e+03
3.458000000000000000e+03
5.170000000000000000e+03
1.004000000000000000e+03
1.743000000000000000e+03
3.934000000000000000e+03
1.211000000000000000e+03
3.907000000000000000e+03
1.520000000000000000e+03
4.032000000000000000e+03
3.501000000000000000e+03
4.936000000000000000e+03
2.757000000000000000e+03
2.690000000000000000e+03
5.044000000000000000e+03
3.477000000000000000e+03
9.400000000000000000e+02
3.341000000000000000e+03
3.796000000000000000e+03
4.860000000000000000e+02
4.268000000000000000e+03
4.162000000000000000e+03
4.963000000000000000e+03
4.320000000000000000e+03
4.610000000000000000e+02
8.180000000000000000e+02
9.520000000000000000e+02
4.706000000000000000e+03
3.099000000000000000e+03
3.353000000000000000e+03
1.591000000000000000e+03
4.008000000000000000e+03
2.799000000000000000e+03
2.723000000000000000e+03
4.474000000000000000e+03
5.233000000000000000e+03
1.608000000000000000e+03
3.042000000000000000e+03
4.310000000000000000e+03
3.531000000000000000e+03
4.365000000000000000e+03
2.600000000000000000e+01
4.684000000000000000e+03
1.938000000000000000e+03
1.213000000000000000e+03
1.471000000000000000e+03
1.056000000000000000e+03
1.968000000000000000e+03
8.170000000000000000e+02
4.602000000000000000e+03
3.900000000000000000e+03
1.719000000000000000e+03
3.098000000000000000e+03
4.208000000000000000e+03
2.289000000000000000e+03
5.054000000000000000e+03
3.991000000000000000e+03
1.986000000000000000e+03
3.770000000000000000e+02
4.920000000000000000e+02
7.300000000000000000e+01
2.998000000000000000e+03
1.967000000000000000e+03
2.642000000000000000e+03
4.266000000000000000e+03
1.240000000000000000e+02
5.233000000000000000e+03
4.511000000000000000e+03
7.240000000000000000e+02
4.011000000000000000e+03
1.043000000000000000e+03
1.308000000000000000e+03
4.498000000000000000e+03
3.577000000000000000e+03
7.140000000000000000e+02
2.001000000000000000e+03
4.863000000000000000e+03
2.501000000000000000e+03
1.318000000000000000e+03
1.883000000000000000e+03
4.980000000000000000e+03
2.375000000000000000e+03
3.362000000000000000e+03
2.776000000000000000e+03
4.011000000000000000e+03
3.830000000000000000e+02
4.647000000000000000e+03
3.902000000000000000e+03
2.310000000000000000e+03
2.013000000000000000e+03
8.730000000000000000e+02
2.292000000000000000e+03
4.843000000000000000e+03
1.794000000000000000e+03
3.311000000000000000e+03
3.681000000000000000e+03
1.293000000000000000e+03
3.992000000000000000e+03
4.530000000000000000e+02
3.697000000000000000e+03
4.722000000000000000e+03
3.437000000000000000e+03
8.350000000000000000e+02
1.899000000000000000e+03
4.518000000000000000e+03
5.096000000000000000e+03
3.467000000000000000e+03
5.159000000000000000e+03
3.526000000000000000e+03
1.506000000000000000e+03
4.725000000000000000e+03
3.993000000000000000e+03
4.188000000000000000e+03
3.881000000000000000e+03
4.829000000000000000e+03
4.727000000000000000e+03
1.848000000000000000e+03
9.090000000000000000e+02
3.228000000000000000e+03
4.721000000000000000e+03
1.460000000000000000e+02
1.010000000000000000e+02
1.589000000000000000e+03
4.727000000000000000e+03
1.753000000000000000e+03
1.330000000000000000e+03
3.288000000000000000e+03
5.125000000000000000e+03
1.124000000000000000e+03
1.011000000000000000e+03
3.765000000000000000e+03
4.672000000000000000e+03
1.125000000000000000e+03
1.970000000000000000e+02
3.183000000000000000e+03
3.529000000000000000e+03
4.108000000000000000e+03
4.117000000000000000e+03
3.791000000000000000e+03
1.622000000000000000e+03
3.702000000000000000e+03
4.077000000000000000e+03
4.012000000000000000e+03
3.813000000000000000e+03
4.367000000000000000e+03
4.949000000000000000e+03
1.417000000000000000e+03
7.350000000000000000e+02
3.129000000000000000e+03
4.640000000000000000e+03
1.493000000000000000e+03
2.225000000000000000e+03
4.357000000000000000e+03
1.513000000000000000e+03
4.127000000000000000e+03
3.495000000000000000e+03
1.580000000000000000e+03
3.960000000000000000e+03
1.141000000000000000e+03
3.352000000000000000e+03
2.306000000000000000e+03
4.521000000000000000e+03
4.460000000000000000e+03
1.450000000000000000e+03
2.850000000000000000e+03
3.660000000000000000e+02
1.088000000000000000e+03
5.790000000000000000e+02
4.490000000000000000e+03
2.712000000000000000e+03
4.086000000000000000e+03
2.374000000000000000e+03
3.005000000000000000e+03
2.574000000000000000e+03
2.542000000000000000e+03
2.717000000000000000e+03
4.184000000000000000e+03
1.337000000000000000e+03
7.080000000000000000e+02
1.341000000000000000e+03
2.434000000000000000e+03
8.360000000000000000e+02
5.223000000000000000e+03
1.270000000000000000e+02
1.185000000000000000e+03
5.020000000000000000e+03
1.901000000000000000e+03
4.005000000000000000e+03
2.927000000000000000e+03
1.835000000000000000e+03
4.157000000000000000e+03
4.586000000000000000e+03
1.623000000000000000e+03
1.860000000000000000e+03
4.733000000000000000e+03
5.137000000000000000e+03
2.980000000000000000e+02
1.169000000000000000e+03
3.782000000000000000e+03
1.089000000000000000e+03
2.842000000000000000e+03
1.691000000000000000e+03
1.781000000000000000e+03
2.633000000000000000e+03
3.243000000000000000e+03
3.866000000000000000e+03
3.788000000000000000e+03
1.118000000000000000e+03
2.020000000000000000e+02
2.845000000000000000e+03
2.146000000000000000e+03
2.180000000000000000e+02
5.147000000000000000e+03
4.661000000000000000e+03
3.990000000000000000e+03
3.343000000000000000e+03
8.170000000000000000e+02
5.028000000000000000e+03
4.801000000000000000e+03
4.200000000000000000e+03
3.491000000000000000e+03
1.371000000000000000e+03
1.543000000000000000e+03
4.051000000000000000e+03
4.095000000000000000e+03
2.808000000000000000e+03
6.290000000000000000e+02
1.373000000000000000e+03
3.413000000000000000e+03
1.787000000000000000e+03
4.931000000000000000e+03
2.681000000000000000e+03
5.720000000000000000e+02
2.998000000000000000e+03
3.540000000000000000e+03
4.303000000000000000e+03
5.170000000000000000e+02
4.445000000000000000e+03
1.698000000000000000e+03
2.021000000000000000e+03
2.214000000000000000e+03
1.523000000000000000e+03
4.669000000000000000e+03
2.647000000000000000e+03
4.259000000000000000e+03
4.481000000000000000e+03
4.251000000000000000e+03
1.023000000000000000e+03
3.859000000000000000e+03
1.900000000000000000e+02
4.768000000000000000e+03
4.256000000000000000e+03
7.830000000000000000e+02
4.251000000000000000e+03
4.716000000000000000e+03
1.000000000000000000e+03
5.054000000000000000e+03
1.303000000000000000e+03
7.020000000000000000e+02
4.470000000000000000e+03
3.016000000000000000e+03
3.000000000000000000e+03
2.017000000000000000e+03
3.455000000000000000e+03
1.273000000000000000e+03
1.007000000000000000e+03
2.409000000000000000e+03
6.830000000000000000e+02
4.840000000000000000e+03
2.832000000000000000e+03
4.990000000000000000e+03
4.400000000000000000e+02
3.795000000000000000e+03
2.308000000000000000e+03
4.691000000000000000e+03
3.467000000000000000e+03
5.105000000000000000e+03
1.520000000000000000e+02
9.480000000000000000e+02
4.164000000000000000e+03
5.340000000000000000e+02
1.336000000000000000e+03
2.375000000000000000e+03
8.900000000000000000e+01
3.498000000000000000e+03
5.185000000000000000e+03
3.197000000000000000e+03
1.871000000000000000e+03
3.061000000000000000e+03
5.219000000000000000e+03
2.987000000000000000e+03
1.850000000000000000e+02
3.652000000000000000e+03
5.087000000000000000e+03
3.571000000000000000e+03
2.890000000000000000e+03
1.997000000000000000e+03
4.062000000000000000e+03
1.045000000000000000e+03
6.120000000000000000e+02
1.298000000000000000e+03
2.704000000000000000e+03
3.038000000000000000e+03
5.156000000000000000e+03
2.397000000000000000e+03
1.319000000000000000e+03
1.442000000000000000e+03
3.038000000000000000e+03
1.398000000000000000e+03
3.425000000000000000e+03
2.030000000000000000e+02
1.026000000000000000e+03
2.302000000000000000e+03
4.275000000000000000e+03
2.112000000000000000e+03
4.638000000000000000e+03
2.025000000000000000e+03
2.924000000000000000e+03
4.191000000000000000e+03
4.372000000000000000e+03
3.911000000000000000e+03
2.870000000000000000e+03
4.595000000000000000e+03
1.197000000000000000e+03
5.109000000000000000e+03
3.206000000000000000e+03
1.937000000000000000e+03
1.105000000000000000e+03
5.202000000000000000e+03
4.665000000000000000e+03
3.975000000000000000e+03
9.100000000000000000e+02
1.620000000000000000e+02
5.045000000000000000e+03
1.575000000000000000e+03
2.323000000000000000e+03
4.377000000000000000e+03
3.592000000000000000e+03
5.520000000000000000e+02
3.215000000000000000e+03
2.446000000000000000e+03
3.526000000000000000e+03
1.482000000000000000e+03
4.707000000000000000e+03
6.460000000000000000e+02
2.422000000000000000e+03
1.642000000000000000e+03
3.360000000000000000e+02
4.252000000000000000e+03
1.490000000000000000e+02
5.118000000000000000e+03
3.794000000000000000e+03
4.641000000000000000e+03
4.601000000000000000e+03
1.180000000000000000e+03
5.125000000000000000e+03
1.454000000000000000e+03
5.160000000000000000e+02
3.396000000000000000e+03
4.389000000000000000e+03
2.266000000000000000e+03
1.409000000000000000e+03
1.033000000000000000e+03
2.487000000000000000e+03
4.500000000000000000e+02
4.769000000000000000e+03
2.418000000000000000e+03
4.428000000000000000e+03
3.032000000000000000e+03
1.289000000000000000e+03
6.720000000000000000e+02
5.206000000000000000e+03
3.806000000000000000e+03
3.214000000000000000e+03
4.952000000000000000e+03
2.194000000000000000e+03
3.361000000000000000e+03
2.084000000000000000e+03
2.128000000000000000e+03
2.116000000000000000e+03
1.707000000000000000e+03
3.787000000000000000e+03
5.164000000000000000e+03
2.983000000000000000e+03
9.320000000000000000e+02
2.095000000000000000e+03
3.387000000000000000e+03
1.702000000000000000e+03
2.199000000000000000e+03
4.601000000000000000e+03
2.116000000000000000e+03
3.542000000000000000e+03
1.450000000000000000e+02
3.444000000000000000e+03
9.550000000000000000e+02
2.278000000000000000e+03
1.282000000000000000e+03
1.611000000000000000e+03
3.830000000000000000e+02
4.122000000000000000e+03
6.550000000000000000e+02
3.535000000000000000e+03
1.003000000000000000e+03
3.014000000000000000e+03
3.398000000000000000e+03
3.689000000000000000e+03
1.095000000000000000e+03
1.000000000000000000e+03
1.980000000000000000e+02
3.601000000000000000e+03
9.850000000000000000e+02
2.805000000000000000e+03
2.730000000000000000e+02
2.383000000000000000e+03
9.500000000000000000e+01
3.187000000000000000e+03
4.114000000000000000e+03
3.387000000000000000e+03
3.603000000000000000e+03
2.536000000000000000e+03
2.200000000000000000e+02
2.857000000000000000e+03
4.753000000000000000e+03
4.498000000000000000e+03
3.239000000000000000e+03
3.151000000000000000e+03
1.929000000000000000e+03
3.328000000000000000e+03
4.984000000000000000e+03
2.915000000000000000e+03
3.902000000000000000e+03
1.481000000000000000e+03
3.360000000000000000e+03
3.854000000000000000e+03
3.482000000000000000e+03
4.414000000000000000e+03
4.777000000000000000e+03
5.163000000000000000e+03
2.367000000000000000e+03
3.408000000000000000e+03
8.220000000000000000e+02
2.486000000000000000e+03
4.620000000000000000e+02
3.273000000000000000e+03
1.928000000000000000e+03
3.049000000000000000e+03
4.347000000000000000e+03
4.904000000000000000e+03
2.315000000000000000e+03
2.939000000000000000e+03
1.276000000000000000e+03
1.082000000000000000e+03
4.982000000000000000e+03
3.055000000000000000e+03
3.907000000000000000e+03
7.310000000000000000e+02
1.600000000000000000e+02
2.518000000000000000e+03
2.010000000000000000e+02
2.359000000000000000e+03
2.934000000000000000e+03
2.930000000000000000e+02
3.729000000000000000e+03
5.147000000000000000e+03
3.872000000000000000e+03
2.657000000000000000e+03
8.710000000000000000e+02
1.014000000000000000e+03
2.593000000000000000e+03
3.413000000000000000e+03
1.700000000000000000e+02
2.756000000000000000e+03
2.308000000000000000e+03
4.592000000000000000e+03
1.426000000000000000e+03
4.602000000000000000e+03
1.092000000000000000e+03
4.210000000000000000e+03
8.960000000000000000e+02
1.010000000000000000e+03
3.752000000000000000e+03
1.254000000000000000e+03
4.639000000000000000e+03
3.050000000000000000e+03
4.419000000000000000e+03
4.125000000000000000e+03
3.560000000000000000e+03
2.632000000000000000e+03
2.230000000000000000e+02
4.452000000000000000e+03
4.924000000000000000e+03
6.780000000000000000e+02
3.781000000000000000e+03
2.143000000000000000e+03
3.373000000000000000e+03
4.600000000000000000e+03
1.537000000000000000e+03
9.280000000000000000e+02
2.037000000000000000e+03
3.839000000000000000e+03
3.864000000000000000e+03
1.974000000000000000e+03
1.650000000000000000e+03
4.187000000000000000e+03
2.851000000000000000e+03
2.020000000000000000e+02
1.170000000000000000e+02
3.805000000000000000e+03
3.124000000000000000e+03
1.230000000000000000e+03
2.080000000000000000e+02
1.952000000000000000e+03
2.770000000000000000e+02
2.657000000000000000e+03
3.680000000000000000e+02
4.617000000000000000e+03
1.013000000000000000e+03
1.496000000000000000e+03
4.332000000000000000e+03
5.216000000000000000e+03
4.910000000000000000e+02
3.607000000000000000e+03
4.716000000000000000e+03
4.523000000000000000e+03
8.730000000000000000e+02
3.107000000000000000e+03
3.212000000000000000e+03
4.565000000000000000e+03
2.140000000000000000e+03
7.000000000000000000e+02
9.770000000000000000e+02
4.967000000000000000e+03
1.308000000000000000e+03
4.489000000000000000e+03
2.881000000000000000e+03
2.846000000000000000e+03
6.560000000000000000e+02
1.048000000000000000e+03
6.850000000000000000e+02
3.244000000000000000e+03
5.182000000000000000e+03
2.134000000000000000e+03
5.012000000000000000e+03
7.520000000000000000e+02
3.110000000000000000e+02
3.580000000000000000e+02
4.111000000000000000e+03
6.300000000000000000e+02
4.503000000000000000e+03
1.181000000000000000e+03
3.670000000000000000e+02
8.970000000000000000e+02
1.226000000000000000e+03
3.682000000000000000e+03
3.691000000000000000e+03
9.700000000000000000e+02
3.260000000000000000e+02
4.660000000000000000e+02
4.532000000000000000e+03
4.650000000000000000e+02
4.056000000000000000e+03
1.680000000000000000e+03
9.020000000000000000e+02
5.155000000000000000e+03
3.866000000000000000e+03
5.139000000000000000e+03
3.491000000000000000e+03
4.796000000000000000e+03
4.352000000000000000e+03
4.985000000000000000e+03
3.850000000000000000e+02
2.675000000000000000e+03
4.320000000000000000e+02
4.908000000000000000e+03
3.370000000000000000e+02
1.794000000000000000e+03
2.342000000000000000e+03
3.050000000000000000e+03
3.983000000000000000e+03
5.270000000000000000e+02
5.032000000000000000e+03
9.030000000000000000e+02
1.881000000000000000e+03
3.995000000000000000e+03
7.420000000000000000e+02
3.780000000000000000e+03
2.102000000000000000e+03
2.640000000000000000e+03
1.362000000000000000e+03
1.520000000000000000e+03
4.239000000000000000e+03
4.451000000000000000e+03
1.071000000000000000e+03
4.087000000000000000e+03
4.534000000000000000e+03
2.636000000000000000e+03
1.120000000000000000e+02
1.836000000000000000e+03
3.526000000000000000e+03
4.800000000000000000e+03
4.799000000000000000e+03
2.053000000000000000e+03
4.881000000000000000e+03
4.807000000000000000e+03
1.623000000000000000e+03
4.494000000000000000e+03
4.005000000000000000e+03
4.024000000000000000e+03
2.310000000000000000e+03
5.213000000000000000e+03
4.418000000000000000e+03
3.807000000000000000e+03
5.224000000000000000e+03
5.103000000000000000e+03
2.003000000000000000e+03
1.402000000000000000e+03
2.805000000000000000e+03
1.872000000000000000e+03
9.770000000000000000e+02
8.030000000000000000e+02
2.042000000000000000e+03
2.316000000000000000e+03
4.787000000000000000e+03
6.740000000000000000e+02
4.255000000000000000e+03
2.176000000000000000e+03
2.633000000000000000e+03
1.480000000000000000e+03
4.950000000000000000e+03
8.920000000000000000e+02
3.090000000000000000e+03
2.344000000000000000e+03
5.280000000000000000e+02
5.063000000000000000e+03
8.980000000000000000e+02
1.061000000000000000e+03
2.577000000000000000e+03
1.024000000000000000e+03
3.527000000000000000e+03
4.034000000000000000e+03
4.660000000000000000e+02
3.584000000000000000e+03
2.392000000000000000e+03
6.980000000000000000e+02
3.257000000000000000e+03
4.696000000000000000e+03
3.169000000000000000e+03
8.200000000000000000e+02
2.544000000000000000e+03
1.060000000000000000e+02
1.064000000000000000e+03
5.079000000000000000e+03
2.735000000000000000e+03
3.630000000000000000e+02
3.372000000000000000e+03
8.000000000000000000e+01
2.849000000000000000e+03
3.665000000000000000e+03
5.198000000000000000e+03
5.118000000000000000e+03
4.856000000000000000e+03
9.290000000000000000e+02
4.728000000000000000e+03
3.671000000000000000e+03
4.541000000000000000e+03
2.519000000000000000e+03
2.422000000000000000e+03
1.291000000000000000e+03
3.691000000000000000e+03
3.770000000000000000e+02
3.808000000000000000e+03
1.807000000000000000e+03
2.233000000000000000e+03
1.600000000000000000e+02
1.310000000000000000e+03
1.881000000000000000e+03
3.497000000000000000e+03
1.246000000000000000e+03
1.542000000000000000e+03
4.677000000000000000e+03
2.148000000000000000e+03
3.441000000000000000e+03
1.406000000000000000e+03
5.000000000000000000e+03
4.194000000000000000e+03
3.984000000000000000e+03
3.041000000000000000e+03
4.543000000000000000e+03
3.839000000000000000e+03
1.340000000000000000e+02
7.470000000000000000e+02
4.231000000000000000e+03
4.273000000000000000e+03
4.063000000000000000e+03
3.650000000000000000e+02
7.170000000000000000e+02
3.043000000000000000e+03
3.200000000000000000e+03
2.290000000000000000e+03
5.111000000000000000e+03
4.410000000000000000e+02
4.780000000000000000e+03
2.280000000000000000e+02
2.732000000000000000e+03
4.798000000000000000e+03
7.210000000000000000e+02
1.368000000000000000e+03
2.292000000000000000e+03
3.896000000000000000e+03
2.570000000000000000e+03
4.840000000000000000e+02
2.336000000000000000e+03
3.922000000000000000e+03
9.470000000000000000e+02
1.565000000000000000e+03
1.755000000000000000e+03
2.268000000000000000e+03
2.476000000000000000e+03
3.365000000000000000e+03
1.071000000000000000e+03
1.115000000000000000e+03
4.274000000000000000e+03
2.179000000000000000e+03
4.765000000000000000e+03
4.470000000000000000e+02
1.792000000000000000e+03
2.277000000000000000e+03
4.903000000000000000e+03
2.448000000000000000e+03
6.640000000000000000e+02
4.881000000000000000e+03
1.790000000000000000e+02
6.400000000000000000e+02
3.212000000000000000e+03
5.086000000000000000e+03
2.699000000000000000e+03
4.827000000000000000e+03
3.200000000000000000e+01
1.756000000000000000e+03
3.577000000000000000e+03
7.540000000000000000e+02
4.656000000000000000e+03
3.169000000000000000e+03
1.409000000000000000e+03
4.371000000000000000e+03
1.446000000000000000e+03
1.091000000000000000e+03
2.001000000000000000e+03
2.141000000000000000e+03
3.003000000000000000e+03
3.421000000000000000e+03
3.064000000000000000e+03
4.154000000000000000e+03
2.850000000000000000e+03
4.092000000000000000e+03
3.917000000000000000e+03
8.760000000000000000e+02
4.570000000000000000e+03
3.232000000000000000e+03
3.694000000000000000e+03
3.190000000000000000e+02
3.700000000000000000e+02
4.005000000000000000e+03
6.240000000000000000e+02
3.520000000000000000e+02
1.321000000000000000e+03
3.815000000000000000e+03
9.670000000000000000e+02
4.568000000000000000e+03
6.960000000000000000e+02
4.253000000000000000e+03
1.335000000000000000e+03
3.170000000000000000e+02
4.905000000000000000e+03
3.857000000000000000e+03
2.226000000000000000e+03
2.087000000000000000e+03
3.131000000000000000e+03
1.713000000000000000e+03
4.923000000000000000e+03
4.016000000000000000e+03
9.540000000000000000e+02
1.783000000000000000e+03
4.812000000000000000e+03
4.455000000000000000e+03
2.235000000000000000e+03
1.340000000000000000e+03
3.172000000000000000e+03
1.365000000000000000e+03
1.250000000000000000e+02
4.076000000000000000e+03
4.702000000000000000e+03
2.900000000000000000e+03
2.999000000000000000e+03
2.941000000000000000e+03
4.629000000000000000e+03
5.202000000000000000e+03
5.950000000000000000e+02
3.677000000000000000e+03
3.527000000000000000e+03
1.940000000000000000e+03
5.218000000000000000e+03
4.052000000000000000e+03
2.910000000000000000e+02
4.444000000000000000e+03
4.805000000000000000e+03
3.291000000000000000e+03
5.109000000000000000e+03
6.350000000000000000e+02
1.034000000000000000e+03
3.056000000000000000e+03
2.713000000000000000e+03
1.340000000000000000e+03
4.580000000000000000e+02
4.300000000000000000e+03
1.896000000000000000e+03
1.287000000000000000e+03
4.350000000000000000e+02
8.900000000000000000e+01
8.220000000000000000e+02
2.825000000000000000e+03
4.204000000000000000e+03
1.184000000000000000e+03
4.740000000000000000e+02
1.722000000000000000e+03
4.000000000000000000e+00
2.487000000000000000e+03
4.246000000000000000e+03
1.100000000000000000e+03
4.548000000000000000e+03
3.513000000000000000e+03
1.767000000000000000e+03
2.099000000000000000e+03
4.272000000000000000e+03
7.780000000000000000e+02
3.081000000000000000e+03
3.417000000000000000e+03
8.840000000000000000e+02
3.139000000000000000e+03
2.574000000000000000e+03
3.420000000000000000e+03
4.982000000000000000e+03
4.362000000000000000e+03
2.690000000000000000e+02
2.575000000000000000e+03
3.825000000000000000e+03
4.069000000000000000e+03
5.229000000000000000e+03
3.047000000000000000e+03
5.090000000000000000e+02
5.240000000000000000e+03
3.330000000000000000e+03
2.678000000000000000e+03
4.529000000000000000e+03
2.418000000000000000e+03
1.691000000000000000e+03
3.530000000000000000e+03
3.925000000000000000e+03
2.352000000000000000e+03
3.071000000000000000e+03
2.640000000000000000e+03
4.560000000000000000e+02
4.847000000000000000e+03
2.817000000000000000e+03
4.758000000000000000e+03
1.178000000000000000e+03
1.604000000000000000e+03
3.555000000000000000e+03
4.409000000000000000e+03
4.127000000000000000e+03
3.004000000000000000e+03
2.230000000000000000e+03
1.580000000000000000e+02
2.112000000000000000e+03
4.208000000000000000e+03
3.529000000000000000e+03
2.930000000000000000e+02
5.129000000000000000e+03
3.040000000000000000e+03
2.319000000000000000e+03
9.680000000000000000e+02
4.657000000000000000e+03
4.907000000000000000e+03
3.381000000000000000e+03
1.317000000000000000e+03
3.853000000000000000e+03
2.210000000000000000e+02
3.413000000000000000e+03
3.540000000000000000e+03
4.774000000000000000e+03
3.577000000000000000e+03
1.605000000000000000e+03
3.964000000000000000e+03
2.581000000000000000e+03
1.575000000000000000e+03
2.498000000000000000e+03
4.022000000000000000e+03
7.170000000000000000e+02
3.268000000000000000e+03
1.356000000000000000e+03
2.197000000000000000e+03
2.600000000000000000e+03
3.650000000000000000e+02
5.206000000000000000e+03
4.700000000000000000e+01
3.935000000000000000e+03
1.893000000000000000e+03
8.610000000000000000e+02
2.745000000000000000e+03
3.570000000000000000e+03
1.010000000000000000e+02
2.590000000000000000e+03
4.672000000000000000e+03
2.013000000000000000e+03
5.128000000000000000e+03
2.400000000000000000e+01
4.535000000000000000e+03
4.912000000000000000e+03
3.390000000000000000e+02
2.960000000000000000e+03
5.176000000000000000e+03
1.063000000000000000e+03
7.210000000000000000e+02
3.772000000000000000e+03
3.370000000000000000e+02
1.154000000000000000e+03
7.780000000000000000e+02
4.581000000000000000e+03
1.132000000000000000e+03
4.546000000000000000e+03
2.620000000000000000e+02
2.924000000000000000e+03
3.244000000000000000e+03
4.592000000000000000e+03
3.295000000000000000e+03
6.230000000000000000e+02
1.644000000000000000e+03
8.700000000000000000e+02
3.429000000000000000e+03
3.843000000000000000e+03
1.726000000000000000e+03
3.422000000000000000e+03
3.310000000000000000e+03
3.462000000000000000e+03
1.096000000000000000e+03
4.860000000000000000e+03
1.526000000000000000e+03
4.021000000000000000e+03
5.079000000000000000e+03
4.778000000000000000e+03
7.190000000000000000e+02
5.056000000000000000e+03
3.762000000000000000e+03
2.563000000000000000e+03
1.179000000000000000e+03
1.371000000000000000e+03
2.330000000000000000e+02
2.055000000000000000e+03
5.033000000000000000e+03
2.383000000000000000e+03
3.295000000000000000e+03
1.999000000000000000e+03
5.130000000000000000e+02
1.900000000000000000e+02
2.597000000000000000e+03
2.739000000000000000e+03
3.585000000000000000e+03
4.960000000000000000e+03
1.584000000000000000e+03
2.920000000000000000e+02
4.766000000000000000e+03
4.487000000000000000e+03
2.020000000000000000e+02
7.940000000000000000e+02
1.479000000000000000e+03
3.738000000000000000e+03
5.118000000000000000e+03
1.312000000000000000e+03
4.893000000000000000e+03
2.028000000000000000e+03
4.147000000000000000e+03
4.444000000000000000e+03
1.141000000000000000e+03
4.024000000000000000e+03
2.890000000000000000e+03
4.569000000000000000e+03
3.835000000000000000e+03
3.050000000000000000e+03
2.183000000000000000e+03
2.564000000000000000e+03
3.152000000000000000e+03
2.568000000000000000e+03
1.519000000000000000e+03
3.836000000000000000e+03
1.470000000000000000e+02
1.438000000000000000e+03
4.169000000000000000e+03
2.862000000000000000e+03
9.560000000000000000e+02
2.520000000000000000e+03
3.490000000000000000e+03
1.870000000000000000e+02
4.268000000000000000e+03
2.978000000000000000e+03
8.060000000000000000e+02
5.234000000000000000e+03
7.910000000000000000e+02
4.204000000000000000e+03
3.839000000000000000e+03
3.872000000000000000e+03
1.023000000000000000e+03
2.590000000000000000e+02
6.360000000000000000e+02
1.310000000000000000e+02
3.560000000000000000e+03
4.470000000000000000e+03
2.390000000000000000e+03
2.382000000000000000e+03
2.694000000000000000e+03
5.197000000000000000e+03
3.556000000000000000e+03
1.061000000000000000e+03
3.818000000000000000e+03
4.672000000000000000e+03
1.642000000000000000e+03
3.737000000000000000e+03
3.248000000000000000e+03
3.059000000000000000e+03
3.050000000000000000e+02
4.324000000000000000e+03
2.507000000000000000e+03
1.153000000000000000e+03
2.641000000000000000e+03
2.720000000000000000e+03
5.219000000000000000e+03
1.520000000000000000e+02
3.961000000000000000e+03
4.869000000000000000e+03
3.581000000000000000e+03
2.557000000000000000e+03
2.933000000000000000e+03
4.532000000000000000e+03
3.434000000000000000e+03
2.927000000000000000e+03
4.895000000000000000e+03
2.019000000000000000e+03
5.093000000000000000e+03
2.239000000000000000e+03
6.950000000000000000e+02
1.152000000000000000e+03
3.906000000000000000e+03
3.500000000000000000e+03
2.910000000000000000e+03
6.540000000000000000e+02
2.786000000000000000e+03
3.835000000000000000e+03
9.650000000000000000e+02
2.316000000000000000e+03
4.120000000000000000e+03
9.320000000000000000e+02
5.730000000000000000e+02
3.511000000000000000e+03
1.781000000000000000e+03
3.690000000000000000e+03
3.564000000000000000e+03
1.608000000000000000e+03
5.235000000000000000e+03
4.437000000000000000e+03
1.826000000000000000e+03
2.166000000000000000e+03
9.220000000000000000e+02
1.589000000000000000e+03
4.092000000000000000e+03
4.902000000000000000e+03
1.566000000000000000e+03
3.191000000000000000e+03
5.290000000000000000e+02
8.480000000000000000e+02
6.490000000000000000e+02
1.569000000000000000e+03
3.081000000000000000e+03
5.129000000000000000e+03
4.112000000000000000e+03
7.320000000000000000e+02
4.732000000000000000e+03
5.235000000000000000e+03
4.512000000000000000e+03
4.098000000000000000e+03
4.961000000000000000e+03
1.543000000000000000e+03
4.972000000000000000e+03
3.062000000000000000e+03
1.796000000000000000e+03
4.976000000000000000e+03
3.212000000000000000e+03
2.124000000000000000e+03
7.170000000000000000e+02
3.141000000000000000e+03
2.339000000000000000e+03
4.909000000000000000e+03
3.153000000000000000e+03
4.546000000000000000e+03
3.456000000000000000e+03
2.270000000000000000e+02
4.613000000000000000e+03
5.073000000000000000e+03
5.079000000000000000e+03
4.413000000000000000e+03
2.376000000000000000e+03
2.862000000000000000e+03
2.791000000000000000e+03
1.106000000000000000e+03
5.141000000000000000e+03
4.958000000000000000e+03
1.134000000000000000e+03
1.120000000000000000e+03
2.455000000000000000e+03
9.790000000000000000e+02
7.640000000000000000e+02
1.640000000000000000e+02
1.291000000000000000e+03
2.820000000000000000e+03
2.244000000000000000e+03
2.151000000000000000e+03
2.390000000000000000e+03
3.889000000000000000e+03
3.789000000000000000e+03
1.425000000000000000e+03
1.110000000000000000e+02
3.011000000000000000e+03
3.495000000000000000e+03
2.819000000000000000e+03
4.796000000000000000e+03
2.167000000000000000e+03
3.685000000000000000e+03
3.576000000000000000e+03
4.609000000000000000e+03
3.730000000000000000e+03
2.463000000000000000e+03
2.693000000000000000e+03
2.831000000000000000e+03
5.105000000000000000e+03
1.460000000000000000e+02
1.268000000000000000e+03
4.679000000000000000e+03
9.870000000000000000e+02
4.880000000000000000e+03
3.082000000000000000e+03
2.744000000000000000e+03
7.820000000000000000e+02
2.274000000000000000e+03
3.638000000000000000e+03
4.847000000000000000e+03
1.700000000000000000e+01
5.170000000000000000e+03
3.295000000000000000e+03
3.994000000000000000e+03
3.095000000000000000e+03
4.604000000000000000e+03
6.480000000000000000e+02
2.974000000000000000e+03
3.716000000000000000e+03
5.088000000000000000e+03
2.308000000000000000e+03
3.531000000000000000e+03
4.804000000000000000e+03
5.350000000000000000e+02
5.450000000000000000e+02
1.305000000000000000e+03
3.038000000000000000e+03
9.700000000000000000e+01
1.446000000000000000e+03
4.451000000000000000e+03
5.067000000000000000e+03
3.678000000000000000e+03
4.963000000000000000e+03
1.980000000000000000e+03
1.978000000000000000e+03
3.040000000000000000e+03
5.211000000000000000e+03
2.100000000000000000e+03
2.480000000000000000e+03
1.279000000000000000e+03
2.166000000000000000e+03
8.800000000000000000e+02
4.916000000000000000e+03
2.400000000000000000e+02
4.474000000000000000e+03
3.504000000000000000e+03
1.942000000000000000e+03
1.408000000000000000e+03
4.993000000000000000e+03
1.718000000000000000e+03
1.074000000000000000e+03
1.162000000000000000e+03
1.172000000000000000e+03
1.350000000000000000e+02
3.611000000000000000e+03
3.569000000000000000e+03
4.634000000000000000e+03
2.893000000000000000e+03
1.627000000000000000e+03
1.993000000000000000e+03
6.950000000000000000e+02
4.588000000000000000e+03
1.008000000000000000e+03
5.710000000000000000e+02
4.409000000000000000e+03
3.431000000000000000e+03
3.477000000000000000e+03
2.555000000000000000e+03
2.000000000000000000e+03
3.839000000000000000e+03
2.166000000000000000e+03
5.135000000000000000e+03
3.671000000000000000e+03
3.504000000000000000e+03
3.209000000000000000e+03
4.623000000000000000e+03
3.142000000000000000e+03
4.077000000000000000e+03
1.839000000000000000e+03
9.930000000000000000e+02
2.791000000000000000e+03
8.700000000000000000e+01
2.348000000000000000e+03
3.627000000000000000e+03
3.055000000000000000e+03
1.716000000000000000e+03
3.228000000000000000e+03
2.225000000000000000e+03
2.446000000000000000e+03
2.150000000000000000e+03
3.031000000000000000e+03
2.476000000000000000e+03
1.261000000000000000e+03
2.407000000000000000e+03
3.856000000000000000e+03
4.147000000000000000e+03
2.892000000000000000e+03
1.514000000000000000e+03
3.958000000000000000e+03
4.750000000000000000e+02
4.765000000000000000e+03
1.843000000000000000e+03
2.898000000000000000e+03
2.850000000000000000e+02
3.511000000000000000e+03
4.860000000000000000e+03
2.608000000000000000e+03
1.637000000000000000e+03
2.530000000000000000e+03
4.097000000000000000e+03
1.533000000000000000e+03
3.529000000000000000e+03
7.990000000000000000e+02
1.998000000000000000e+03
4.423000000000000000e+03
3.435000000000000000e+03
2.292000000000000000e+03
6.550000000000000000e+02
1.994000000000000000e+03
8.660000000000000000e+02
1.632000000000000000e+03
2.973000000000000000e+03
4.910000000000000000e+03
2.380000000000000000e+03
5.140000000000000000e+02
1.161000000000000000e+03
4.040000000000000000e+02
1.721000000000000000e+03
3.132000000000000000e+03
3.574000000000000000e+03
5.213000000000000000e+03
3.161000000000000000e+03
1.240000000000000000e+02
3.611000000000000000e+03
4.520000000000000000e+02
3.031000000000000000e+03
3.932000000000000000e+03
1.604000000000000000e+03
2.660000000000000000e+02
1.860000000000000000e+02
1.713000000000000000e+03
7.090000000000000000e+02
3.483000000000000000e+03
1.524000000000000000e+03
1.831000000000000000e+03
4.519000000000000000e+03
4.760000000000000000e+03
2.768000000000000000e+03
5.154000000000000000e+03
8.280000000000000000e+02
6.980000000000000000e+02
1.953000000000000000e+03
2.357000000000000000e+03
3.180000000000000000e+02
1.364000000000000000e+03
3.852000000000000000e+03
2.028000000000000000e+03
1.252000000000000000e+03
3.246000000000000000e+03
3.047000000000000000e+03
1.730000000000000000e+03
4.080000000000000000e+02
1.781000000000000000e+03
3.548000000000000000e+03
3.094000000000000000e+03
6.680000000000000000e+02
1.897000000000000000e+03
1.363000000000000000e+03
3.934000000000000000e+03
4.152000000000000000e+03
2.740000000000000000e+02
4.230000000000000000e+02
3.532000000000000000e+03
2.154000000000000000e+03
1.000000000000000000e+00
1.110000000000000000e+03
1.634000000000000000e+03
6.880000000000000000e+02
3.073000000000000000e+03
2.836000000000000000e+03
4.459000000000000000e+03
1.115000000000000000e+03
2.481000000000000000e+03
4.299000000000000000e+03
2.172000000000000000e+03
1.115000000000000000e+03
3.551000000000000000e+03
4.481000000000000000e+03
5.043000000000000000e+03
5.790000000000000000e+02
7.850000000000000000e+02
3.128000000000000000e+03
2.030000000000000000e+03
3.390000000000000000e+02
1.519000000000000000e+03
9.700000000000000000e+02
1.535000000000000000e+03
3.126000000000000000e+03
3.955000000000000000e+03
3.649000000000000000e+03
4.087000000000000000e+03
2.775000000000000000e+03
2.191000000000000000e+03
9.540000000000000000e+02
1.668000000000000000e+03
2.236000000000000000e+03
1.844000000000000000e+03
2.862000000000000000e+03
3.199000000000000000e+03
3.580000000000000000e+02
1.015000000000000000e+03
1.204000000000000000e+03
5.063000000000000000e+03
1.071000000000000000e+03
1.616000000000000000e+03
4.514000000000000000e+03
2.990000000000000000e+02
1.143000000000000000e+03
3.325000000000000000e+03
3.406000000000000000e+03
1.385000000000000000e+03
4.769000000000000000e+03
3.295000000000000000e+03
1.944000000000000000e+03
4.578000000000000000e+03
1.156000000000000000e+03
2.411000000000000000e+03
7.730000000000000000e+02
4.074000000000000000e+03
1.784000000000000000e+03
2.694000000000000000e+03
9.850000000000000000e+02
7.770000000000000000e+02
2.680000000000000000e+02
6.320000000000000000e+02
3.944000000000000000e+03
2.933000000000000000e+03
3.922000000000000000e+03
4.596000000000000000e+03
1.760000000000000000e+03
1.508000000000000000e+03
4.555000000000000000e+03
4.835000000000000000e+03
1.025000000000000000e+03
1.319000000000000000e+03
2.412000000000000000e+03
9.440000000000000000e+02
2.799000000000000000e+03
2.718000000000000000e+03
3.238000000000000000e+03
1.778000000000000000e+03
3.901000000000000000e+03
3.620000000000000000e+02
3.580000000000000000e+03
4.323000000000000000e+03
4.656000000000000000e+03
3.662000000000000000e+03
2.778000000000000000e+03
2.619000000000000000e+03
3.398000000000000000e+03
1.636000000000000000e+03
4.544000000000000000e+03
3.623000000000000000e+03
5.128000000000000000e+03
1.737000000000000000e+03
2.171000000000000000e+03
1.087000000000000000e+03
1.555000000000000000e+03
1.626000000000000000e+03
2.730000000000000000e+02
2.368000000000000000e+03
1.560000000000000000e+03
2.912000000000000000e+03
3.790000000000000000e+03
3.457000000000000000e+03
2.668000000000000000e+03
2.446000000000000000e+03
1.816000000000000000e+03
9.900000000000000000e+02
4.433000000000000000e+03
1.481000000000000000e+03
4.933000000000000000e+03
2.982000000000000000e+03
8.020000000000000000e+02
8.040000000000000000e+02
2.176000000000000000e+03
8.870000000000000000e+02
2.139000000000000000e+03
