4.682000000000000000e+03
2.900000000000000000e+03
1.197000000000000000e+03
3.156000000000000000e+03
3.006000000000000000e+03
5.870000000000000000e+02
1.480000000000000000e+02
3.992000000000000000e+03
3.681000000000000000e+03
9.260000000000000000e+02
2.422000000000000000e+03
4.827000000000000000e+03
2.588000000000000000e+03
3.873000000000000000e+03
3.535000000000000000e+03
6.600000000000000000e+01
3.495000000000000000e+03
3.283000000000000000e+03
2.760000000000000000e+03
2.980000000000000000e+03
3.434000000000000000e+03
5.071000000000000000e+03
2.995000000000000000e+03
1.795000000000000000e+03
2.694000000000000000e+03
4.368000000000000000e+03
3.636000000000000000e+03
3.231000000000000000e+03
4.702000000000000000e+03
1.379000000000000000e+03
2.990000000000000000e+03
1.731000000000000000e+03
3.253000000000000000e+03
3.083000000000000000e+03
2.074000000000000000e+03
4.170000000000000000e+03
4.257000000000000000e+03
4.467000000000000000e+03
4.858000000000000000e+03
5.028000000000000000e+03
1.248000000000000000e+03
4.726000000000000000e+03
2.662000000000000000e+03
3.488000000000000000e+03
1.550000000000000000e+02
4.541000000000000000e+03
9.510000000000000000e+02
4.975000000000000000e+03
2.386000000000000000e+03
2.581000000000000000e+03
1.528000000000000000e+03
8.340000000000000000e+02
2.744000000000000000e+03
5.231000000000000000e+03
2.056000000000000000e+03
4.235000000000000000e+03
5.203000000000000000e+03
3.438000000000000000e+03
3.045000000000000000e+03
1.871000000000000000e+03
6.970000000000000000e+02
3.882000000000000000e+03
3.250000000000000000e+02
1.155000000000000000e+03
3.250000000000000000e+03
2.182000000000000000e+03
2.194000000000000000e+03
4.474000000000000000e+03
2.200000000000000000e+03
6.950000000000000000e+02
1.480000000000000000e+03
2.517000000000000000e+03
1.783000000000000000e+03
4.996000000000000000e+03
8.780000000000000000e+02
3.370000000000000000e+02
2.659000000000000000e+03
2.608000000000000000e+03
4.487000000000000000e+03
5.780000000000000000e+02
1.823000000000000000e+03
2.605000000000000000e+03
1.932000000000000000e+03
1.540000000000000000e+02
4.017000000000000000e+03
8.950000000000000000e+02
1.173000000000000000e+03
2.904000000000000000e+03
3.454000000000000000e+03
2.658000000000000000e+03
8.560000000000000000e+02
1.060000000000000000e+03
3.068000000000000000e+03
2.432000000000000000e+03
1.852000000000000000e+03
2.345000000000000000e+03
4.577000000000000000e+03
3.239000000000000000e+03
3.488000000000000000e+03
7.500000000000000000e+02
6.640000000000000000e+02
5.172000000000000000e+03
4.480000000000000000e+02
7.100000000000000000e+01
1.211000000000000000e+03
2.131000000000000000e+03
3.295000000000000000e+03
4.890000000000000000e+02
3.824000000000000000e+03
4.760000000000000000e+02
2.000000000000000000e+03
4.141000000000000000e+03
4.998000000000000000e+03
9.830000000000000000e+02
1.857000000000000000e+03
2.740000000000000000e+02
3.499000000000000000e+03
3.206000000000000000e+03
5.169000000000000000e+03
6.460000000000000000e+02
2.196000000000000000e+03
2.954000000000000000e+03
3.618000000000000000e+03
1.623000000000000000e+03
3.488000000000000000e+03
3.743000000000000000e+03
3.797000000000000000e+03
2.846000000000000000e+03
1.748000000000000000e+03
4.008000000000000000e+03
1.589000000000000000e+03
1.770000000000000000e+03
4.440000000000000000e+02
5.087000000000000000e+03
2.854000000000000000e+03
1.076000000000000000e+03
5.500000000000000000e+01
2.448000000000000000e+03
4.230000000000000000e+03
3.232000000000000000e+03
3.526000000000000000e+03
1.688000000000000000e+03
4.687000000000000000e+03
5.330000000000000000e+02
3.532000000000000000e+03
5.184000000000000000e+03
4.729000000000000000e+03
4.926000000000000000e+03
2.310000000000000000e+02
3.990000000000000000e+02
4.757000000000000000e+03
1.965000000000000000e+03
1.928000000000000000e+03
1.562000000000000000e+03
1.130000000000000000e+02
1.668000000000000000e+03
4.328000000000000000e+03
3.100000000000000000e+03
4.647000000000000000e+03
1.957000000000000000e+03
3.834000000000000000e+03
3.937000000000000000e+03
3.586000000000000000e+03
4.332000000000000000e+03
9.220000000000000000e+02
2.433000000000000000e+03
5.740000000000000000e+02
1.600000000000000000e+02
1.172000000000000000e+03
4.005000000000000000e+03
1.560000000000000000e+03
9.730000000000000000e+02
4.261000000000000000e+03
5.205000000000000000e+03
3.170000000000000000e+02
1.698000000000000000e+03
1.513000000000000000e+03
2.806000000000000000e+03
3.893000000000000000e+03
3.950000000000000000e+03
5.520000000000000000e+02
2.138000000000000000e+03
8.150000000000000000e+02
1.389000000000000000e+03
2.380000000000000000e+03
5.234000000000000000e+03
3.060000000000000000e+03
1.414000000000000000e+03
3.965000000000000000e+03
3.303000000000000000e+03
1.976000000000000000e+03
5.129000000000000000e+03
1.123000000000000000e+03
2.099000000000000000e+03
9.300000000000000000e+01
2.330000000000000000e+03
1.312000000000000000e+03
3.406000000000000000e+03
5.020000000000000000e+02
3.975000000000000000e+03
4.230000000000000000e+03
1.650000000000000000e+03
2.521000000000000000e+03
4.157000000000000000e+03
1.077000000000000000e+03
3.930000000000000000e+02
1.707000000000000000e+03
2.700000000000000000e+01
3.663000000000000000e+03
1.096000000000000000e+03
8.700000000000000000e+01
8.240000000000000000e+02
4.404000000000000000e+03
4.349000000000000000e+03
8.950000000000000000e+02
4.009000000000000000e+03
1.907000000000000000e+03
4.935000000000000000e+03
4.185000000000000000e+03
1.164000000000000000e+03
3.962000000000000000e+03
3.928000000000000000e+03
4.990000000000000000e+03
1.430000000000000000e+02
5.080000000000000000e+03
9.680000000000000000e+02
1.859000000000000000e+03
2.443000000000000000e+03
2.789000000000000000e+03
2.339000000000000000e+03
3.025000000000000000e+03
1.768000000000000000e+03
1.069000000000000000e+03
3.663000000000000000e+03
1.708000000000000000e+03
8.350000000000000000e+02
4.403000000000000000e+03
2.805000000000000000e+03
3.590000000000000000e+03
2.306000000000000000e+03
3.842000000000000000e+03
3.140000000000000000e+02
4.697000000000000000e+03
2.422000000000000000e+03
4.740000000000000000e+03
3.618000000000000000e+03
2.162000000000000000e+03
4.155000000000000000e+03
2.587000000000000000e+03
4.237000000000000000e+03
2.930000000000000000e+02
2.949000000000000000e+03
5.227000000000000000e+03
4.450000000000000000e+02
4.299000000000000000e+03
2.044000000000000000e+03
3.452000000000000000e+03
4.700000000000000000e+02
7.210000000000000000e+02
5.134000000000000000e+03
4.780000000000000000e+03
5.810000000000000000e+02
1.518000000000000000e+03
3.399000000000000000e+03
3.450000000000000000e+02
4.750000000000000000e+02
1.154000000000000000e+03
3.268000000000000000e+03
4.314000000000000000e+03
6.600000000000000000e+02
1.230000000000000000e+03
1.757000000000000000e+03
4.990000000000000000e+03
4.400000000000000000e+03
1.126000000000000000e+03
5.520000000000000000e+02
6.370000000000000000e+02
3.768000000000000000e+03
4.605000000000000000e+03
8.230000000000000000e+02
4.047000000000000000e+03
2.139000000000000000e+03
2.543000000000000000e+03
9.390000000000000000e+02
2.070000000000000000e+03
2.154000000000000000e+03
5.096000000000000000e+03
4.413000000000000000e+03
4.190000000000000000e+02
3.601000000000000000e+03
4.289000000000000000e+03
4.918000000000000000e+03
9.700000000000000000e+01
7.310000000000000000e+02
4.300000000000000000e+01
3.825000000000000000e+03
1.310000000000000000e+03
2.754000000000000000e+03
2.615000000000000000e+03
1.481000000000000000e+03
1.436000000000000000e+03
1.924000000000000000e+03
1.980000000000000000e+03
3.264000000000000000e+03
3.649000000000000000e+03
1.044000000000000000e+03
2.055000000000000000e+03
3.000000000000000000e+00
2.165000000000000000e+03
4.185000000000000000e+03
8.070000000000000000e+02
4.132000000000000000e+03
1.350000000000000000e+03
3.834000000000000000e+03
5.140000000000000000e+02
3.349000000000000000e+03
3.694000000000000000e+03
5.107000000000000000e+03
5.115000000000000000e+03
4.955000000000000000e+03
3.039000000000000000e+03
2.618000000000000000e+03
1.696000000000000000e+03
3.257000000000000000e+03
8.340000000000000000e+02
9.300000000000000000e+01
2.842000000000000000e+03
4.674000000000000000e+03
3.464000000000000000e+03
4.545000000000000000e+03
4.314000000000000000e+03
4.458000000000000000e+03
2.700000000000000000e+01
3.170000000000000000e+03
1.542000000000000000e+03
6.830000000000000000e+02
4.158000000000000000e+03
4.221000000000000000e+03
2.301000000000000000e+03
2.295000000000000000e+03
5.056000000000000000e+03
2.251000000000000000e+03
4.513000000000000000e+03
4.705000000000000000e+03
2.430000000000000000e+02
8.390000000000000000e+02
1.754000000000000000e+03
3.726000000000000000e+03
4.812000000000000000e+03
5.012000000000000000e+03
2.110000000000000000e+02
4.026000000000000000e+03
2.355000000000000000e+03
3.212000000000000000e+03
3.808000000000000000e+03
4.557000000000000000e+03
3.045000000000000000e+03
3.491000000000000000e+03
4.880000000000000000e+03
4.943000000000000000e+03
7.400000000000000000e+02
3.096000000000000000e+03
3.363000000000000000e+03
3.620000000000000000e+03
4.827000000000000000e+03
4.055000000000000000e+03
3.399000000000000000e+03
4.439000000000000000e+03
3.534000000000000000e+03
1.490000000000000000e+02
5.011000000000000000e+03
1.807000000000000000e+03
3.574000000000000000e+03
1.770000000000000000e+03
1.151000000000000000e+03
5.510000000000000000e+02
4.265000000000000000e+03
2.657000000000000000e+03
2.656000000000000000e+03
1.140000000000000000e+02
2.065000000000000000e+03
3.919000000000000000e+03
1.233000000000000000e+03
3.591000000000000000e+03
1.002000000000000000e+03
2.210000000000000000e+02
2.895000000000000000e+03
3.948000000000000000e+03
4.431000000000000000e+03
4.186000000000000000e+03
4.904000000000000000e+03
4.269000000000000000e+03
4.610000000000000000e+03
2.720000000000000000e+02
1.107000000000000000e+03
4.355000000000000000e+03
1.845000000000000000e+03
4.523000000000000000e+03
2.771000000000000000e+03
4.979000000000000000e+03
1.714000000000000000e+03
3.814000000000000000e+03
2.888000000000000000e+03
2.040000000000000000e+03
3.063000000000000000e+03
2.592000000000000000e+03
2.220000000000000000e+02
1.469000000000000000e+03
5.193000000000000000e+03
3.224000000000000000e+03
5.073000000000000000e+03
1.560000000000000000e+03
3.288000000000000000e+03
4.272000000000000000e+03
4.584000000000000000e+03
4.564000000000000000e+03
3.209000000000000000e+03
4.634000000000000000e+03
1.036000000000000000e+03
1.746000000000000000e+03
2.814000000000000000e+03
4.530000000000000000e+02
1.137000000000000000e+03
4.066000000000000000e+03
4.069000000000000000e+03
6.050000000000000000e+02
5.231000000000000000e+03
6.150000000000000000e+02
3.059000000000000000e+03
1.105000000000000000e+03
4.417000000000000000e+03
3.205000000000000000e+03
1.806000000000000000e+03
4.455000000000000000e+03
4.078000000000000000e+03
2.062000000000000000e+03
1.719000000000000000e+03
8.990000000000000000e+02
5.205000000000000000e+03
3.152000000000000000e+03
3.864000000000000000e+03
3.751000000000000000e+03
2.182000000000000000e+03
4.503000000000000000e+03
1.570000000000000000e+03
1.113000000000000000e+03
4.776000000000000000e+03
1.700000000000000000e+01
4.929000000000000000e+03
4.593000000000000000e+03
2.683000000000000000e+03
8.170000000000000000e+02
2.450000000000000000e+03
3.802000000000000000e+03
6.180000000000000000e+02
1.552000000000000000e+03
2.134000000000000000e+03
2.540000000000000000e+03
6.330000000000000000e+02
3.055000000000000000e+03
3.761000000000000000e+03
4.053000000000000000e+03
1.774000000000000000e+03
2.439000000000000000e+03
4.367000000000000000e+03
1.911000000000000000e+03
3.917000000000000000e+03
8.890000000000000000e+02
4.657000000000000000e+03
3.309000000000000000e+03
3.799000000000000000e+03
2.512000000000000000e+03
5.197000000000000000e+03
3.573000000000000000e+03
1.327000000000000000e+03
1.480000000000000000e+03
1.182000000000000000e+03
9.430000000000000000e+02
2.397000000000000000e+03
4.734000000000000000e+03
5.950000000000000000e+02
1.195000000000000000e+03
4.200000000000000000e+02
3.621000000000000000e+03
4.770000000000000000e+02
4.100000000000000000e+01
4.299000000000000000e+03
8.900000000000000000e+02
1.426000000000000000e+03
4.178000000000000000e+03
3.390000000000000000e+02
3.730000000000000000e+03
3.571000000000000000e+03
1.340000000000000000e+02
2.314000000000000000e+03
2.033000000000000000e+03
2.689000000000000000e+03
3.359000000000000000e+03
1.622000000000000000e+03
1.486000000000000000e+03
5.590000000000000000e+02
4.180000000000000000e+02
5.179000000000000000e+03
4.799000000000000000e+03
4.157000000000000000e+03
2.789000000000000000e+03
6.890000000000000000e+02
4.823000000000000000e+03
1.308000000000000000e+03
4.941000000000000000e+03
3.843000000000000000e+03
1.190000000000000000e+03
4.135000000000000000e+03
3.807000000000000000e+03
1.916000000000000000e+03
7.880000000000000000e+02
1.683000000000000000e+03
5.213000000000000000e+03
3.744000000000000000e+03
1.768000000000000000e+03
1.176000000000000000e+03
1.350000000000000000e+02
3.265000000000000000e+03
1.740000000000000000e+02
4.475000000000000000e+03
2.340000000000000000e+02
3.026000000000000000e+03
5.330000000000000000e+02
1.606000000000000000e+03
2.220000000000000000e+02
3.998000000000000000e+03
1.798000000000000000e+03
2.886000000000000000e+03
2.020000000000000000e+02
2.842000000000000000e+03
3.304000000000000000e+03
3.451000000000000000e+03
4.031000000000000000e+03
3.150000000000000000e+03
3.283000000000000000e+03
3.450000000000000000e+02
2.067000000000000000e+03
2.728000000000000000e+03
4.065000000000000000e+03
2.313000000000000000e+03
2.900000000000000000e+01
2.869000000000000000e+03
8.560000000000000000e+02
4.443000000000000000e+03
2.340000000000000000e+02
4.433000000000000000e+03
5.057000000000000000e+03
2.440000000000000000e+03
2.121000000000000000e+03
4.111000000000000000e+03
1.450000000000000000e+02
4.400000000000000000e+03
2.198000000000000000e+03
3.792000000000000000e+03
1.930000000000000000e+02
7.090000000000000000e+02
8.720000000000000000e+02
3.442000000000000000e+03
8.740000000000000000e+02
7.420000000000000000e+02
2.529000000000000000e+03
3.773000000000000000e+03
1.470000000000000000e+02
9.280000000000000000e+02
2.951000000000000000e+03
7.290000000000000000e+02
1.082000000000000000e+03
3.450000000000000000e+02
5.140000000000000000e+02
1.562000000000000000e+03
2.107000000000000000e+03
2.689000000000000000e+03
3.034000000000000000e+03
4.025000000000000000e+03
1.422000000000000000e+03
1.719000000000000000e+03
3.174000000000000000e+03
1.594000000000000000e+03
6.120000000000000000e+02
1.134000000000000000e+03
7.600000000000000000e+02
4.346000000000000000e+03
1.210000000000000000e+03
1.906000000000000000e+03
3.030000000000000000e+02
2.555000000000000000e+03
9.850000000000000000e+02
3.877000000000000000e+03
2.887000000000000000e+03
3.604000000000000000e+03
3.374000000000000000e+03
3.976000000000000000e+03
4.903000000000000000e+03
3.978000000000000000e+03
4.950000000000000000e+02
4.012000000000000000e+03
2.446000000000000000e+03
1.857000000000000000e+03
1.071000000000000000e+03
5.211000000000000000e+03
1.669000000000000000e+03
3.853000000000000000e+03
3.570000000000000000e+02
9.290000000000000000e+02
3.411000000000000000e+03
4.420000000000000000e+02
3.358000000000000000e+03
3.061000000000000000e+03
3.322000000000000000e+03
3.222000000000000000e+03
3.470000000000000000e+03
3.117000000000000000e+03
2.209000000000000000e+03
1.930000000000000000e+02
5.008000000000000000e+03
5.310000000000000000e+02
5.101000000000000000e+03
4.157000000000000000e+03
3.458000000000000000e+03
1.560000000000000000e+02
1.460000000000000000e+03
3.699000000000000000e+03
4.733000000000000000e+03
2.024000000000000000e+03
3.882000000000000000e+03
3.221000000000000000e+03
2.065000000000000000e+03
3.200000000000000000e+02
4.232000000000000000e+03
4.884000000000000000e+03
4.611000000000000000e+03
1.784000000000000000e+03
7.320000000000000000e+02
1.707000000000000000e+03
4.769000000000000000e+03
2.983000000000000000e+03
1.173000000000000000e+03
4.570000000000000000e+03
3.057000000000000000e+03
4.587000000000000000e+03
4.656000000000000000e+03
4.589000000000000000e+03
4.005000000000000000e+03
3.860000000000000000e+02
9.670000000000000000e+02
1.040000000000000000e+03
5.050000000000000000e+03
5.080000000000000000e+03
3.016000000000000000e+03
4.340000000000000000e+02
2.780000000000000000e+03
3.965000000000000000e+03
3.599000000000000000e+03
8.420000000000000000e+02
4.054000000000000000e+03
3.433000000000000000e+03
3.526000000000000000e+03
4.717000000000000000e+03
1.950000000000000000e+02
2.990000000000000000e+03
1.066000000000000000e+03
4.002000000000000000e+03
2.989000000000000000e+03
4.237000000000000000e+03
3.055000000000000000e+03
1.631000000000000000e+03
3.494000000000000000e+03
5.146000000000000000e+03
4.410000000000000000e+02
6.660000000000000000e+02
5.134000000000000000e+03
4.103000000000000000e+03
7.400000000000000000e+02
4.480000000000000000e+03
4.014000000000000000e+03
1.372000000000000000e+03
3.057000000000000000e+03
1.346000000000000000e+03
2.479000000000000000e+03
2.124000000000000000e+03
3.935000000000000000e+03
1.141000000000000000e+03
6.980000000000000000e+02
1.970000000000000000e+02
5.228000000000000000e+03
4.499000000000000000e+03
5.125000000000000000e+03
3.296000000000000000e+03
2.721000000000000000e+03
3.671000000000000000e+03
9.310000000000000000e+02
3.494000000000000000e+03
3.200000000000000000e+03
1.060000000000000000e+02
2.045000000000000000e+03
4.300000000000000000e+03
1.179000000000000000e+03
3.788000000000000000e+03
9.900000000000000000e+02
3.463000000000000000e+03
4.964000000000000000e+03
1.300000000000000000e+02
4.998000000000000000e+03
5.098000000000000000e+03
2.212000000000000000e+03
7.910000000000000000e+02
3.618000000000000000e+03
4.305000000000000000e+03
2.987000000000000000e+03
5.125000000000000000e+03
4.231000000000000000e+03
2.072000000000000000e+03
4.460000000000000000e+02
1.675000000000000000e+03
8.030000000000000000e+02
1.336000000000000000e+03
5.150000000000000000e+03
2.108000000000000000e+03
6.920000000000000000e+02
5.126000000000000000e+03
2.400000000000000000e+02
2.403000000000000000e+03
4.024000000000000000e+03
1.284000000000000000e+03
4.656000000000000000e+03
1.986000000000000000e+03
4.496000000000000000e+03
4.461000000000000000e+03
1.247000000000000000e+03
1.700000000000000000e+01
3.610000000000000000e+02
4.972000000000000000e+03
4.250000000000000000e+03
6.800000000000000000e+02
2.170000000000000000e+03
3.263000000000000000e+03
3.157000000000000000e+03
2.370000000000000000e+02
2.848000000000000000e+03
1.682000000000000000e+03
2.262000000000000000e+03
4.504000000000000000e+03
2.258000000000000000e+03
1.790000000000000000e+03
1.315000000000000000e+03
4.909000000000000000e+03
1.844000000000000000e+03
2.465000000000000000e+03
2.344000000000000000e+03
4.095000000000000000e+03
2.822000000000000000e+03
2.629000000000000000e+03
3.289000000000000000e+03
3.496000000000000000e+03
5.021000000000000000e+03
2.790000000000000000e+03
3.368000000000000000e+03
2.549000000000000000e+03
5.104000000000000000e+03
3.400000000000000000e+03
1.976000000000000000e+03
5.231000000000000000e+03
3.341000000000000000e+03
1.941000000000000000e+03
2.172000000000000000e+03
2.160000000000000000e+03
5.080000000000000000e+02
3.240000000000000000e+03
1.721000000000000000e+03
2.447000000000000000e+03
3.328000000000000000e+03
2.703000000000000000e+03
1.480000000000000000e+02
3.946000000000000000e+03
7.550000000000000000e+02
1.596000000000000000e+03
4.377000000000000000e+03
5.540000000000000000e+02
1.184000000000000000e+03
2.350000000000000000e+02
4.519000000000000000e+03
4.355000000000000000e+03
5.059000000000000000e+03
8.000000000000000000e+01
4.236000000000000000e+03
1.630000000000000000e+02
4.951000000000000000e+03
1.520000000000000000e+03
3.953000000000000000e+03
9.500000000000000000e+01
1.365000000000000000e+03
2.623000000000000000e+03
4.042000000000000000e+03
2.767000000000000000e+03
2.390000000000000000e+02
4.097000000000000000e+03
4.410000000000000000e+02
2.855000000000000000e+03
3.013000000000000000e+03
1.082000000000000000e+03
1.322000000000000000e+03
2.749000000000000000e+03
2.934000000000000000e+03
5.990000000000000000e+02
1.233000000000000000e+03
2.832000000000000000e+03
9.970000000000000000e+02
3.055000000000000000e+03
1.755000000000000000e+03
8.920000000000000000e+02
2.482000000000000000e+03
1.428000000000000000e+03
1.864000000000000000e+03
3.156000000000000000e+03
1.852000000000000000e+03
2.292000000000000000e+03
7.000000000000000000e+02
3.963000000000000000e+03
7.310000000000000000e+02
4.269000000000000000e+03
2.235000000000000000e+03
5.055000000000000000e+03
3.262000000000000000e+03
3.606000000000000000e+03
9.920000000000000000e+02
2.586000000000000000e+03
1.152000000000000000e+03
4.806000000000000000e+03
2.225000000000000000e+03
3.589000000000000000e+03
1.150000000000000000e+03
2.448000000000000000e+03
1.092000000000000000e+03
4.033000000000000000e+03
3.910000000000000000e+02
3.508000000000000000e+03
2.006000000000000000e+03
1.335000000000000000e+03
1.304000000000000000e+03
1.542000000000000000e+03
2.627000000000000000e+03
1.510000000000000000e+03
2.341000000000000000e+03
3.041000000000000000e+03
2.018000000000000000e+03
2.793000000000000000e+03
4.517000000000000000e+03
1.582000000000000000e+03
3.768000000000000000e+03
8.700000000000000000e+02
2.834000000000000000e+03
3.405000000000000000e+03
9.400000000000000000e+02
1.531000000000000000e+03
4.538000000000000000e+03
3.955000000000000000e+03
1.813000000000000000e+03
4.939000000000000000e+03
8.390000000000000000e+02
3.947000000000000000e+03
3.857000000000000000e+03
2.915000000000000000e+03
4.122000000000000000e+03
3.407000000000000000e+03
4.229000000000000000e+03
4.125000000000000000e+03
4.034000000000000000e+03
3.751000000000000000e+03
5.093000000000000000e+03
1.001000000000000000e+03
2.203000000000000000e+03
7.250000000000000000e+02
3.281000000000000000e+03
2.501000000000000000e+03
1.020000000000000000e+03
1.094000000000000000e+03
1.408000000000000000e+03
4.331000000000000000e+03
4.688000000000000000e+03
7.310000000000000000e+02
6.560000000000000000e+02
4.299000000000000000e+03
9.480000000000000000e+02
2.604000000000000000e+03
9.630000000000000000e+02
3.696000000000000000e+03
3.237000000000000000e+03
7.520000000000000000e+02
2.182000000000000000e+03
3.908000000000000000e+03
1.516000000000000000e+03
1.855000000000000000e+03
4.753000000000000000e+03
4.280000000000000000e+02
1.677000000000000000e+03
2.033000000000000000e+03
3.926000000000000000e+03
1.947000000000000000e+03
3.360000000000000000e+03
1.993000000000000000e+03
5.150000000000000000e+02
1.014000000000000000e+03
1.848000000000000000e+03
8.570000000000000000e+02
2.156000000000000000e+03
4.142000000000000000e+03
2.710000000000000000e+03
1.448000000000000000e+03
2.299000000000000000e+03
1.650000000000000000e+03
2.172000000000000000e+03
3.658000000000000000e+03
1.923000000000000000e+03
1.468000000000000000e+03
2.524000000000000000e+03
2.037000000000000000e+03
1.880000000000000000e+02
2.993000000000000000e+03
3.157000000000000000e+03
2.869000000000000000e+03
1.450000000000000000e+02
2.017000000000000000e+03
3.624000000000000000e+03
2.775000000000000000e+03
3.630000000000000000e+03
3.513000000000000000e+03
2.931000000000000000e+03
4.161000000000000000e+03
3.906000000000000000e+03
4.107000000000000000e+03
2.873000000000000000e+03
2.181000000000000000e+03
3.658000000000000000e+03
1.994000000000000000e+03
1.789000000000000000e+03
3.787000000000000000e+03
3.265000000000000000e+03
1.226000000000000000e+03
3.437000000000000000e+03
4.629000000000000000e+03
3.975000000000000000e+03
5.011000000000000000e+03
3.855000000000000000e+03
4.919000000000000000e+03
4.640000000000000000e+03
4.711000000000000000e+03
1.179000000000000000e+03
4.758000000000000000e+03
3.647000000000000000e+03
1.225000000000000000e+03
4.097000000000000000e+03
2.406000000000000000e+03
6.720000000000000000e+02
1.013000000000000000e+03
3.039000000000000000e+03
7.170000000000000000e+02
5.920000000000000000e+02
3.371000000000000000e+03
3.214000000000000000e+03
3.170000000000000000e+02
3.263000000000000000e+03
3.391000000000000000e+03
2.229000000000000000e+03
5.199000000000000000e+03
7.920000000000000000e+02
3.992000000000000000e+03
7.600000000000000000e+02
5.400000000000000000e+02
3.792000000000000000e+03
5.055000000000000000e+03
4.198000000000000000e+03
1.054000000000000000e+03
4.432000000000000000e+03
2.399000000000000000e+03
4.267000000000000000e+03
3.225000000000000000e+03
3.390000000000000000e+02
1.390000000000000000e+02
4.161000000000000000e+03
3.172000000000000000e+03
1.721000000000000000e+03
5.140000000000000000e+02
3.251000000000000000e+03
4.520000000000000000e+03
1.880000000000000000e+03
5.141000000000000000e+03
2.844000000000000000e+03
1.940000000000000000e+02
2.450000000000000000e+02
4.107000000000000000e+03
7.290000000000000000e+02
4.792000000000000000e+03
4.760000000000000000e+02
3.332000000000000000e+03
2.208000000000000000e+03
7.380000000000000000e+02
4.683000000000000000e+03
6.590000000000000000e+02
4.025000000000000000e+03
4.211000000000000000e+03
3.133000000000000000e+03
1.630000000000000000e+03
4.096000000000000000e+03
4.231000000000000000e+03
4.188000000000000000e+03
3.083000000000000000e+03
2.863000000000000000e+03
3.803000000000000000e+03
1.993000000000000000e+03
4.323000000000000000e+03
3.142000000000000000e+03
2.483000000000000000e+03
3.452000000000000000e+03
3.672000000000000000e+03
2.767000000000000000e+03
3.317000000000000000e+03
3.632000000000000000e+03
6.660000000000000000e+02
7.080000000000000000e+02
1.858000000000000000e+03
4.269000000000000000e+03
3.994000000000000000e+03
2.372000000000000000e+03
1.023000000000000000e+03
2.479000000000000000e+03
3.630000000000000000e+02
1.268000000000000000e+03
3.494000000000000000e+03
2.039000000000000000e+03
1.447000000000000000e+03
2.636000000000000000e+03
4.827000000000000000e+03
2.046000000000000000e+03
2.670000000000000000e+03
5.690000000000000000e+02
1.937000000000000000e+03
8.330000000000000000e+02
3.956000000000000000e+03
6.600000000000000000e+02
3.081000000000000000e+03
2.468000000000000000e+03
9.470000000000000000e+02
2.713000000000000000e+03
6.100000000000000000e+01
3.724000000000000000e+03
1.168000000000000000e+03
3.570000000000000000e+03
4.067000000000000000e+03
2.998000000000000000e+03
4.901000000000000000e+03
4.920000000000000000e+02
5.100000000000000000e+01
1.014000000000000000e+03
9.600000000000000000e+02
4.594000000000000000e+03
1.502000000000000000e+03
5.087000000000000000e+03
3.574000000000000000e+03
1.743000000000000000e+03
3.337000000000000000e+03
2.070000000000000000e+02
2.075000000000000000e+03
4.928000000000000000e+03
8.070000000000000000e+02
5.570000000000000000e+02
3.062000000000000000e+03
1.693000000000000000e+03
4.508000000000000000e+03
4.727000000000000000e+03
4.310000000000000000e+03
1.871000000000000000e+03
4.298000000000000000e+03
1.043000000000000000e+03
4.920000000000000000e+03
7.920000000000000000e+02
2.900000000000000000e+03
1.859000000000000000e+03
4.190000000000000000e+03
3.969000000000000000e+03
6.090000000000000000e+02
7.570000000000000000e+02
1.594000000000000000e+03
4.070000000000000000e+02
4.354000000000000000e+03
4.421000000000000000e+03
2.285000000000000000e+03
4.096000000000000000e+03
5.063000000000000000e+03
4.832000000000000000e+03
3.450000000000000000e+03
1.652000000000000000e+03
1.660000000000000000e+03
1.986000000000000000e+03
1.272000000000000000e+03
9.500000000000000000e+02
3.808000000000000000e+03
2.826000000000000000e+03
2.712000000000000000e+03
5.350000000000000000e+02
4.791000000000000000e+03
3.387000000000000000e+03
2.058000000000000000e+03
6.200000000000000000e+02
2.997000000000000000e+03
2.002000000000000000e+03
2.250000000000000000e+02
3.203000000000000000e+03
8.420000000000000000e+02
1.326000000000000000e+03
3.678000000000000000e+03
5.050000000000000000e+03
1.716000000000000000e+03
4.555000000000000000e+03
4.441000000000000000e+03
4.740000000000000000e+02
1.869000000000000000e+03
2.574000000000000000e+03
1.212000000000000000e+03
4.864000000000000000e+03
9.030000000000000000e+02
4.890000000000000000e+03
6.030000000000000000e+02
5.580000000000000000e+02
2.270000000000000000e+03
2.064000000000000000e+03
2.506000000000000000e+03
4.517000000000000000e+03
2.141000000000000000e+03
1.929000000000000000e+03
1.548000000000000000e+03
2.460000000000000000e+02
3.800000000000000000e+01
7.690000000000000000e+02
1.371000000000000000e+03
9.570000000000000000e+02
4.100000000000000000e+03
2.956000000000000000e+03
1.900000000000000000e+02
7.300000000000000000e+02
2.798000000000000000e+03
3.941000000000000000e+03
3.974000000000000000e+03
4.119000000000000000e+03
4.067000000000000000e+03
3.003000000000000000e+03
4.758000000000000000e+03
2.144000000000000000e+03
4.910000000000000000e+03
4.674000000000000000e+03
1.871000000000000000e+03
2.698000000000000000e+03
1.586000000000000000e+03
1.058000000000000000e+03
3.407000000000000000e+03
4.474000000000000000e+03
1.072000000000000000e+03
4.720000000000000000e+03
1.568000000000000000e+03
2.791000000000000000e+03
4.254000000000000000e+03
4.888000000000000000e+03
4.049000000000000000e+03
1.699000000000000000e+03
1.545000000000000000e+03
4.340000000000000000e+02
2.960000000000000000e+02
2.974000000000000000e+03
3.675000000000000000e+03
2.577000000000000000e+03
1.172000000000000000e+03
2.936000000000000000e+03
2.137000000000000000e+03
2.921000000000000000e+03
1.310000000000000000e+03
2.319000000000000000e+03
4.611000000000000000e+03
3.913000000000000000e+03
1.070000000000000000e+03
3.849000000000000000e+03
2.220000000000000000e+02
2.266000000000000000e+03
3.698000000000000000e+03
4.412000000000000000e+03
1.418000000000000000e+03
4.816000000000000000e+03
3.792000000000000000e+03
2.606000000000000000e+03
1.837000000000000000e+03
4.290000000000000000e+03
5.700000000000000000e+02
5.730000000000000000e+02
3.352000000000000000e+03
3.407000000000000000e+03
7.100000000000000000e+01
3.670000000000000000e+03
2.915000000000000000e+03
8.760000000000000000e+02
2.513000000000000000e+03
1.602000000000000000e+03
3.553000000000000000e+03
2.820000000000000000e+02
4.596000000000000000e+03
4.805000000000000000e+03
8.860000000000000000e+02
9.600000000000000000e+02
7.320000000000000000e+02
2.262000000000000000e+03
1.291000000000000000e+03
4.904000000000000000e+03
2.699000000000000000e+03
1.630000000000000000e+02
2.064000000000000000e+03
5.218000000000000000e+03
4.450000000000000000e+03
1.750000000000000000e+02
1.590000000000000000e+02
1.231000000000000000e+03
2.330000000000000000e+03
1.839000000000000000e+03
1.306000000000000000e+03
1.826000000000000000e+03
3.000000000000000000e+03
2.948000000000000000e+03
6.500000000000000000e+02
2.568000000000000000e+03
1.572000000000000000e+03
1.310000000000000000e+02
3.490000000000000000e+03
4.357000000000000000e+03
2.112000000000000000e+03
5.860000000000000000e+02
1.425000000000000000e+03
4.808000000000000000e+03
9.200000000000000000e+02
2.556000000000000000e+03
2.479000000000000000e+03
1.548000000000000000e+03
2.280000000000000000e+03
2.947000000000000000e+03
4.455000000000000000e+03
2.616000000000000000e+03
1.278000000000000000e+03
3.390000000000000000e+02
3.388000000000000000e+03
4.348000000000000000e+03
5.071000000000000000e+03
4.410000000000000000e+02
4.166000000000000000e+03
8.500000000000000000e+01
3.940000000000000000e+02
4.425000000000000000e+03
1.749000000000000000e+03
9.450000000000000000e+02
3.785000000000000000e+03
3.186000000000000000e+03
7.490000000000000000e+02
3.094000000000000000e+03
8.680000000000000000e+02
3.146000000000000000e+03
2.416000000000000000e+03
4.771000000000000000e+03
5.171000000000000000e+03
4.798000000000000000e+03
1.178000000000000000e+03
1.184000000000000000e+03
1.073000000000000000e+03
4.715000000000000000e+03
5.165000000000000000e+03
1.480000000000000000e+03
3.825000000000000000e+03
3.444000000000000000e+03
4.729000000000000000e+03
1.712000000000000000e+03
5.025000000000000000e+03
1.080000000000000000e+03
4.191000000000000000e+03
1.185000000000000000e+03
1.640000000000000000e+02
4.932000000000000000e+03
4.273000000000000000e+03
2.591000000000000000e+03
3.907000000000000000e+03
2.507000000000000000e+03
2.220000000000000000e+02
4.578000000000000000e+03
2.191000000000000000e+03
4.820000000000000000e+03
4.961000000000000000e+03
3.204000000000000000e+03
8.310000000000000000e+02
2.180000000000000000e+03
3.050000000000000000e+03
2.912000000000000000e+03
3.546000000000000000e+03
1.661000000000000000e+03
3.284000000000000000e+03
3.421000000000000000e+03
2.170000000000000000e+03
5.028000000000000000e+03
1.407000000000000000e+03
2.572000000000000000e+03
3.500000000000000000e+02
3.032000000000000000e+03
4.045000000000000000e+03
5.920000000000000000e+02
3.284000000000000000e+03
2.543000000000000000e+03
1.454000000000000000e+03
1.846000000000000000e+03
3.955000000000000000e+03
1.450000000000000000e+02
1.315000000000000000e+03
5.162000000000000000e+03
1.265000000000000000e+03
2.252000000000000000e+03
2.540000000000000000e+02
3.591000000000000000e+03
2.950000000000000000e+02
2.795000000000000000e+03
3.580000000000000000e+02
8.000000000000000000e+00
2.816000000000000000e+03
1.943000000000000000e+03
1.687000000000000000e+03
1.993000000000000000e+03
4.320000000000000000e+02
1.813000000000000000e+03
2.598000000000000000e+03
2.340000000000000000e+03
2.495000000000000000e+03
3.381000000000000000e+03
2.849000000000000000e+03
4.481000000000000000e+03
2.981000000000000000e+03
1.233000000000000000e+03
8.020000000000000000e+02
1.265000000000000000e+03
2.987000000000000000e+03
4.146000000000000000e+03
1.231000000000000000e+03
4.058000000000000000e+03
1.547000000000000000e+03
5.036000000000000000e+03
7.170000000000000000e+02
5.350000000000000000e+02
8.220000000000000000e+02
4.298000000000000000e+03
4.400000000000000000e+03
3.494000000000000000e+03
5.187000000000000000e+03
2.596000000000000000e+03
4.756000000000000000e+03
4.303000000000000000e+03
5.191000000000000000e+03
3.566000000000000000e+03
1.293000000000000000e+03
3.470000000000000000e+03
5.060000000000000000e+03
4.186000000000000000e+03
8.650000000000000000e+02
1.393000000000000000e+03
1.208000000000000000e+03
2.086000000000000000e+03
7.210000000000000000e+02
4.912000000000000000e+03
3.221000000000000000e+03
1.977000000000000000e+03
4.867000000000000000e+03
8.630000000000000000e+02
1.949000000000000000e+03
4.601000000000000000e+03
3.841000000000000000e+03
1.236000000000000000e+03
4.560000000000000000e+02
2.023000000000000000e+03
2.300000000000000000e+02
4.924000000000000000e+03
4.877000000000000000e+03
3.621000000000000000e+03
3.641000000000000000e+03
2.446000000000000000e+03
5.400000000000000000e+01
1.000000000000000000e+00
2.440000000000000000e+02
3.470000000000000000e+02
1.285000000000000000e+03
4.410000000000000000e+03
1.364000000000000000e+03
3.433000000000000000e+03
4.886000000000000000e+03
3.828000000000000000e+03
2.083000000000000000e+03
3.534000000000000000e+03
8.170000000000000000e+02
4.963000000000000000e+03
1.031000000000000000e+03
4.887000000000000000e+03
3.106000000000000000e+03
1.847000000000000000e+03
7.870000000000000000e+02
5.155000000000000000e+03
3.140000000000000000e+02
4.357000000000000000e+03
2.199000000000000000e+03
1.455000000000000000e+03
1.368000000000000000e+03
1.876000000000000000e+03
1.013000000000000000e+03
7.540000000000000000e+02
4.330000000000000000e+02
1.628000000000000000e+03
2.530000000000000000e+02
1.860000000000000000e+02
6.710000000000000000e+02
4.384000000000000000e+03
4.643000000000000000e+03
6.290000000000000000e+02
3.193000000000000000e+03
1.440000000000000000e+03
1.344000000000000000e+03
6.090000000000000000e+02
4.291000000000000000e+03
2.747000000000000000e+03
4.979000000000000000e+03
3.687000000000000000e+03
5.221000000000000000e+03
8.080000000000000000e+02
2.855000000000000000e+03
3.608000000000000000e+03
1.750000000000000000e+02
1.512000000000000000e+03
3.687000000000000000e+03
4.539000000000000000e+03
2.514000000000000000e+03
1.572000000000000000e+03
3.592000000000000000e+03
2.368000000000000000e+03
8.560000000000000000e+02
2.652000000000000000e+03
1.399000000000000000e+03
3.929000000000000000e+03
4.333000000000000000e+03
2.316000000000000000e+03
5.101000000000000000e+03
4.769000000000000000e+03
9.330000000000000000e+02
3.179000000000000000e+03
3.528000000000000000e+03
5.113000000000000000e+03
4.921000000000000000e+03
2.030000000000000000e+02
4.430000000000000000e+03
2.523000000000000000e+03
3.827000000000000000e+03
1.545000000000000000e+03
4.566000000000000000e+03
4.715000000000000000e+03
1.142000000000000000e+03
1.449000000000000000e+03
4.135000000000000000e+03
4.577000000000000000e+03
2.203000000000000000e+03
2.713000000000000000e+03
3.175000000000000000e+03
3.444000000000000000e+03
4.982000000000000000e+03
4.544000000000000000e+03
9.370000000000000000e+02
6.430000000000000000e+02
1.400000000000000000e+03
4.878000000000000000e+03
8.030000000000000000e+02
3.641000000000000000e+03
2.500000000000000000e+02
3.454000000000000000e+03
8.220000000000000000e+02
4.976000000000000000e+03
2.309000000000000000e+03
2.028000000000000000e+03
2.402000000000000000e+03
4.063000000000000000e+03
1.186000000000000000e+03
5.115000000000000000e+03
5.120000000000000000e+02
1.606000000000000000e+03
4.336000000000000000e+03
2.240000000000000000e+02
1.198000000000000000e+03
3.189000000000000000e+03
7.310000000000000000e+02
1.983000000000000000e+03
5.069000000000000000e+03
4.777000000000000000e+03
2.000000000000000000e+03
5.320000000000000000e+02
2.203000000000000000e+03
4.230000000000000000e+03
4.999000000000000000e+03
3.381000000000000000e+03
1.455000000000000000e+03
2.572000000000000000e+03
4.450000000000000000e+02
1.403000000000000000e+03
3.835000000000000000e+03
2.933000000000000000e+03
6.930000000000000000e+02
4.223000000000000000e+03
2.090000000000000000e+03
1.830000000000000000e+03
4.726000000000000000e+03
6.950000000000000000e+02
2.657000000000000000e+03
2.202000000000000000e+03
2.994000000000000000e+03
2.757000000000000000e+03
2.666000000000000000e+03
4.977000000000000000e+03
1.608000000000000000e+03
2.640000000000000000e+02
3.835000000000000000e+03
2.960000000000000000e+02
3.240000000000000000e+03
3.255000000000000000e+03
1.076000000000000000e+03
1.924000000000000000e+03
3.623000000000000000e+03
2.179000000000000000e+03
2.255000000000000000e+03
4.445000000000000000e+03
2.436000000000000000e+03
4.509000000000000000e+03
3.365000000000000000e+03
4.743000000000000000e+03
3.260000000000000000e+03
1.971000000000000000e+03
4.902000000000000000e+03
3.274000000000000000e+03
2.937000000000000000e+03
1.451000000000000000e+03
8.490000000000000000e+02
3.681000000000000000e+03
4.946000000000000000e+03
2.865000000000000000e+03
4.672000000000000000e+03
4.672000000000000000e+03
1.995000000000000000e+03
3.722000000000000000e+03
5.900000000000000000e+01
9.490000000000000000e+02
2.826000000000000000e+03
1.602000000000000000e+03
1.622000000000000000e+03
9.760000000000000000e+02
3.216000000000000000e+03
2.598000000000000000e+03
1.658000000000000000e+03
3.661000000000000000e+03
2.116000000000000000e+03
1.255000000000000000e+03
3.857000000000000000e+03
4.840000000000000000e+02
3.724000000000000000e+03
2.659000000000000000e+03
2.820000000000000000e+02
3.757000000000000000e+03
4.860000000000000000e+02
2.689000000000000000e+03
3.181000000000000000e+03
4.357000000000000000e+03
2.128000000000000000e+03
4.976000000000000000e+03
5.400000000000000000e+01
3.508000000000000000e+03
2.889000000000000000e+03
2.160000000000000000e+03
3.700000000000000000e+03
2.768000000000000000e+03
1.150000000000000000e+03
5.800000000000000000e+01
1.062000000000000000e+03
6.000000000000000000e+02
3.496000000000000000e+03
4.804000000000000000e+03
6.250000000000000000e+02
4.198000000000000000e+03
2.347000000000000000e+03
2.332000000000000000e+03
1.641000000000000000e+03
3.444000000000000000e+03
1.477000000000000000e+03
1.047000000000000000e+03
1.842000000000000000e+03
1.900000000000000000e+01
3.337000000000000000e+03
2.861000000000000000e+03
3.993000000000000000e+03
1.006000000000000000e+03
2.931000000000000000e+03
1.999000000000000000e+03
9.580000000000000000e+02
3.516000000000000000e+03
3.286000000000000000e+03
1.954000000000000000e+03
1.787000000000000000e+03
2.045000000000000000e+03
2.934000000000000000e+03
1.632000000000000000e+03
2.286000000000000000e+03
2.580000000000000000e+03
2.683000000000000000e+03
1.466000000000000000e+03
4.618000000000000000e+03
3.025000000000000000e+03
9.760000000000000000e+02
2.977000000000000000e+03
4.159000000000000000e+03
1.760000000000000000e+02
5.209000000000000000e+03
3.253000000000000000e+03
3.671000000000000000e+03
3.454000000000000000e+03
3.435000000000000000e+03
2.900000000000000000e+01
2.324000000000000000e+03
1.160000000000000000e+02
1.120000000000000000e+03
1.311000000000000000e+03
6.560000000000000000e+02
9.680000000000000000e+02
1.154000000000000000e+03
3.444000000000000000e+03
1.268000000000000000e+03
7.250000000000000000e+02
2.409000000000000000e+03
1.887000000000000000e+03
2.539000000000000000e+03
1.904000000000000000e+03
3.319000000000000000e+03
6.230000000000000000e+02
1.425000000000000000e+03
1.157000000000000000e+03
4.926000000000000000e+03
1.180000000000000000e+03
3.499000000000000000e+03
2.810000000000000000e+02
4.104000000000000000e+03
2.820000000000000000e+02
4.632000000000000000e+03
5.113000000000000000e+03
3.851000000000000000e+03
1.368000000000000000e+03
2.696000000000000000e+03
2.897000000000000000e+03
5.177000000000000000e+03
4.290000000000000000e+03
1.043000000000000000e+03
3.820000000000000000e+03
4.064000000000000000e+03
3.450000000000000000e+02
9.670000000000000000e+02
3.696000000000000000e+03
4.880000000000000000e+02
6.660000000000000000e+02
2.029000000000000000e+03
5.106000000000000000e+03
1.942000000000000000e+03
2.424000000000000000e+03
1.547000000000000000e+03
4.878000000000000000e+03
7.890000000000000000e+02
1.133000000000000000e+03
3.546000000000000000e+03
5.193000000000000000e+03
2.487000000000000000e+03
3.889000000000000000e+03
1.170000000000000000e+02
2.573000000000000000e+03
5.087000000000000000e+03
5.184000000000000000e+03
2.184000000000000000e+03
3.222000000000000000e+03
2.000000000000000000e+01
4.237000000000000000e+03
4.641000000000000000e+03
3.135000000000000000e+03
3.822000000000000000e+03
1.368000000000000000e+03
1.870000000000000000e+03
2.007000000000000000e+03
1.010000000000000000e+03
3.970000000000000000e+02
1.141000000000000000e+03
1.098000000000000000e+03
1.959000000000000000e+03
4.512000000000000000e+03
3.959000000000000000e+03
5.002000000000000000e+03
4.354000000000000000e+03
8.770000000000000000e+02
2.968000000000000000e+03
3.032000000000000000e+03
4.924000000000000000e+03
4.771000000000000000e+03
4.727000000000000000e+03
2.747000000000000000e+03
2.662000000000000000e+03
1.100000000000000000e+02
3.900000000000000000e+03
6.180000000000000000e+02
4.601000000000000000e+03
4.107000000000000000e+03
1.675000000000000000e+03
3.206000000000000000e+03
4.317000000000000000e+03
2.572000000000000000e+03
3.313000000000000000e+03
3.008000000000000000e+03
2.028000000000000000e+03
2.865000000000000000e+03
2.935000000000000000e+03
3.770000000000000000e+02
2.950000000000000000e+02
1.006000000000000000e+03
3.091000000000000000e+03
4.361000000000000000e+03
3.866000000000000000e+03
4.947000000000000000e+03
1.560000000000000000e+02
3.427000000000000000e+03
1.846000000000000000e+03
2.258000000000000000e+03
2.322000000000000000e+03
8.680000000000000000e+02
1.442000000000000000e+03
4.659000000000000000e+03
2.694000000000000000e+03
2.775000000000000000e+03
4.509000000000000000e+03
7.310000000000000000e+02
4.987000000000000000e+03
1.702000000000000000e+03
1.848000000000000000e+03
1.780000000000000000e+02
2.245000000000000000e+03
1.231000000000000000e+03
1.837000000000000000e+03
4.721000000000000000e+03
1.192000000000000000e+03
2.450000000000000000e+03
1.155000000000000000e+03
3.842000000000000000e+03
4.122000000000000000e+03
4.987000000000000000e+03
3.338000000000000000e+03
5.169000000000000000e+03
3.912000000000000000e+03
1.182000000000000000e+03
1.022000000000000000e+03
1.689000000000000000e+03
4.900000000000000000e+01
2.310000000000000000e+02
1.010000000000000000e+02
1.246000000000000000e+03
7.640000000000000000e+02
3.513000000000000000e+03
2.783000000000000000e+03
2.243000000000000000e+03
4.808000000000000000e+03
3.716000000000000000e+03
4.367000000000000000e+03
2.918000000000000000e+03
5.179000000000000000e+03
2.680000000000000000e+02
4.639000000000000000e+03
4.735000000000000000e+03
2.199000000000000000e+03
1.429000000000000000e+03
1.134000000000000000e+03
4.920000000000000000e+03
1.620000000000000000e+02
3.910000000000000000e+03
6.090000000000000000e+02
9.020000000000000000e+02
4.534000000000000000e+03
1.186000000000000000e+03
3.351000000000000000e+03
1.273000000000000000e+03
1.820000000000000000e+02
4.365000000000000000e+03
1.025000000000000000e+03
4.891000000000000000e+03
4.282000000000000000e+03
5.095000000000000000e+03
1.972000000000000000e+03
3.785000000000000000e+03
4.324000000000000000e+03
3.966000000000000000e+03
3.560000000000000000e+03
2.821000000000000000e+03
4.644000000000000000e+03
1.883000000000000000e+03
5.081000000000000000e+03
4.036000000000000000e+03
4.200000000000000000e+02
2.074000000000000000e+03
5.233000000000000000e+03
3.007000000000000000e+03
4.807000000000000000e+03
2.610000000000000000e+03
3.397000000000000000e+03
2.059000000000000000e+03
2.514000000000000000e+03
7.600000000000000000e+02
5.023000000000000000e+03
1.358000000000000000e+03
2.417000000000000000e+03
8.700000000000000000e+01
2.587000000000000000e+03
2.315000000000000000e+03
2.005000000000000000e+03
3.785000000000000000e+03
3.700000000000000000e+02
3.596000000000000000e+03
1.692000000000000000e+03
3.421000000000000000e+03
5.234000000000000000e+03
3.160000000000000000e+03
1.537000000000000000e+03
3.238000000000000000e+03
4.920000000000000000e+02
3.797000000000000000e+03
1.557000000000000000e+03
2.179000000000000000e+03
6.840000000000000000e+02
4.625000000000000000e+03
1.310000000000000000e+03
1.450000000000000000e+03
4.627000000000000000e+03
2.960000000000000000e+02
1.872000000000000000e+03
3.588000000000000000e+03
2.549000000000000000e+03
3.670000000000000000e+02
3.222000000000000000e+03
7.570000000000000000e+02
4.720000000000000000e+02
4.477000000000000000e+03
3.161000000000000000e+03
1.864000000000000000e+03
4.148000000000000000e+03
3.831000000000000000e+03
3.636000000000000000e+03
1.622000000000000000e+03
2.594000000000000000e+03
3.864000000000000000e+03
1.168000000000000000e+03
3.683000000000000000e+03
3.980000000000000000e+03
3.341000000000000000e+03
2.000000000000000000e+03
3.132000000000000000e+03
1.897000000000000000e+03
3.100000000000000000e+03
1.000000000000000000e+03
1.940000000000000000e+03
4.378000000000000000e+03
4.182000000000000000e+03
4.880000000000000000e+03
5.000000000000000000e+00
9.290000000000000000e+02
1.977000000000000000e+03
3.355000000000000000e+03
4.266000000000000000e+03
8.990000000000000000e+02
3.770000000000000000e+03
4.585000000000000000e+03
2.776000000000000000e+03
3.074000000000000000e+03
3.914000000000000000e+03
2.056000000000000000e+03
7.770000000000000000e+02
2.430000000000000000e+03
1.493000000000000000e+03
2.588000000000000000e+03
2.190000000000000000e+02
4.747000000000000000e+03
2.168000000000000000e+03
1.793000000000000000e+03
3.300000000000000000e+01
3.600000000000000000e+02
2.498000000000000000e+03
4.469000000000000000e+03
1.008000000000000000e+03
4.357000000000000000e+03
3.629000000000000000e+03
6.580000000000000000e+02
4.378000000000000000e+03
4.721000000000000000e+03
2.079000000000000000e+03
3.740000000000000000e+02
4.673000000000000000e+03
8.950000000000000000e+02
2.608000000000000000e+03
1.493000000000000000e+03
3.490000000000000000e+03
2.153000000000000000e+03
3.776000000000000000e+03
5.155000000000000000e+03
3.917000000000000000e+03
7.730000000000000000e+02
2.750000000000000000e+02
4.273000000000000000e+03
5.156000000000000000e+03
5.168000000000000000e+03
2.703000000000000000e+03
8.550000000000000000e+02
7.870000000000000000e+02
3.610000000000000000e+02
3.910000000000000000e+03
1.300000000000000000e+01
1.343000000000000000e+03
4.139000000000000000e+03
3.027000000000000000e+03
4.805000000000000000e+03
1.728000000000000000e+03
9.010000000000000000e+02
4.576000000000000000e+03
2.693000000000000000e+03
6.100000000000000000e+02
6.830000000000000000e+02
8.280000000000000000e+02
3.450000000000000000e+03
2.424000000000000000e+03
5.120000000000000000e+02
3.698000000000000000e+03
3.544000000000000000e+03
1.288000000000000000e+03
8.110000000000000000e+02
3.331000000000000000e+03
4.041000000000000000e+03
3.800000000000000000e+03
4.880000000000000000e+03
2.726000000000000000e+03
4.200000000000000000e+03
3.255000000000000000e+03
5.063000000000000000e+03
1.870000000000000000e+02
5.102000000000000000e+03
2.079000000000000000e+03
2.806000000000000000e+03
1.623000000000000000e+03
1.768000000000000000e+03
2.149000000000000000e+03
3.537000000000000000e+03
3.330000000000000000e+03
3.357000000000000000e+03
4.110000000000000000e+02
1.693000000000000000e+03
6.530000000000000000e+02
4.410000000000000000e+03
7.140000000000000000e+02
1.564000000000000000e+03
5.000000000000000000e+00
4.020000000000000000e+02
3.700000000000000000e+01
1.105000000000000000e+03
3.463000000000000000e+03
4.425000000000000000e+03
1.520000000000000000e+02
3.720000000000000000e+03
2.954000000000000000e+03
4.838000000000000000e+03
2.028000000000000000e+03
4.264000000000000000e+03
2.579000000000000000e+03
1.827000000000000000e+03
2.493000000000000000e+03
2.196000000000000000e+03
2.449000000000000000e+03
2.310000000000000000e+02
1.119000000000000000e+03
3.862000000000000000e+03
1.632000000000000000e+03
2.015000000000000000e+03
3.876000000000000000e+03
8.970000000000000000e+02
3.624000000000000000e+03
5.580000000000000000e+02
9.390000000000000000e+02
3.398000000000000000e+03
3.166000000000000000e+03
5.028000000000000000e+03
3.182000000000000000e+03
3.983000000000000000e+03
1.440000000000000000e+02
1.301000000000000000e+03
4.710000000000000000e+02
1.001000000000000000e+03
4.796000000000000000e+03
2.790000000000000000e+02
3.787000000000000000e+03
5.048000000000000000e+03
3.303000000000000000e+03
3.182000000000000000e+03
4.824000000000000000e+03
3.236000000000000000e+03
5.270000000000000000e+02
4.293000000000000000e+03
5.440000000000000000e+02
4.449000000000000000e+03
3.581000000000000000e+03
4.072000000000000000e+03
2.815000000000000000e+03
3.130000000000000000e+03
6.070000000000000000e+02
4.052000000000000000e+03
1.911000000000000000e+03
1.619000000000000000e+03
3.336000000000000000e+03
6.970000000000000000e+02
4.179000000000000000e+03
2.541000000000000000e+03
2.165000000000000000e+03
4.946000000000000000e+03
4.398000000000000000e+03
9.000000000000000000e+00
4.904000000000000000e+03
4.741000000000000000e+03
5.174000000000000000e+03
2.936000000000000000e+03
1.793000000000000000e+03
3.813000000000000000e+03
5.079000000000000000e+03
4.660000000000000000e+03
5.106000000000000000e+03
4.658000000000000000e+03
4.926000000000000000e+03
1.180000000000000000e+02
3.330000000000000000e+03
1.029000000000000000e+03
2.668000000000000000e+03
4.219000000000000000e+03
4.805000000000000000e+03
2.320000000000000000e+02
5.530000000000000000e+02
3.000000000000000000e+01
4.065000000000000000e+03
4.065000000000000000e+03
3.785000000000000000e+03
5.840000000000000000e+02
4.273000000000000000e+03
1.289000000000000000e+03
3.830000000000000000e+02
3.405000000000000000e+03
2.800000000000000000e+01
5.020000000000000000e+02
3.443000000000000000e+03
3.944000000000000000e+03
2.224000000000000000e+03
1.976000000000000000e+03
3.895000000000000000e+03
4.314000000000000000e+03
8.510000000000000000e+02
1.010000000000000000e+03
2.977000000000000000e+03
1.643000000000000000e+03
4.046000000000000000e+03
1.788000000000000000e+03
3.252000000000000000e+03
5.163000000000000000e+03
1.662000000000000000e+03
3.449000000000000000e+03
1.226000000000000000e+03
7.950000000000000000e+02
3.858000000000000000e+03
3.492000000000000000e+03
9.910000000000000000e+02
2.013000000000000000e+03
3.432000000000000000e+03
1.550000000000000000e+03
1.007000000000000000e+03
4.299000000000000000e+03
3.608000000000000000e+03
8.250000000000000000e+02
4.458000000000000000e+03
3.405000000000000000e+03
1.234000000000000000e+03
4.267000000000000000e+03
3.912000000000000000e+03
2.266000000000000000e+03
5.034000000000000000e+03
3.671000000000000000e+03
4.323000000000000000e+03
3.818000000000000000e+03
1.209000000000000000e+03
1.960000000000000000e+03
4.397000000000000000e+03
3.014000000000000000e+03
4.960000000000000000e+03
3.754000000000000000e+03
8.600000000000000000e+02
3.900000000000000000e+03
3.726000000000000000e+03
1.622000000000000000e+03
1.702000000000000000e+03
6.800000000000000000e+01
2.449000000000000000e+03
7.850000000000000000e+02
3.341000000000000000e+03
3.697000000000000000e+03
1.668000000000000000e+03
2.770000000000000000e+03
1.408000000000000000e+03
1.507000000000000000e+03
4.926000000000000000e+03
1.546000000000000000e+03
4.240000000000000000e+03
3.491000000000000000e+03
9.650000000000000000e+02
2.591000000000000000e+03
2.568000000000000000e+03
3.534000000000000000e+03
2.080000000000000000e+02
3.520000000000000000e+02
4.797000000000000000e+03
5.350000000000000000e+02
1.071000000000000000e+03
4.482000000000000000e+03
4.746000000000000000e+03
3.592000000000000000e+03
4.970000000000000000e+03
1.156000000000000000e+03
1.347000000000000000e+03
1.336000000000000000e+03
6.090000000000000000e+02
7.180000000000000000e+02
6.600000000000000000e+02
6.730000000000000000e+02
4.577000000000000000e+03
5.300000000000000000e+01
2.349000000000000000e+03
4.340000000000000000e+02
9.980000000000000000e+02
4.180000000000000000e+02
5.141000000000000000e+03
1.288000000000000000e+03
1.969000000000000000e+03
1.230000000000000000e+03
9.190000000000000000e+02
4.350000000000000000e+02
1.635000000000000000e+03
1.002000000000000000e+03
4.027000000000000000e+03
4.893000000000000000e+03
1.273000000000000000e+03
1.345000000000000000e+03
5.000000000000000000e+03
2.008000000000000000e+03
4.198000000000000000e+03
3.983000000000000000e+03
2.751000000000000000e+03
1.298000000000000000e+03
3.451000000000000000e+03
4.248000000000000000e+03
4.463000000000000000e+03
5.290000000000000000e+02
4.185000000000000000e+03
6.400000000000000000e+02
1.011000000000000000e+03
1.947000000000000000e+03
1.348000000000000000e+03
2.572000000000000000e+03
1.512000000000000000e+03
2.085000000000000000e+03
4.981000000000000000e+03
4.436000000000000000e+03
1.823000000000000000e+03
2.305000000000000000e+03
5.163000000000000000e+03
3.248000000000000000e+03
1.006000000000000000e+03
1.145000000000000000e+03
4.244000000000000000e+03
3.642000000000000000e+03
6.670000000000000000e+02
1.561000000000000000e+03
2.591000000000000000e+03
3.960000000000000000e+02
1.312000000000000000e+03
3.683000000000000000e+03
1.428000000000000000e+03
5.164000000000000000e+03
2.592000000000000000e+03
3.826000000000000000e+03
1.929000000000000000e+03
4.460000000000000000e+02
4.280000000000000000e+03
1.164000000000000000e+03
3.273000000000000000e+03
5.850000000000000000e+02
1.971000000000000000e+03
4.660000000000000000e+02
4.735000000000000000e+03
3.210000000000000000e+03
4.388000000000000000e+03
2.017000000000000000e+03
4.592000000000000000e+03
1.110000000000000000e+03
3.212000000000000000e+03
2.803000000000000000e+03
3.520000000000000000e+02
4.715000000000000000e+03
3.497000000000000000e+03
4.936000000000000000e+03
2.970000000000000000e+02
3.203000000000000000e+03
1.356000000000000000e+03
3.597000000000000000e+03
7.010000000000000000e+02
1.417000000000000000e+03
4.294000000000000000e+03
3.650000000000000000e+02
1.904000000000000000e+03
6.700000000000000000e+02
2.588000000000000000e+03
3.172000000000000000e+03
1.556000000000000000e+03
2.310000000000000000e+03
4.586000000000000000e+03
4.539000000000000000e+03
4.330000000000000000e+02
4.560000000000000000e+02
4.170000000000000000e+03
1.295000000000000000e+03
1.151000000000000000e+03
3.369000000000000000e+03
1.166000000000000000e+03
4.967000000000000000e+03
1.398000000000000000e+03
2.912000000000000000e+03
1.290000000000000000e+02
3.499000000000000000e+03
3.484000000000000000e+03
4.465000000000000000e+03
3.732000000000000000e+03
5.019000000000000000e+03
1.902000000000000000e+03
4.687000000000000000e+03
4.870000000000000000e+02
3.197000000000000000e+03
2.050000000000000000e+03
1.519000000000000000e+03
4.850000000000000000e+02
5.420000000000000000e+02
1.033000000000000000e+03
1.313000000000000000e+03
2.410000000000000000e+03
1.662000000000000000e+03
3.418000000000000000e+03
3.262000000000000000e+03
3.542000000000000000e+03
4.942000000000000000e+03
1.056000000000000000e+03
2.014000000000000000e+03
6.840000000000000000e+02
9.800000000000000000e+02
4.191000000000000000e+03
2.791000000000000000e+03
2.674000000000000000e+03
4.227000000000000000e+03
4.401000000000000000e+03
3.438000000000000000e+03
4.667000000000000000e+03
1.555000000000000000e+03
3.360000000000000000e+02
2.110000000000000000e+03
5.680000000000000000e+02
1.580000000000000000e+03
8.570000000000000000e+02
9.390000000000000000e+02
2.498000000000000000e+03
1.001000000000000000e+03
4.501000000000000000e+03
3.161000000000000000e+03
6.670000000000000000e+02
8.780000000000000000e+02
3.760000000000000000e+03
5.056000000000000000e+03
1.042000000000000000e+03
3.873000000000000000e+03
2.095000000000000000e+03
2.420000000000000000e+03
1.319000000000000000e+03
3.246000000000000000e+03
2.510000000000000000e+03
2.175000000000000000e+03
4.876000000000000000e+03
2.392000000000000000e+03
1.913000000000000000e+03
8.400000000000000000e+02
2.860000000000000000e+02
3.840000000000000000e+02
3.048000000000000000e+03
8.200000000000000000e+01
1.555000000000000000e+03
1.720000000000000000e+03
2.657000000000000000e+03
2.670000000000000000e+03
4.673000000000000000e+03
4.074000000000000000e+03
7.180000000000000000e+02
1.330000000000000000e+02
1.164000000000000000e+03
5.207000000000000000e+03
1.851000000000000000e+03
5.077000000000000000e+03
2.433000000000000000e+03
7.300000000000000000e+01
3.006000000000000000e+03
4.411000000000000000e+03
4.062000000000000000e+03
1.635000000000000000e+03
4.101000000000000000e+03
2.042000000000000000e+03
3.508000000000000000e+03
2.400000000000000000e+02
1.809000000000000000e+03
1.655000000000000000e+03
2.455000000000000000e+03
1.850000000000000000e+02
2.516000000000000000e+03
1.546000000000000000e+03
4.214000000000000000e+03
3.780000000000000000e+03
2.040000000000000000e+02
4.661000000000000000e+03
7.020000000000000000e+02
4.293000000000000000e+03
3.880000000000000000e+03
2.263000000000000000e+03
1.403000000000000000e+03
2.970000000000000000e+02
2.710000000000000000e+03
1.790000000000000000e+03
2.568000000000000000e+03
1.026000000000000000e+03
1.492000000000000000e+03
2.339000000000000000e+03
4.409000000000000000e+03
3.974000000000000000e+03
5.113000000000000000e+03
4.892000000000000000e+03
3.095000000000000000e+03
3.296000000000000000e+03
3.095000000000000000e+03
2.200000000000000000e+03
3.990000000000000000e+02
1.330000000000000000e+03
1.967000000000000000e+03
3.495000000000000000e+03
2.233000000000000000e+03
4.837000000000000000e+03
4.434000000000000000e+03
1.564000000000000000e+03
1.088000000000000000e+03
3.120000000000000000e+02
1.417000000000000000e+03
2.209000000000000000e+03
1.870000000000000000e+03
4.631000000000000000e+03
3.712000000000000000e+03
2.000000000000000000e+00
3.189000000000000000e+03
1.322000000000000000e+03
2.875000000000000000e+03
3.477000000000000000e+03
3.331000000000000000e+03
4.405000000000000000e+03
5.950000000000000000e+02
3.020000000000000000e+03
4.712000000000000000e+03
4.965000000000000000e+03
5.048000000000000000e+03
5.340000000000000000e+02
2.002000000000000000e+03
4.190000000000000000e+03
3.512000000000000000e+03
2.040000000000000000e+02
1.631000000000000000e+03
1.889000000000000000e+03
2.270000000000000000e+03
3.615000000000000000e+03
4.692000000000000000e+03
2.431000000000000000e+03
9.070000000000000000e+02
3.460000000000000000e+02
1.686000000000000000e+03
4.102000000000000000e+03
1.809000000000000000e+03
5.130000000000000000e+02
4.164000000000000000e+03
1.104000000000000000e+03
1.967000000000000000e+03
4.979000000000000000e+03
4.730000000000000000e+03
4.684000000000000000e+03
3.030000000000000000e+02
2.351000000000000000e+03
4.984000000000000000e+03
3.275000000000000000e+03
4.395000000000000000e+03
4.887000000000000000e+03
2.448000000000000000e+03
2.685000000000000000e+03
5.280000000000000000e+02
3.903000000000000000e+03
4.384000000000000000e+03
2.479000000000000000e+03
2.030000000000000000e+03
4.318000000000000000e+03
2.450000000000000000e+02
3.364000000000000000e+03
9.070000000000000000e+02
3.929000000000000000e+03
4.505000000000000000e+03
4.509000000000000000e+03
2.690000000000000000e+03
4.076000000000000000e+03
1.902000000000000000e+03
4.197000000000000000e+03
1.610000000000000000e+02
4.494000000000000000e+03
5.060000000000000000e+03
2.518000000000000000e+03
3.508000000000000000e+03
1.871000000000000000e+03
4.370000000000000000e+02
6.560000000000000000e+02
3.390000000000000000e+02
7.730000000000000000e+02
2.630000000000000000e+02
5.146000000000000000e+03
8.270000000000000000e+02
5.187000000000000000e+03
2.941000000000000000e+03
5.079000000000000000e+03
1.249000000000000000e+03
3.482000000000000000e+03
1.778000000000000000e+03
5.161000000000000000e+03
5.216000000000000000e+03
1.356000000000000000e+03
4.963000000000000000e+03
8.200000000000000000e+02
2.128000000000000000e+03
2.036000000000000000e+03
2.441000000000000000e+03
4.162000000000000000e+03
2.795000000000000000e+03
2.987000000000000000e+03
9.780000000000000000e+02
4.934000000000000000e+03
3.896000000000000000e+03
2.541000000000000000e+03
4.162000000000000000e+03
4.531000000000000000e+03
3.500000000000000000e+01
1.323000000000000000e+03
1.748000000000000000e+03
2.480000000000000000e+02
7.720000000000000000e+02
3.639000000000000000e+03
3.208000000000000000e+03
2.943000000000000000e+03
2.900000000000000000e+01
5.211000000000000000e+03
1.362000000000000000e+03
4.673000000000000000e+03
1.757000000000000000e+03
3.542000000000000000e+03
5.840000000000000000e+02
3.998000000000000000e+03
8.230000000000000000e+02
3.200000000000000000e+03
8.350000000000000000e+02
1.628000000000000000e+03
2.775000000000000000e+03
2.764000000000000000e+03
3.590000000000000000e+02
2.942000000000000000e+03
3.649000000000000000e+03
1.372000000000000000e+03
3.208000000000000000e+03
1.630000000000000000e+02
1.943000000000000000e+03
1.813000000000000000e+03
3.185000000000000000e+03
3.015000000000000000e+03
3.911000000000000000e+03
1.198000000000000000e+03
1.661000000000000000e+03
2.254000000000000000e+03
1.210000000000000000e+02
1.330000000000000000e+02
2.900000000000000000e+01
3.460000000000000000e+03
2.229000000000000000e+03
8.930000000000000000e+02
4.417000000000000000e+03
5.088000000000000000e+03
5.012000000000000000e+03
4.703000000000000000e+03
3.931000000000000000e+03
8.630000000000000000e+02
3.516000000000000000e+03
5.202000000000000000e+03
2.545000000000000000e+03
5.560000000000000000e+02
2.629000000000000000e+03
4.378000000000000000e+03
4.414000000000000000e+03
5.350000000000000000e+02
3.765000000000000000e+03
2.430000000000000000e+03
9.450000000000000000e+02
4.540000000000000000e+02
1.569000000000000000e+03
3.530000000000000000e+03
1.092000000000000000e+03
1.098000000000000000e+03
1.045000000000000000e+03
8.840000000000000000e+02
2.664000000000000000e+03
3.633000000000000000e+03
1.334000000000000000e+03
2.584000000000000000e+03
3.969000000000000000e+03
4.655000000000000000e+03
3.597000000000000000e+03
3.388000000000000000e+03
4.700000000000000000e+01
2.262000000000000000e+03
1.095000000000000000e+03
9.000000000000000000e+02
4.056000000000000000e+03
1.619000000000000000e+03
3.650000000000000000e+02
4.343000000000000000e+03
4.605000000000000000e+03
3.153000000000000000e+03
1.278000000000000000e+03
4.772000000000000000e+03
3.967000000000000000e+03
4.258000000000000000e+03
1.000000000000000000e+00
6.150000000000000000e+02
3.876000000000000000e+03
2.014000000000000000e+03
1.455000000000000000e+03
2.222000000000000000e+03
1.514000000000000000e+03
4.120000000000000000e+03
2.577000000000000000e+03
4.878000000000000000e+03
2.600000000000000000e+01
7.920000000000000000e+02
4.081000000000000000e+03
1.778000000000000000e+03
2.897000000000000000e+03
2.662000000000000000e+03
2.935000000000000000e+03
4.331000000000000000e+03
3.788000000000000000e+03
4.667000000000000000e+03
1.783000000000000000e+03
9.650000000000000000e+02
2.482000000000000000e+03
4.190000000000000000e+02
7.300000000000000000e+02
3.413000000000000000e+03
2.702000000000000000e+03
8.290000000000000000e+02
3.943000000000000000e+03
3.286000000000000000e+03
1.691000000000000000e+03
4.477000000000000000e+03
3.040000000000000000e+02
1.589000000000000000e+03
2.036000000000000000e+03
2.110000000000000000e+02
5.047000000000000000e+03
4.277000000000000000e+03
4.480000000000000000e+03
1.010000000000000000e+03
2.186000000000000000e+03
3.161000000000000000e+03
2.398000000000000000e+03
3.294000000000000000e+03
2.539000000000000000e+03
3.822000000000000000e+03
6.720000000000000000e+02
4.419000000000000000e+03
3.558000000000000000e+03
4.354000000000000000e+03
3.541000000000000000e+03
2.564000000000000000e+03
8.950000000000000000e+02
1.258000000000000000e+03
5.230000000000000000e+02
2.074000000000000000e+03
3.600000000000000000e+02
4.908000000000000000e+03
1.559000000000000000e+03
4.297000000000000000e+03
4.527000000000000000e+03
5.710000000000000000e+02
4.950000000000000000e+02
1.030000000000000000e+02
4.739000000000000000e+03
4.778000000000000000e+03
8.700000000000000000e+02
2.693000000000000000e+03
1.106000000000000000e+03
2.641000000000000000e+03
2.790000000000000000e+02
1.953000000000000000e+03
1.671000000000000000e+03
5.034000000000000000e+03
3.223000000000000000e+03
2.998000000000000000e+03
4.829000000000000000e+03
2.689000000000000000e+03
8.400000000000000000e+01
1.422000000000000000e+03
3.300000000000000000e+02
3.700000000000000000e+01
9.770000000000000000e+02
3.532000000000000000e+03
1.630000000000000000e+02
2.990000000000000000e+03
2.069000000000000000e+03
4.020000000000000000e+02
3.166000000000000000e+03
5.095000000000000000e+03
4.884000000000000000e+03
3.349000000000000000e+03
2.903000000000000000e+03
3.808000000000000000e+03
4.888000000000000000e+03
3.724000000000000000e+03
2.046000000000000000e+03
3.275000000000000000e+03
3.682000000000000000e+03
1.743000000000000000e+03
4.478000000000000000e+03
1.932000000000000000e+03
2.805000000000000000e+03
4.692000000000000000e+03
3.061000000000000000e+03
3.468000000000000000e+03
3.770000000000000000e+02
4.839000000000000000e+03
2.492000000000000000e+03
1.250000000000000000e+03
7.520000000000000000e+02
3.161000000000000000e+03
3.080000000000000000e+03
1.486000000000000000e+03
3.098000000000000000e+03
1.845000000000000000e+03
3.529000000000000000e+03
2.349000000000000000e+03
2.586000000000000000e+03
4.979000000000000000e+03
4.807000000000000000e+03
4.783000000000000000e+03
1.903000000000000000e+03
5.026000000000000000e+03
3.850000000000000000e+03
4.375000000000000000e+03
2.310000000000000000e+03
3.806000000000000000e+03
2.867000000000000000e+03
4.157000000000000000e+03
2.151000000000000000e+03
2.842000000000000000e+03
3.653000000000000000e+03
6.360000000000000000e+02
1.716000000000000000e+03
3.617000000000000000e+03
4.541000000000000000e+03
4.733000000000000000e+03
5.107000000000000000e+03
4.060000000000000000e+02
5.100000000000000000e+03
4.496000000000000000e+03
4.800000000000000000e+01
6.770000000000000000e+02
3.558000000000000000e+03
2.469000000000000000e+03
2.263000000000000000e+03
2.526000000000000000e+03
4.839000000000000000e+03
3.300000000000000000e+01
4.785000000000000000e+03
3.290000000000000000e+03
1.799000000000000000e+03
2.197000000000000000e+03
4.866000000000000000e+03
4.135000000000000000e+03
2.117000000000000000e+03
1.074000000000000000e+03
2.557000000000000000e+03
3.589000000000000000e+03
3.740000000000000000e+03
7.470000000000000000e+02
2.727000000000000000e+03
3.844000000000000000e+03
2.700000000000000000e+03
8.990000000000000000e+02
8.490000000000000000e+02
3.394000000000000000e+03
1.161000000000000000e+03
3.638000000000000000e+03
1.253000000000000000e+03
4.141000000000000000e+03
2.848000000000000000e+03
7.490000000000000000e+02
1.164000000000000000e+03
1.348000000000000000e+03
2.555000000000000000e+03
1.990000000000000000e+02
5.970000000000000000e+02
4.059000000000000000e+03
2.946000000000000000e+03
4.006000000000000000e+03
4.035000000000000000e+03
9.330000000000000000e+02
3.963000000000000000e+03
2.392000000000000000e+03
4.719000000000000000e+03
1.268000000000000000e+03
3.941000000000000000e+03
2.974000000000000000e+03
5.044000000000000000e+03
3.294000000000000000e+03
4.794000000000000000e+03
2.805000000000000000e+03
2.764000000000000000e+03
4.894000000000000000e+03
4.282000000000000000e+03
2.893000000000000000e+03
1.660000000000000000e+03
3.427000000000000000e+03
2.663000000000000000e+03
2.550000000000000000e+03
1.639000000000000000e+03
2.178000000000000000e+03
8.220000000000000000e+02
7.450000000000000000e+02
4.967000000000000000e+03
3.566000000000000000e+03
3.119000000000000000e+03
1.036000000000000000e+03
6.280000000000000000e+02
4.155000000000000000e+03
4.561000000000000000e+03
3.238000000000000000e+03
3.009000000000000000e+03
8.980000000000000000e+02
1.625000000000000000e+03
4.687000000000000000e+03
4.020000000000000000e+03
3.330000000000000000e+03
3.135000000000000000e+03
1.570000000000000000e+03
1.757000000000000000e+03
9.360000000000000000e+02
4.711000000000000000e+03
5.800000000000000000e+02
4.681000000000000000e+03
4.730000000000000000e+02
5.090000000000000000e+02
1.189000000000000000e+03
2.647000000000000000e+03
2.425000000000000000e+03
2.720000000000000000e+02
1.777000000000000000e+03
1.178000000000000000e+03
3.175000000000000000e+03
3.467000000000000000e+03
1.815000000000000000e+03
2.520000000000000000e+03
2.040000000000000000e+02
2.792000000000000000e+03
3.468000000000000000e+03
4.437000000000000000e+03
1.108000000000000000e+03
3.142000000000000000e+03
4.278000000000000000e+03
2.694000000000000000e+03
2.985000000000000000e+03
4.130000000000000000e+03
4.592000000000000000e+03
4.474000000000000000e+03
2.539000000000000000e+03
4.534000000000000000e+03
2.070000000000000000e+03
4.673000000000000000e+03
3.555000000000000000e+03
8.150000000000000000e+02
3.540000000000000000e+03
3.039000000000000000e+03
3.066000000000000000e+03
3.910000000000000000e+02
1.022000000000000000e+03
2.953000000000000000e+03
2.166000000000000000e+03
8.580000000000000000e+02
1.639000000000000000e+03
1.547000000000000000e+03
2.483000000000000000e+03
8.000000000000000000e+00
2.581000000000000000e+03
3.619000000000000000e+03
5.020000000000000000e+03
1.640000000000000000e+02
3.135000000000000000e+03
9.240000000000000000e+02
3.953000000000000000e+03
2.023000000000000000e+03
4.286000000000000000e+03
4.780000000000000000e+02
5.087000000000000000e+03
2.054000000000000000e+03
3.238000000000000000e+03
8.930000000000000000e+02
2.849000000000000000e+03
1.401000000000000000e+03
4.759000000000000000e+03
4.880000000000000000e+03
4.294000000000000000e+03
4.268000000000000000e+03
1.135000000000000000e+03
2.188000000000000000e+03
3.357000000000000000e+03
3.057000000000000000e+03
3.447000000000000000e+03
2.258000000000000000e+03
1.755000000000000000e+03
3.425000000000000000e+03
2.664000000000000000e+03
1.491000000000000000e+03
5.012000000000000000e+03
3.600000000000000000e+02
4.393000000000000000e+03
3.874000000000000000e+03
2.689000000000000000e+03
5.120000000000000000e+02
5.117000000000000000e+03
1.600000000000000000e+02
4.600000000000000000e+02
3.978000000000000000e+03
1.563000000000000000e+03
3.443000000000000000e+03
2.860000000000000000e+02
1.554000000000000000e+03
4.890000000000000000e+03
5.096000000000000000e+03
3.030000000000000000e+02
3.704000000000000000e+03
3.531000000000000000e+03
4.982000000000000000e+03
2.816000000000000000e+03
3.534000000000000000e+03
4.188000000000000000e+03
3.092000000000000000e+03
1.153000000000000000e+03
3.013000000000000000e+03
4.426000000000000000e+03
3.212000000000000000e+03
3.026000000000000000e+03
2.311000000000000000e+03
3.681000000000000000e+03
5.196000000000000000e+03
5.152000000000000000e+03
4.500000000000000000e+02
2.069000000000000000e+03
9.440000000000000000e+02
4.157000000000000000e+03
3.736000000000000000e+03
1.725000000000000000e+03
4.047000000000000000e+03
2.075000000000000000e+03
3.683000000000000000e+03
3.372000000000000000e+03
3.680000000000000000e+02
4.472000000000000000e+03
5.093000000000000000e+03
4.005000000000000000e+03
1.629000000000000000e+03
3.635000000000000000e+03
2.312000000000000000e+03
3.290000000000000000e+03
2.120000000000000000e+02
2.374000000000000000e+03
4.040000000000000000e+02
4.466000000000000000e+03
1.330000000000000000e+02
4.653000000000000000e+03
1.163000000000000000e+03
4.947000000000000000e+03
2.352000000000000000e+03
2.516000000000000000e+03
3.079000000000000000e+03
2.774000000000000000e+03
4.153000000000000000e+03
2.656000000000000000e+03
5.053000000000000000e+03
3.460000000000000000e+02
3.899000000000000000e+03
2.399000000000000000e+03
5.075000000000000000e+03
2.849000000000000000e+03
4.169000000000000000e+03
4.291000000000000000e+03
2.679000000000000000e+03
4.703000000000000000e+03
8.090000000000000000e+02
3.974000000000000000e+03
2.301000000000000000e+03
3.098000000000000000e+03
3.791000000000000000e+03
5.320000000000000000e+02
3.069000000000000000e+03
4.373000000000000000e+03
4.947000000000000000e+03
4.092000000000000000e+03
2.034000000000000000e+03
9.920000000000000000e+02
3.215000000000000000e+03
5.168000000000000000e+03
2.121000000000000000e+03
2.450000000000000000e+03
3.368000000000000000e+03
2.625000000000000000e+03
2.708000000000000000e+03
4.094000000000000000e+03
3.858000000000000000e+03
4.158000000000000000e+03
1.977000000000000000e+03
3.860000000000000000e+03
2.254000000000000000e+03
2.270000000000000000e+02
3.155000000000000000e+03
3.580000000000000000e+03
1.398000000000000000e+03
1.448000000000000000e+03
2.849000000000000000e+03
4.624000000000000000e+03
3.067000000000000000e+03
4.180000000000000000e+03
2.468000000000000000e+03
3.809000000000000000e+03
1.940000000000000000e+03
4.734000000000000000e+03
2.070000000000000000e+02
4.357000000000000000e+03
2.050000000000000000e+03
1.630000000000000000e+03
4.436000000000000000e+03
6.800000000000000000e+01
4.241000000000000000e+03
4.862000000000000000e+03
3.002000000000000000e+03
4.274000000000000000e+03
1.622000000000000000e+03
5.021000000000000000e+03
1.078000000000000000e+03
4.546000000000000000e+03
9.300000000000000000e+01
4.001000000000000000e+03
3.800000000000000000e+03
1.330000000000000000e+03
4.425000000000000000e+03
4.211000000000000000e+03
2.411000000000000000e+03
3.577000000000000000e+03
1.823000000000000000e+03
3.672000000000000000e+03
7.830000000000000000e+02
3.018000000000000000e+03
2.310000000000000000e+03
3.960000000000000000e+03
4.617000000000000000e+03
2.818000000000000000e+03
9.330000000000000000e+02
1.816000000000000000e+03
3.770000000000000000e+03
3.032000000000000000e+03
9.160000000000000000e+02
8.500000000000000000e+01
9.200000000000000000e+02
5.210000000000000000e+02
2.586000000000000000e+03
8.110000000000000000e+02
8.800000000000000000e+02
3.824000000000000000e+03
5.134000000000000000e+03
1.602000000000000000e+03
5.540000000000000000e+02
1.415000000000000000e+03
4.731000000000000000e+03
3.568000000000000000e+03
3.135000000000000000e+03
5.700000000000000000e+01
4.769000000000000000e+03
7.630000000000000000e+02
5.023000000000000000e+03
5.193000000000000000e+03
1.074000000000000000e+03
3.620000000000000000e+03
3.356000000000000000e+03
3.248000000000000000e+03
5.033000000000000000e+03
4.658000000000000000e+03
2.285000000000000000e+03
3.654000000000000000e+03
4.513000000000000000e+03
3.207000000000000000e+03
2.849000000000000000e+03
3.917000000000000000e+03
4.782000000000000000e+03
5.057000000000000000e+03
3.682000000000000000e+03
2.642000000000000000e+03
1.706000000000000000e+03
4.983000000000000000e+03
1.531000000000000000e+03
4.272000000000000000e+03
4.389000000000000000e+03
2.365000000000000000e+03
3.848000000000000000e+03
4.056000000000000000e+03
3.200000000000000000e+02
3.009000000000000000e+03
2.832000000000000000e+03
2.847000000000000000e+03
3.833000000000000000e+03
4.456000000000000000e+03
3.610000000000000000e+02
3.604000000000000000e+03
4.869000000000000000e+03
3.427000000000000000e+03
6.390000000000000000e+02
3.422000000000000000e+03
4.530000000000000000e+02
2.972000000000000000e+03
1.895000000000000000e+03
3.262000000000000000e+03
5.142000000000000000e+03
4.923000000000000000e+03
6.340000000000000000e+02
2.104000000000000000e+03
4.375000000000000000e+03
4.337000000000000000e+03
5.220000000000000000e+02
2.025000000000000000e+03
4.943000000000000000e+03
2.153000000000000000e+03
3.747000000000000000e+03
4.300000000000000000e+02
3.674000000000000000e+03
9.750000000000000000e+02
2.522000000000000000e+03
8.590000000000000000e+02
2.355000000000000000e+03
4.610000000000000000e+03
4.232000000000000000e+03
1.528000000000000000e+03
5.840000000000000000e+02
5.490000000000000000e+02
4.522000000000000000e+03
3.187000000000000000e+03
8.370000000000000000e+02
4.084000000000000000e+03
2.662000000000000000e+03
3.251000000000000000e+03
3.430000000000000000e+02
2.632000000000000000e+03
5.086000000000000000e+03
5.180000000000000000e+03
4.577000000000000000e+03
1.928000000000000000e+03
6.900000000000000000e+02
4.253000000000000000e+03
3.251000000000000000e+03
2.808000000000000000e+03
2.195000000000000000e+03
1.100000000000000000e+03
2.032000000000000000e+03
5.173000000000000000e+03
4.513000000000000000e+03
1.060000000000000000e+03
4.771000000000000000e+03
7.450000000000000000e+02
5.002000000000000000e+03
2.327000000000000000e+03
4.897000000000000000e+03
3.231000000000000000e+03
3.595000000000000000e+03
1.749000000000000000e+03
2.753000000000000000e+03
8.680000000000000000e+02
3.351000000000000000e+03
2.450000000000000000e+03
4.510000000000000000e+02
7.300000000000000000e+01
1.131000000000000000e+03
3.221000000000000000e+03
3.124000000000000000e+03
4.186000000000000000e+03
3.169000000000000000e+03
3.946000000000000000e+03
4.423000000000000000e+03
4.893000000000000000e+03
1.045000000000000000e+03
5.002000000000000000e+03
3.732000000000000000e+03
2.996000000000000000e+03
7.610000000000000000e+02
2.782000000000000000e+03
2.245000000000000000e+03
3.274000000000000000e+03
4.255000000000000000e+03
7.090000000000000000e+02
1.758000000000000000e+03
8.130000000000000000e+02
1.974000000000000000e+03
2.900000000000000000e+01
4.788000000000000000e+03
5.500000000000000000e+02
5.270000000000000000e+02
2.746000000000000000e+03
4.640000000000000000e+03
2.460000000000000000e+02
2.563000000000000000e+03
4.100000000000000000e+03
3.718000000000000000e+03
3.651000000000000000e+03
4.836000000000000000e+03
8.000000000000000000e+00
4.739000000000000000e+03
2.800000000000000000e+02
4.110000000000000000e+02
1.401000000000000000e+03
1.675000000000000000e+03
4.008000000000000000e+03
4.794000000000000000e+03
4.952000000000000000e+03
3.226000000000000000e+03
3.916000000000000000e+03
7.020000000000000000e+02
4.678000000000000000e+03
7.150000000000000000e+02
4.452000000000000000e+03
1.227000000000000000e+03
3.550000000000000000e+02
1.404000000000000000e+03
3.291000000000000000e+03
3.100000000000000000e+01
4.812000000000000000e+03
1.471000000000000000e+03
7.300000000000000000e+02
4.035000000000000000e+03
3.904000000000000000e+03
3.364000000000000000e+03
1.488000000000000000e+03
5.930000000000000000e+02
4.232000000000000000e+03
1.836000000000000000e+03
3.588000000000000000e+03
2.314000000000000000e+03
1.958000000000000000e+03
3.038000000000000000e+03
3.097000000000000000e+03
2.630000000000000000e+02
4.906000000000000000e+03
4.355000000000000000e+03
2.918000000000000000e+03
8.630000000000000000e+02
2.788000000000000000e+03
3.431000000000000000e+03
2.235000000000000000e+03
1.055000000000000000e+03
3.980000000000000000e+02
3.574000000000000000e+03
1.880000000000000000e+02
8.780000000000000000e+02
3.480000000000000000e+03
4.307000000000000000e+03
4.643000000000000000e+03
2.181000000000000000e+03
2.974000000000000000e+03
3.916000000000000000e+03
2.056000000000000000e+03
4.174000000000000000e+03
5.152000000000000000e+03
5.098000000000000000e+03
4.655000000000000000e+03
2.480000000000000000e+02
4.280000000000000000e+02
4.411000000000000000e+03
3.788000000000000000e+03
3.412000000000000000e+03
4.744000000000000000e+03
3.293000000000000000e+03
4.601000000000000000e+03
4.240000000000000000e+03
3.770000000000000000e+03
4.862000000000000000e+03
5.045000000000000000e+03
1.017000000000000000e+03
3.952000000000000000e+03
1.180000000000000000e+02
3.292000000000000000e+03
1.928000000000000000e+03
5.880000000000000000e+02
4.706000000000000000e+03
1.162000000000000000e+03
1.115000000000000000e+03
5.197000000000000000e+03
9.230000000000000000e+02
3.720000000000000000e+03
5.210000000000000000e+02
3.531000000000000000e+03
3.936000000000000000e+03
9.010000000000000000e+02
4.120000000000000000e+03
3.223000000000000000e+03
2.150000000000000000e+02
1.222000000000000000e+03
1.823000000000000000e+03
2.642000000000000000e+03
4.055000000000000000e+03
4.451000000000000000e+03
1.189000000000000000e+03
5.213000000000000000e+03
1.902000000000000000e+03
7.580000000000000000e+02
1.813000000000000000e+03
4.527000000000000000e+03
6.110000000000000000e+02
3.492000000000000000e+03
4.162000000000000000e+03
1.670000000000000000e+03
2.265000000000000000e+03
4.897000000000000000e+03
1.363000000000000000e+03
6.540000000000000000e+02
5.520000000000000000e+02
2.779000000000000000e+03
4.790000000000000000e+02
2.403000000000000000e+03
4.230000000000000000e+02
3.909000000000000000e+03
4.970000000000000000e+03
4.860000000000000000e+03
4.230000000000000000e+02
4.086000000000000000e+03
2.184000000000000000e+03
3.206000000000000000e+03
4.558000000000000000e+03
4.522000000000000000e+03
1.886000000000000000e+03
2.890000000000000000e+03
1.590000000000000000e+02
3.402000000000000000e+03
4.133000000000000000e+03
3.560000000000000000e+03
2.775000000000000000e+03
1.495000000000000000e+03
3.431000000000000000e+03
1.252000000000000000e+03
3.798000000000000000e+03
5.081000000000000000e+03
3.654000000000000000e+03
2.440000000000000000e+02
4.052000000000000000e+03
1.999000000000000000e+03
6.500000000000000000e+02
4.160000000000000000e+02
3.680000000000000000e+02
8.280000000000000000e+02
5.170000000000000000e+02
3.936000000000000000e+03
2.120000000000000000e+02
3.546000000000000000e+03
2.508000000000000000e+03
4.756000000000000000e+03
2.468000000000000000e+03
2.528000000000000000e+03
2.918000000000000000e+03
1.823000000000000000e+03
5.139000000000000000e+03
1.164000000000000000e+03
2.590000000000000000e+03
4.536000000000000000e+03
9.700000000000000000e+02
3.547000000000000000e+03
4.603000000000000000e+03
4.937000000000000000e+03
2.286000000000000000e+03
8.520000000000000000e+02
1.110000000000000000e+03
3.938000000000000000e+03
2.644000000000000000e+03
4.850000000000000000e+02
1.192000000000000000e+03
1.207000000000000000e+03
3.387000000000000000e+03
2.727000000000000000e+03
4.366000000000000000e+03
1.779000000000000000e+03
7.900000000000000000e+02
4.409000000000000000e+03
3.735000000000000000e+03
2.666000000000000000e+03
5.100000000000000000e+01
5.056000000000000000e+03
3.211000000000000000e+03
2.039000000000000000e+03
1.725000000000000000e+03
5.060000000000000000e+02
1.317000000000000000e+03
1.081000000000000000e+03
3.112000000000000000e+03
2.561000000000000000e+03
2.017000000000000000e+03
1.426000000000000000e+03
9.370000000000000000e+02
9.100000000000000000e+02
3.448000000000000000e+03
4.920000000000000000e+02
1.440000000000000000e+03
2.412000000000000000e+03
8.880000000000000000e+02
1.462000000000000000e+03
3.875000000000000000e+03
4.432000000000000000e+03
3.300000000000000000e+02
1.800000000000000000e+03
6.490000000000000000e+02
6.100000000000000000e+02
2.461000000000000000e+03
1.702000000000000000e+03
4.566000000000000000e+03
1.133000000000000000e+03
4.098000000000000000e+03
4.971000000000000000e+03
5.090000000000000000e+02
1.207000000000000000e+03
5.047000000000000000e+03
3.824000000000000000e+03
1.970000000000000000e+02
6.100000000000000000e+02
5.130000000000000000e+02
3.369000000000000000e+03
2.571000000000000000e+03
4.395000000000000000e+03
2.668000000000000000e+03
1.058000000000000000e+03
2.010000000000000000e+03
9.470000000000000000e+02
4.564000000000000000e+03
7.870000000000000000e+02
2.657000000000000000e+03
1.966000000000000000e+03
1.710000000000000000e+02
2.790000000000000000e+02
2.387000000000000000e+03
4.490000000000000000e+03
2.007000000000000000e+03
1.338000000000000000e+03
7.890000000000000000e+02
3.260000000000000000e+02
1.514000000000000000e+03
2.262000000000000000e+03
3.695000000000000000e+03
3.100000000000000000e+02
9.140000000000000000e+02
5.086000000000000000e+03
2.280000000000000000e+02
2.940000000000000000e+02
4.209000000000000000e+03
8.610000000000000000e+02
7.140000000000000000e+02
6.270000000000000000e+02
2.540000000000000000e+03
2.013000000000000000e+03
3.007000000000000000e+03
3.289000000000000000e+03
6.730000000000000000e+02
4.001000000000000000e+03
6.650000000000000000e+02
1.530000000000000000e+03
6.470000000000000000e+02
4.885000000000000000e+03
1.414000000000000000e+03
4.809000000000000000e+03
3.539000000000000000e+03
3.230000000000000000e+03
2.708000000000000000e+03
2.222000000000000000e+03
4.041000000000000000e+03
4.912000000000000000e+03
2.846000000000000000e+03
1.055000000000000000e+03
4.461000000000000000e+03
2.870000000000000000e+02
3.894000000000000000e+03
3.663000000000000000e+03
4.198000000000000000e+03
3.000000000000000000e+03
2.601000000000000000e+03
7.640000000000000000e+02
2.115000000000000000e+03
3.926000000000000000e+03
1.869000000000000000e+03
3.690000000000000000e+03
4.894000000000000000e+03
3.295000000000000000e+03
1.794000000000000000e+03
8.330000000000000000e+02
2.089000000000000000e+03
6.520000000000000000e+02
2.111000000000000000e+03
8.410000000000000000e+02
4.529000000000000000e+03
7.610000000000000000e+02
1.252000000000000000e+03
3.446000000000000000e+03
1.712000000000000000e+03
4.503000000000000000e+03
4.154000000000000000e+03
3.891000000000000000e+03
3.386000000000000000e+03
5.048000000000000000e+03
4.054000000000000000e+03
3.345000000000000000e+03
2.122000000000000000e+03
1.796000000000000000e+03
4.898000000000000000e+03
5.063000000000000000e+03
4.543000000000000000e+03
4.485000000000000000e+03
6.080000000000000000e+02
1.151000000000000000e+03
2.970000000000000000e+03
4.523000000000000000e+03
1.870000000000000000e+03
3.933000000000000000e+03
1.907000000000000000e+03
1.020000000000000000e+03
2.068000000000000000e+03
4.073000000000000000e+03
3.634000000000000000e+03
2.474000000000000000e+03
2.880000000000000000e+02
3.371000000000000000e+03
4.245000000000000000e+03
3.435000000000000000e+03
1.513000000000000000e+03
2.767000000000000000e+03
1.323000000000000000e+03
4.679000000000000000e+03
1.880000000000000000e+03
5.142000000000000000e+03
3.069000000000000000e+03
2.916000000000000000e+03
3.680000000000000000e+02
3.787000000000000000e+03
2.630000000000000000e+02
2.948000000000000000e+03
2.736000000000000000e+03
6.330000000000000000e+02
1.940000000000000000e+02
3.485000000000000000e+03
5.820000000000000000e+02
3.911000000000000000e+03
2.107000000000000000e+03
2.121000000000000000e+03
4.604000000000000000e+03
1.270000000000000000e+02
2.030000000000000000e+03
1.353000000000000000e+03
1.397000000000000000e+03
3.208000000000000000e+03
1.975000000000000000e+03
4.955000000000000000e+03
2.394000000000000000e+03
1.049000000000000000e+03
1.432000000000000000e+03
4.010000000000000000e+02
3.915000000000000000e+03
1.623000000000000000e+03
3.390000000000000000e+02
4.680000000000000000e+03
2.141000000000000000e+03
5.800000000000000000e+01
4.469000000000000000e+03
4.946000000000000000e+03
5.056000000000000000e+03
4.617000000000000000e+03
1.909000000000000000e+03
9.670000000000000000e+02
4.101000000000000000e+03
4.715000000000000000e+03
2.593000000000000000e+03
3.711000000000000000e+03
4.623000000000000000e+03
6.910000000000000000e+02
5.002000000000000000e+03
1.880000000000000000e+03
3.632000000000000000e+03
2.831000000000000000e+03
3.121000000000000000e+03
1.601000000000000000e+03
4.095000000000000000e+03
3.760000000000000000e+03
4.760000000000000000e+03
3.341000000000000000e+03
3.846000000000000000e+03
2.339000000000000000e+03
1.779000000000000000e+03
3.746000000000000000e+03
3.400000000000000000e+02
4.447000000000000000e+03
1.385000000000000000e+03
1.824000000000000000e+03
4.192000000000000000e+03
4.735000000000000000e+03
2.029000000000000000e+03
2.658000000000000000e+03
2.753000000000000000e+03
5.157000000000000000e+03
2.915000000000000000e+03
1.233000000000000000e+03
3.430000000000000000e+03
2.625000000000000000e+03
4.492000000000000000e+03
4.450000000000000000e+02
3.365000000000000000e+03
2.198000000000000000e+03
3.638000000000000000e+03
2.235000000000000000e+03
5.053000000000000000e+03
1.999000000000000000e+03
4.912000000000000000e+03
4.375000000000000000e+03
3.890000000000000000e+02
5.213000000000000000e+03
1.360000000000000000e+03
2.623000000000000000e+03
4.823000000000000000e+03
2.013000000000000000e+03
4.883000000000000000e+03
3.522000000000000000e+03
4.520000000000000000e+02
5.155000000000000000e+03
1.044000000000000000e+03
4.856000000000000000e+03
9.890000000000000000e+02
4.440000000000000000e+02
1.636000000000000000e+03
4.491000000000000000e+03
2.386000000000000000e+03
3.781000000000000000e+03
1.475000000000000000e+03
2.310000000000000000e+02
2.274000000000000000e+03
5.330000000000000000e+02
3.371000000000000000e+03
2.573000000000000000e+03
4.614000000000000000e+03
3.753000000000000000e+03
4.928000000000000000e+03
3.957000000000000000e+03
1.495000000000000000e+03
3.344000000000000000e+03
5.028000000000000000e+03
1.986000000000000000e+03
5.850000000000000000e+02
3.798000000000000000e+03
5.155000000000000000e+03
2.820000000000000000e+03
3.687000000000000000e+03
3.238000000000000000e+03
3.038000000000000000e+03
5.028000000000000000e+03
2.266000000000000000e+03
6.660000000000000000e+02
3.894000000000000000e+03
4.445000000000000000e+03
4.565000000000000000e+03
7.090000000000000000e+02
1.538000000000000000e+03
4.851000000000000000e+03
2.378000000000000000e+03
2.990000000000000000e+03
4.996000000000000000e+03
7.020000000000000000e+02
5.061000000000000000e+03
1.069000000000000000e+03
3.157000000000000000e+03
3.993000000000000000e+03
3.829000000000000000e+03
2.530000000000000000e+03
2.780000000000000000e+03
3.722000000000000000e+03
4.500000000000000000e+01
4.692000000000000000e+03
4.967000000000000000e+03
2.417000000000000000e+03
9.630000000000000000e+02
5.900000000000000000e+01
1.818000000000000000e+03
4.030000000000000000e+02
1.230000000000000000e+02
4.295000000000000000e+03
4.987000000000000000e+03
1.336000000000000000e+03
5.072000000000000000e+03
4.667000000000000000e+03
1.268000000000000000e+03
4.056000000000000000e+03
3.550000000000000000e+02
1.921000000000000000e+03
2.839000000000000000e+03
3.912000000000000000e+03
3.220000000000000000e+02
3.243000000000000000e+03
3.504000000000000000e+03
9.960000000000000000e+02
4.327000000000000000e+03
4.896000000000000000e+03
2.937000000000000000e+03
1.620000000000000000e+02
4.063000000000000000e+03
1.405000000000000000e+03
1.193000000000000000e+03
4.500000000000000000e+02
4.028000000000000000e+03
1.150000000000000000e+02
1.951000000000000000e+03
1.409000000000000000e+03
3.569000000000000000e+03
3.336000000000000000e+03
3.720000000000000000e+03
4.941000000000000000e+03
1.365000000000000000e+03
1.271000000000000000e+03
2.449000000000000000e+03
2.373000000000000000e+03
4.359000000000000000e+03
1.734000000000000000e+03
2.225000000000000000e+03
1.800000000000000000e+01
2.526000000000000000e+03
2.600000000000000000e+01
3.539000000000000000e+03
4.443000000000000000e+03
3.332000000000000000e+03
4.804000000000000000e+03
4.429000000000000000e+03
1.293000000000000000e+03
3.048000000000000000e+03
4.595000000000000000e+03
3.009000000000000000e+03
3.010000000000000000e+02
2.284000000000000000e+03
4.943000000000000000e+03
3.732000000000000000e+03
2.900000000000000000e+03
3.652000000000000000e+03
4.150000000000000000e+03
3.443000000000000000e+03
1.020000000000000000e+03
3.755000000000000000e+03
4.242000000000000000e+03
6.400000000000000000e+01
1.289000000000000000e+03
1.730000000000000000e+02
3.430000000000000000e+02
3.234000000000000000e+03
3.583000000000000000e+03
1.984000000000000000e+03
2.249000000000000000e+03
2.905000000000000000e+03
4.987000000000000000e+03
4.483000000000000000e+03
4.804000000000000000e+03
6.010000000000000000e+02
2.361000000000000000e+03
4.987000000000000000e+03
1.870000000000000000e+03
8.310000000000000000e+02
1.698000000000000000e+03
2.635000000000000000e+03
1.227000000000000000e+03
1.932000000000000000e+03
1.749000000000000000e+03
1.357000000000000000e+03
3.402000000000000000e+03
4.774000000000000000e+03
1.011000000000000000e+03
5.310000000000000000e+02
1.965000000000000000e+03
3.419000000000000000e+03
4.537000000000000000e+03
3.443000000000000000e+03
3.924000000000000000e+03
2.382000000000000000e+03
4.616000000000000000e+03
9.000000000000000000e+02
3.672000000000000000e+03
4.906000000000000000e+03
4.671000000000000000e+03
4.720000000000000000e+03
3.097000000000000000e+03
3.842000000000000000e+03
2.309000000000000000e+03
3.550000000000000000e+03
3.479000000000000000e+03
3.097000000000000000e+03
4.689000000000000000e+03
3.800000000000000000e+02
4.503000000000000000e+03
5.007000000000000000e+03
6.200000000000000000e+02
2.473000000000000000e+03
2.960000000000000000e+03
2.631000000000000000e+03
2.490000000000000000e+02
3.650000000000000000e+02
1.937000000000000000e+03
3.641000000000000000e+03
3.947000000000000000e+03
7.870000000000000000e+02
1.858000000000000000e+03
1.672000000000000000e+03
3.347000000000000000e+03
5.990000000000000000e+02
4.114000000000000000e+03
3.048000000000000000e+03
6.750000000000000000e+02
4.118000000000000000e+03
8.850000000000000000e+02
2.834000000000000000e+03
1.603000000000000000e+03
2.501000000000000000e+03
4.479000000000000000e+03
9.310000000000000000e+02
4.490000000000000000e+02
2.128000000000000000e+03
4.521000000000000000e+03
3.118000000000000000e+03
5.191000000000000000e+03
3.599000000000000000e+03
4.689000000000000000e+03
3.457000000000000000e+03
3.415000000000000000e+03
3.740000000000000000e+03
1.497000000000000000e+03
1.071000000000000000e+03
4.640000000000000000e+03
1.231000000000000000e+03
4.870000000000000000e+02
3.955000000000000000e+03
1.154000000000000000e+03
1.095000000000000000e+03
2.973000000000000000e+03
2.246000000000000000e+03
3.142000000000000000e+03
2.771000000000000000e+03
3.210000000000000000e+02
2.940000000000000000e+02
4.385000000000000000e+03
2.619000000000000000e+03
3.916000000000000000e+03
4.908000000000000000e+03
3.031000000000000000e+03
1.940000000000000000e+02
4.060000000000000000e+03
3.212000000000000000e+03
4.431000000000000000e+03
3.819000000000000000e+03
2.158000000000000000e+03
1.569000000000000000e+03
9.140000000000000000e+02
9.300000000000000000e+01
3.969000000000000000e+03
3.639000000000000000e+03
3.850000000000000000e+03
4.920000000000000000e+02
4.552000000000000000e+03
9.140000000000000000e+02
4.228000000000000000e+03
3.114000000000000000e+03
8.010000000000000000e+02
4.367000000000000000e+03
1.972000000000000000e+03
4.025000000000000000e+03
4.245000000000000000e+03
4.460000000000000000e+02
4.372000000000000000e+03
8.880000000000000000e+02
3.630000000000000000e+02
4.708000000000000000e+03
2.080000000000000000e+03
3.430000000000000000e+02
1.178000000000000000e+03
5.470000000000000000e+02
3.633000000000000000e+03
8.780000000000000000e+02
2.924000000000000000e+03
3.229000000000000000e+03
1.402000000000000000e+03
1.597000000000000000e+03
2.604000000000000000e+03
2.174000000000000000e+03
4.990000000000000000e+03
3.306000000000000000e+03
8.340000000000000000e+02
5.126000000000000000e+03
4.980000000000000000e+03
1.556000000000000000e+03
4.885000000000000000e+03
7.200000000000000000e+01
5.080000000000000000e+03
4.364000000000000000e+03
1.709000000000000000e+03
4.452000000000000000e+03
5.027000000000000000e+03
3.534000000000000000e+03
1.918000000000000000e+03
4.415000000000000000e+03
1.900000000000000000e+02
4.494000000000000000e+03
1.922000000000000000e+03
2.506000000000000000e+03
5.145000000000000000e+03
2.941000000000000000e+03
5.057000000000000000e+03
1.231000000000000000e+03
4.847000000000000000e+03
4.231000000000000000e+03
1.121000000000000000e+03
2.312000000000000000e+03
2.089000000000000000e+03
1.125000000000000000e+03
4.327000000000000000e+03
9.650000000000000000e+02
1.182000000000000000e+03
4.671000000000000000e+03
1.967000000000000000e+03
1.246000000000000000e+03
2.730000000000000000e+03
3.493000000000000000e+03
2.942000000000000000e+03
3.753000000000000000e+03
8.370000000000000000e+02
6.160000000000000000e+02
7.940000000000000000e+02
3.322000000000000000e+03
3.417000000000000000e+03
4.527000000000000000e+03
4.264000000000000000e+03
2.303000000000000000e+03
3.967000000000000000e+03
4.966000000000000000e+03
4.364000000000000000e+03
2.092000000000000000e+03
4.317000000000000000e+03
2.823000000000000000e+03
3.934000000000000000e+03
4.085000000000000000e+03
4.967000000000000000e+03
4.450000000000000000e+03
2.436000000000000000e+03
2.110000000000000000e+02
3.603000000000000000e+03
2.701000000000000000e+03
1.190000000000000000e+03
2.400000000000000000e+01
4.252000000000000000e+03
1.754000000000000000e+03
5.150000000000000000e+02
1.056000000000000000e+03
5.700000000000000000e+02
5.085000000000000000e+03
1.794000000000000000e+03
1.026000000000000000e+03
2.921000000000000000e+03
4.999000000000000000e+03
2.371000000000000000e+03
2.855000000000000000e+03
4.443000000000000000e+03
4.288000000000000000e+03
4.624000000000000000e+03
1.119000000000000000e+03
4.020000000000000000e+03
4.154000000000000000e+03
5.020000000000000000e+02
1.130000000000000000e+02
8.210000000000000000e+02
2.059000000000000000e+03
1.949000000000000000e+03
2.250000000000000000e+03
2.125000000000000000e+03
3.712000000000000000e+03
4.269000000000000000e+03
7.140000000000000000e+02
3.835000000000000000e+03
1.381000000000000000e+03
1.710000000000000000e+02
2.021000000000000000e+03
1.305000000000000000e+03
4.670000000000000000e+02
3.441000000000000000e+03
5.500000000000000000e+01
1.965000000000000000e+03
1.556000000000000000e+03
3.660000000000000000e+02
1.968000000000000000e+03
1.408000000000000000e+03
2.924000000000000000e+03
2.923000000000000000e+03
4.293000000000000000e+03
1.640000000000000000e+03
7.310000000000000000e+02
5.100000000000000000e+02
3.150000000000000000e+03
1.350000000000000000e+03
1.830000000000000000e+03
4.293000000000000000e+03
3.197000000000000000e+03
1.732000000000000000e+03
2.586000000000000000e+03
5.191000000000000000e+03
4.839000000000000000e+03
4.828000000000000000e+03
4.660000000000000000e+03
2.593000000000000000e+03
3.160000000000000000e+02
1.596000000000000000e+03
3.316000000000000000e+03
3.970000000000000000e+03
1.626000000000000000e+03
1.702000000000000000e+03
5.240000000000000000e+03
4.287000000000000000e+03
3.747000000000000000e+03
9.510000000000000000e+02
4.019000000000000000e+03
3.213000000000000000e+03
1.685000000000000000e+03
3.760000000000000000e+03
3.034000000000000000e+03
1.023000000000000000e+03
2.194000000000000000e+03
4.005000000000000000e+03
4.851000000000000000e+03
3.430000000000000000e+02
4.877000000000000000e+03
4.835000000000000000e+03
1.098000000000000000e+03
4.593000000000000000e+03
2.156000000000000000e+03
3.863000000000000000e+03
3.237000000000000000e+03
2.045000000000000000e+03
1.744000000000000000e+03
1.180000000000000000e+03
2.791000000000000000e+03
2.332000000000000000e+03
6.930000000000000000e+02
2.981000000000000000e+03
4.852000000000000000e+03
5.071000000000000000e+03
2.662000000000000000e+03
3.156000000000000000e+03
3.833000000000000000e+03
3.255000000000000000e+03
2.701000000000000000e+03
1.791000000000000000e+03
1.634000000000000000e+03
1.155000000000000000e+03
1.860000000000000000e+03
7.300000000000000000e+02
4.152000000000000000e+03
3.252000000000000000e+03
4.586000000000000000e+03
1.719000000000000000e+03
6.050000000000000000e+02
4.455000000000000000e+03
1.359000000000000000e+03
4.613000000000000000e+03
2.200000000000000000e+02
3.018000000000000000e+03
1.848000000000000000e+03
1.073000000000000000e+03
4.640000000000000000e+02
5.098000000000000000e+03
2.442000000000000000e+03
1.200000000000000000e+03
3.919000000000000000e+03
4.866000000000000000e+03
9.480000000000000000e+02
3.190000000000000000e+02
3.688000000000000000e+03
1.860000000000000000e+03
1.874000000000000000e+03
8.090000000000000000e+02
7.880000000000000000e+02
3.685000000000000000e+03
1.023000000000000000e+03
1.254000000000000000e+03
4.049000000000000000e+03
4.386000000000000000e+03
2.032000000000000000e+03
3.658000000000000000e+03
5.041000000000000000e+03
1.500000000000000000e+01
5.216000000000000000e+03
2.401000000000000000e+03
2.127000000000000000e+03
4.789000000000000000e+03
4.500000000000000000e+03
2.772000000000000000e+03
4.610000000000000000e+03
5.990000000000000000e+02
1.141000000000000000e+03
1.896000000000000000e+03
1.780000000000000000e+02
2.313000000000000000e+03
4.670000000000000000e+02
3.910000000000000000e+02
3.240000000000000000e+02
3.943000000000000000e+03
5.208000000000000000e+03
1.059000000000000000e+03
5.220000000000000000e+03
2.028000000000000000e+03
3.763000000000000000e+03
4.566000000000000000e+03
4.150000000000000000e+03
4.026000000000000000e+03
9.100000000000000000e+01
2.855000000000000000e+03
2.571000000000000000e+03
2.250000000000000000e+02
9.100000000000000000e+01
2.770000000000000000e+02
3.094000000000000000e+03
6.700000000000000000e+02
3.629000000000000000e+03
1.239000000000000000e+03
2.324000000000000000e+03
3.750000000000000000e+02
4.280000000000000000e+02
1.194000000000000000e+03
3.415000000000000000e+03
3.306000000000000000e+03
3.675000000000000000e+03
1.683000000000000000e+03
1.231000000000000000e+03
3.428000000000000000e+03
1.917000000000000000e+03
4.897000000000000000e+03
2.933000000000000000e+03
4.033000000000000000e+03
3.421000000000000000e+03
3.539000000000000000e+03
4.804000000000000000e+03
4.493000000000000000e+03
3.828000000000000000e+03
6.260000000000000000e+02
3.686000000000000000e+03
1.000000000000000000e+02
4.878000000000000000e+03
3.418000000000000000e+03
4.681000000000000000e+03
2.140000000000000000e+03
1.095000000000000000e+03
1.965000000000000000e+03
1.194000000000000000e+03
1.114000000000000000e+03
1.063000000000000000e+03
1.734000000000000000e+03
3.658000000000000000e+03
5.141000000000000000e+03
1.561000000000000000e+03
2.378000000000000000e+03
8.880000000000000000e+02
2.113000000000000000e+03
3.414000000000000000e+03
3.751000000000000000e+03
3.555000000000000000e+03
3.200000000000000000e+01
4.499000000000000000e+03
1.853000000000000000e+03
1.606000000000000000e+03
1.682000000000000000e+03
3.316000000000000000e+03
3.492000000000000000e+03
2.897000000000000000e+03
4.627000000000000000e+03
4.386000000000000000e+03
2.781000000000000000e+03
2.311000000000000000e+03
1.598000000000000000e+03
3.923000000000000000e+03
3.013000000000000000e+03
3.455000000000000000e+03
2.706000000000000000e+03
4.409000000000000000e+03
2.580000000000000000e+03
1.095000000000000000e+03
1.632000000000000000e+03
2.590000000000000000e+02
1.559000000000000000e+03
1.055000000000000000e+03
1.467000000000000000e+03
2.797000000000000000e+03
2.015000000000000000e+03
5.790000000000000000e+02
2.875000000000000000e+03
4.482000000000000000e+03
1.200000000000000000e+02
3.061000000000000000e+03
2.782000000000000000e+03
3.860000000000000000e+02
3.542000000000000000e+03
4.055000000000000000e+03
2.376000000000000000e+03
4.907000000000000000e+03
3.916000000000000000e+03
4.766000000000000000e+03
7.360000000000000000e+02
2.376000000000000000e+03
2.545000000000000000e+03
9.500000000000000000e+02
1.575000000000000000e+03
4.000000000000000000e+01
1.540000000000000000e+03
4.599000000000000000e+03
3.849000000000000000e+03
1.303000000000000000e+03
3.375000000000000000e+03
1.092000000000000000e+03
3.047000000000000000e+03
4.929000000000000000e+03
2.301000000000000000e+03
4.800000000000000000e+02
5.235000000000000000e+03
2.115000000000000000e+03
4.746000000000000000e+03
2.710000000000000000e+03
3.240000000000000000e+02
4.216000000000000000e+03
1.794000000000000000e+03
3.470000000000000000e+03
2.522000000000000000e+03
4.481000000000000000e+03
2.713000000000000000e+03
1.530000000000000000e+02
4.889000000000000000e+03
2.275000000000000000e+03
1.918000000000000000e+03
4.194000000000000000e+03
3.141000000000000000e+03
1.602000000000000000e+03
1.149000000000000000e+03
3.680000000000000000e+02
1.573000000000000000e+03
3.486000000000000000e+03
