3.528000000000000000e+03
6.570000000000000000e+02
1.330000000000000000e+02
3.600000000000000000e+03
2.100000000000000000e+03
1.303000000000000000e+03
2.730000000000000000e+03
5.240000000000000000e+02
2.659000000000000000e+03
1.040000000000000000e+02
1.181000000000000000e+03
3.181000000000000000e+03
4.397000000000000000e+03
1.232000000000000000e+03
1.391000000000000000e+03
4.440000000000000000e+02
3.348000000000000000e+03
3.782000000000000000e+03
2.121000000000000000e+03
2.726000000000000000e+03
8.310000000000000000e+02
1.729000000000000000e+03
2.201000000000000000e+03
3.381000000000000000e+03
2.358000000000000000e+03
5.055000000000000000e+03
3.971000000000000000e+03
1.920000000000000000e+03
2.311000000000000000e+03
4.389000000000000000e+03
3.022000000000000000e+03
2.037000000000000000e+03
2.827000000000000000e+03
1.916000000000000000e+03
4.964000000000000000e+03
3.076000000000000000e+03
4.137000000000000000e+03
3.806000000000000000e+03
1.288000000000000000e+03
3.863000000000000000e+03
1.790000000000000000e+02
2.564000000000000000e+03
2.391000000000000000e+03
3.134000000000000000e+03
2.586000000000000000e+03
2.281000000000000000e+03
2.599000000000000000e+03
1.780000000000000000e+02
4.418000000000000000e+03
3.744000000000000000e+03
1.303000000000000000e+03
9.400000000000000000e+02
2.744000000000000000e+03
2.321000000000000000e+03
2.812000000000000000e+03
7.480000000000000000e+02
5.060000000000000000e+02
5.510000000000000000e+02
4.613000000000000000e+03
2.514000000000000000e+03
5.137000000000000000e+03
2.049000000000000000e+03
1.580000000000000000e+03
4.090000000000000000e+03
5.064000000000000000e+03
4.908000000000000000e+03
3.568000000000000000e+03
8.180000000000000000e+02
5.096000000000000000e+03
4.880000000000000000e+02
4.878000000000000000e+03
4.017000000000000000e+03
4.840000000000000000e+03
7.640000000000000000e+02
4.951000000000000000e+03
1.367000000000000000e+03
1.293000000000000000e+03
1.718000000000000000e+03
5.400000000000000000e+02
1.774000000000000000e+03
1.600000000000000000e+02
2.719000000000000000e+03
2.750000000000000000e+02
1.160000000000000000e+02
1.288000000000000000e+03
1.678000000000000000e+03
4.495000000000000000e+03
3.795000000000000000e+03
1.500000000000000000e+01
2.274000000000000000e+03
1.387000000000000000e+03
1.720000000000000000e+02
5.690000000000000000e+02
3.183000000000000000e+03
4.773000000000000000e+03
2.343000000000000000e+03
2.347000000000000000e+03
1.054000000000000000e+03
1.260000000000000000e+03
4.850000000000000000e+02
3.252000000000000000e+03
5.500000000000000000e+02
1.487000000000000000e+03
4.435000000000000000e+03
7.090000000000000000e+02
3.348000000000000000e+03
3.430000000000000000e+03
3.018000000000000000e+03
4.860000000000000000e+03
4.795000000000000000e+03
1.770000000000000000e+03
4.474000000000000000e+03
3.417000000000000000e+03
3.013000000000000000e+03
4.954000000000000000e+03
7.900000000000000000e+01
1.569000000000000000e+03
3.775000000000000000e+03
3.562000000000000000e+03
3.689000000000000000e+03
2.846000000000000000e+03
4.081000000000000000e+03
6.350000000000000000e+02
3.974000000000000000e+03
3.132000000000000000e+03
1.423000000000000000e+03
1.970000000000000000e+02
3.088000000000000000e+03
6.070000000000000000e+02
4.003000000000000000e+03
3.231000000000000000e+03
1.995000000000000000e+03
5.236000000000000000e+03
4.352000000000000000e+03
2.915000000000000000e+03
3.595000000000000000e+03
2.307000000000000000e+03
8.210000000000000000e+02
4.271000000000000000e+03
7.150000000000000000e+02
4.313000000000000000e+03
3.757000000000000000e+03
2.080000000000000000e+03
2.258000000000000000e+03
9.220000000000000000e+02
4.659000000000000000e+03
3.043000000000000000e+03
4.036000000000000000e+03
4.561000000000000000e+03
3.000000000000000000e+01
5.550000000000000000e+02
2.310000000000000000e+02
3.890000000000000000e+03
3.863000000000000000e+03
3.079000000000000000e+03
3.274000000000000000e+03
2.147000000000000000e+03
4.297000000000000000e+03
5.177000000000000000e+03
2.858000000000000000e+03
5.169000000000000000e+03
1.710000000000000000e+02
2.010000000000000000e+02
2.079000000000000000e+03
2.438000000000000000e+03
8.630000000000000000e+02
1.536000000000000000e+03
3.382000000000000000e+03
2.982000000000000000e+03
4.022000000000000000e+03
4.768000000000000000e+03
6.890000000000000000e+02
3.161000000000000000e+03
3.252000000000000000e+03
1.778000000000000000e+03
3.755000000000000000e+03
2.136000000000000000e+03
4.581000000000000000e+03
4.841000000000000000e+03
1.893000000000000000e+03
2.170000000000000000e+02
4.111000000000000000e+03
4.239000000000000000e+03
2.152000000000000000e+03
1.389000000000000000e+03
1.262000000000000000e+03
3.090000000000000000e+03
1.665000000000000000e+03
8.310000000000000000e+02
2.363000000000000000e+03
4.655000000000000000e+03
3.990000000000000000e+03
1.602000000000000000e+03
1.839000000000000000e+03
3.071000000000000000e+03
7.420000000000000000e+02
1.508000000000000000e+03
5.180000000000000000e+02
3.460000000000000000e+02
1.947000000000000000e+03
5.037000000000000000e+03
3.114000000000000000e+03
4.607000000000000000e+03
1.869000000000000000e+03
1.368000000000000000e+03
5.230000000000000000e+02
3.784000000000000000e+03
4.602000000000000000e+03
2.656000000000000000e+03
2.811000000000000000e+03
9.630000000000000000e+02
4.357000000000000000e+03
5.030000000000000000e+02
4.637000000000000000e+03
4.610000000000000000e+02
3.729000000000000000e+03
4.860000000000000000e+03
1.235000000000000000e+03
1.208000000000000000e+03
2.630000000000000000e+02
4.824000000000000000e+03
5.700000000000000000e+01
3.183000000000000000e+03
5.070000000000000000e+02
3.740000000000000000e+02
4.075000000000000000e+03
3.365000000000000000e+03
1.371000000000000000e+03
3.773000000000000000e+03
3.898000000000000000e+03
1.899000000000000000e+03
4.932000000000000000e+03
4.273000000000000000e+03
1.550000000000000000e+03
3.406000000000000000e+03
3.477000000000000000e+03
1.107000000000000000e+03
2.125000000000000000e+03
2.863000000000000000e+03
4.942000000000000000e+03
6.630000000000000000e+02
4.435000000000000000e+03
5.073000000000000000e+03
4.110000000000000000e+02
3.529000000000000000e+03
3.899000000000000000e+03
7.470000000000000000e+02
3.159000000000000000e+03
2.305000000000000000e+03
2.068000000000000000e+03
3.460000000000000000e+02
4.698000000000000000e+03
1.110000000000000000e+03
4.882000000000000000e+03
3.490000000000000000e+02
3.253000000000000000e+03
3.101000000000000000e+03
3.906000000000000000e+03
2.580000000000000000e+02
1.330000000000000000e+03
1.029000000000000000e+03
5.310000000000000000e+02
4.595000000000000000e+03
2.543000000000000000e+03
4.359000000000000000e+03
1.302000000000000000e+03
5.050000000000000000e+02
5.060000000000000000e+02
3.446000000000000000e+03
3.560000000000000000e+03
1.346000000000000000e+03
4.246000000000000000e+03
3.615000000000000000e+03
3.947000000000000000e+03
4.799000000000000000e+03
5.041000000000000000e+03
3.530000000000000000e+02
1.506000000000000000e+03
3.394000000000000000e+03
4.407000000000000000e+03
4.440000000000000000e+03
5.670000000000000000e+02
2.806000000000000000e+03
3.493000000000000000e+03
4.388000000000000000e+03
5.146000000000000000e+03
3.513000000000000000e+03
8.630000000000000000e+02
4.363000000000000000e+03
2.208000000000000000e+03
3.599000000000000000e+03
3.220000000000000000e+02
1.777000000000000000e+03
3.338000000000000000e+03
3.425000000000000000e+03
1.535000000000000000e+03
4.232000000000000000e+03
1.121000000000000000e+03
7.400000000000000000e+02
1.887000000000000000e+03
2.751000000000000000e+03
1.107000000000000000e+03
3.735000000000000000e+03
1.793000000000000000e+03
5.115000000000000000e+03
4.317000000000000000e+03
4.018000000000000000e+03
3.371000000000000000e+03
2.956000000000000000e+03
3.947000000000000000e+03
4.500000000000000000e+03
2.133000000000000000e+03
1.409000000000000000e+03
6.230000000000000000e+02
3.133000000000000000e+03
4.953000000000000000e+03
5.125000000000000000e+03
4.436000000000000000e+03
2.360000000000000000e+03
4.026000000000000000e+03
2.810000000000000000e+02
4.498000000000000000e+03
1.293000000000000000e+03
4.770000000000000000e+03
4.800000000000000000e+01
2.826000000000000000e+03
4.884000000000000000e+03
4.306000000000000000e+03
1.476000000000000000e+03
2.284000000000000000e+03
1.589000000000000000e+03
3.613000000000000000e+03
4.259000000000000000e+03
2.746000000000000000e+03
3.412000000000000000e+03
2.214000000000000000e+03
8.250000000000000000e+02
4.397000000000000000e+03
1.528000000000000000e+03
1.293000000000000000e+03
4.463000000000000000e+03
1.799000000000000000e+03
2.229000000000000000e+03
2.929000000000000000e+03
2.933000000000000000e+03
2.757000000000000000e+03
4.930000000000000000e+02
4.106000000000000000e+03
2.032000000000000000e+03
1.792000000000000000e+03
4.728000000000000000e+03
2.199000000000000000e+03
2.501000000000000000e+03
1.211000000000000000e+03
2.944000000000000000e+03
2.188000000000000000e+03
3.677000000000000000e+03
8.100000000000000000e+02
2.263000000000000000e+03
1.480000000000000000e+02
3.490000000000000000e+02
2.561000000000000000e+03
3.900000000000000000e+03
2.120000000000000000e+02
7.590000000000000000e+02
1.113000000000000000e+03
3.365000000000000000e+03
1.488000000000000000e+03
4.873000000000000000e+03
1.719000000000000000e+03
4.901000000000000000e+03
1.110000000000000000e+02
4.400000000000000000e+01
4.964000000000000000e+03
3.341000000000000000e+03
1.326000000000000000e+03
2.937000000000000000e+03
4.290000000000000000e+03
1.900000000000000000e+02
2.912000000000000000e+03
4.691000000000000000e+03
2.433000000000000000e+03
3.262000000000000000e+03
2.663000000000000000e+03
3.172000000000000000e+03
1.033000000000000000e+03
5.720000000000000000e+02
3.635000000000000000e+03
3.798000000000000000e+03
4.584000000000000000e+03
4.787000000000000000e+03
6.830000000000000000e+02
1.040000000000000000e+03
3.913000000000000000e+03
3.394000000000000000e+03
4.646000000000000000e+03
2.753000000000000000e+03
8.820000000000000000e+02
2.458000000000000000e+03
5.200000000000000000e+01
3.143000000000000000e+03
3.844000000000000000e+03
2.890000000000000000e+03
2.128000000000000000e+03
1.688000000000000000e+03
3.220000000000000000e+02
4.510000000000000000e+03
8.760000000000000000e+02
4.505000000000000000e+03
1.850000000000000000e+03
2.065000000000000000e+03
1.872000000000000000e+03
2.064000000000000000e+03
4.944000000000000000e+03
5.051000000000000000e+03
4.198000000000000000e+03
1.095000000000000000e+03
4.163000000000000000e+03
4.243000000000000000e+03
1.110000000000000000e+02
1.851000000000000000e+03
6.570000000000000000e+02
7.710000000000000000e+02
2.584000000000000000e+03
3.950000000000000000e+03
5.970000000000000000e+02
4.150000000000000000e+02
4.008000000000000000e+03
3.544000000000000000e+03
2.618000000000000000e+03
4.118000000000000000e+03
4.058000000000000000e+03
3.940000000000000000e+03
1.949000000000000000e+03
4.671000000000000000e+03
7.810000000000000000e+02
2.539000000000000000e+03
4.917000000000000000e+03
2.143000000000000000e+03
3.067000000000000000e+03
5.510000000000000000e+02
2.302000000000000000e+03
3.569000000000000000e+03
1.519000000000000000e+03
3.440000000000000000e+03
3.112000000000000000e+03
2.778000000000000000e+03
1.026000000000000000e+03
1.669000000000000000e+03
6.600000000000000000e+02
1.787000000000000000e+03
5.055000000000000000e+03
4.798000000000000000e+03
1.252000000000000000e+03
3.016000000000000000e+03
3.804000000000000000e+03
4.925000000000000000e+03
4.861000000000000000e+03
4.380000000000000000e+03
3.306000000000000000e+03
7.320000000000000000e+02
1.900000000000000000e+01
7.020000000000000000e+02
1.972000000000000000e+03
1.088000000000000000e+03
4.596000000000000000e+03
3.861000000000000000e+03
3.250000000000000000e+03
9.630000000000000000e+02
3.664000000000000000e+03
2.642000000000000000e+03
2.020000000000000000e+03
2.564000000000000000e+03
4.578000000000000000e+03
2.511000000000000000e+03
1.619000000000000000e+03
1.870000000000000000e+02
5.237000000000000000e+03
4.677000000000000000e+03
9.830000000000000000e+02
4.224000000000000000e+03
6.970000000000000000e+02
1.712000000000000000e+03
7.610000000000000000e+02
4.492000000000000000e+03
1.798000000000000000e+03
1.160000000000000000e+02
3.237000000000000000e+03
4.724000000000000000e+03
4.006000000000000000e+03
4.096000000000000000e+03
4.593000000000000000e+03
1.557000000000000000e+03
4.633000000000000000e+03
3.143000000000000000e+03
4.061000000000000000e+03
1.096000000000000000e+03
1.482000000000000000e+03
1.467000000000000000e+03
4.046000000000000000e+03
1.560000000000000000e+03
3.710000000000000000e+03
1.026000000000000000e+03
3.094000000000000000e+03
2.050000000000000000e+03
2.696000000000000000e+03
3.551000000000000000e+03
4.358000000000000000e+03
5.027000000000000000e+03
4.518000000000000000e+03
1.658000000000000000e+03
2.349000000000000000e+03
4.310000000000000000e+03
3.366000000000000000e+03
4.905000000000000000e+03
9.190000000000000000e+02
7.920000000000000000e+02
1.229000000000000000e+03
4.059000000000000000e+03
1.034000000000000000e+03
1.484000000000000000e+03
4.781000000000000000e+03
3.631000000000000000e+03
3.492000000000000000e+03
1.594000000000000000e+03
2.239000000000000000e+03
1.583000000000000000e+03
1.880000000000000000e+03
3.577000000000000000e+03
1.768000000000000000e+03
3.357000000000000000e+03
5.044000000000000000e+03
4.860000000000000000e+02
9.980000000000000000e+02
9.020000000000000000e+02
8.360000000000000000e+02
4.146000000000000000e+03
2.514000000000000000e+03
4.754000000000000000e+03
3.092000000000000000e+03
2.488000000000000000e+03
4.736000000000000000e+03
3.476000000000000000e+03
3.809000000000000000e+03
5.560000000000000000e+02
2.071000000000000000e+03
3.332000000000000000e+03
8.690000000000000000e+02
6.600000000000000000e+01
4.420000000000000000e+03
4.236000000000000000e+03
9.200000000000000000e+02
1.404000000000000000e+03
5.094000000000000000e+03
3.430000000000000000e+03
3.720000000000000000e+02
4.060000000000000000e+03
4.005000000000000000e+03
3.486000000000000000e+03
2.044000000000000000e+03
1.053000000000000000e+03
1.059000000000000000e+03
2.057000000000000000e+03
4.540000000000000000e+02
6.460000000000000000e+02
4.590000000000000000e+03
4.896000000000000000e+03
2.379000000000000000e+03
4.883000000000000000e+03
1.688000000000000000e+03
4.348000000000000000e+03
1.196000000000000000e+03
4.077000000000000000e+03
5.189000000000000000e+03
4.769000000000000000e+03
3.580000000000000000e+02
1.094000000000000000e+03
1.635000000000000000e+03
4.334000000000000000e+03
4.983000000000000000e+03
4.647000000000000000e+03
8.500000000000000000e+01
5.114000000000000000e+03
2.923000000000000000e+03
4.660000000000000000e+02
6.150000000000000000e+02
1.488000000000000000e+03
4.499000000000000000e+03
3.720000000000000000e+03
3.083000000000000000e+03
3.630000000000000000e+02
1.985000000000000000e+03
2.983000000000000000e+03
4.044000000000000000e+03
9.240000000000000000e+02
4.520000000000000000e+02
1.783000000000000000e+03
3.149000000000000000e+03
1.701000000000000000e+03
2.145000000000000000e+03
2.823000000000000000e+03
2.044000000000000000e+03
1.149000000000000000e+03
1.390000000000000000e+02
1.312000000000000000e+03
3.253000000000000000e+03
2.194000000000000000e+03
5.970000000000000000e+02
3.555000000000000000e+03
2.311000000000000000e+03
1.200000000000000000e+03
4.273000000000000000e+03
3.929000000000000000e+03
1.471000000000000000e+03
1.324000000000000000e+03
3.450000000000000000e+03
1.749000000000000000e+03
2.270000000000000000e+02
5.039000000000000000e+03
4.511000000000000000e+03
5.224000000000000000e+03
2.484000000000000000e+03
2.622000000000000000e+03
2.403000000000000000e+03
2.458000000000000000e+03
5.070000000000000000e+02
7.540000000000000000e+02
1.774000000000000000e+03
2.079000000000000000e+03
1.580000000000000000e+03
1.426000000000000000e+03
2.659000000000000000e+03
2.468000000000000000e+03
1.740000000000000000e+02
2.523000000000000000e+03
4.856000000000000000e+03
3.260000000000000000e+02
1.643000000000000000e+03
1.493000000000000000e+03
2.482000000000000000e+03
2.153000000000000000e+03
5.228000000000000000e+03
3.547000000000000000e+03
3.786000000000000000e+03
1.640000000000000000e+02
3.585000000000000000e+03
3.287000000000000000e+03
5.330000000000000000e+02
4.690000000000000000e+02
3.912000000000000000e+03
9.210000000000000000e+02
4.678000000000000000e+03
4.192000000000000000e+03
4.237000000000000000e+03
2.321000000000000000e+03
2.103000000000000000e+03
1.787000000000000000e+03
2.190000000000000000e+02
2.710000000000000000e+03
1.566000000000000000e+03
3.715000000000000000e+03
3.061000000000000000e+03
4.208000000000000000e+03
1.808000000000000000e+03
4.361000000000000000e+03
5.235000000000000000e+03
1.300000000000000000e+03
3.830000000000000000e+03
2.859000000000000000e+03
1.220000000000000000e+02
4.233000000000000000e+03
1.847000000000000000e+03
4.384000000000000000e+03
1.162000000000000000e+03
2.461000000000000000e+03
4.515000000000000000e+03
3.250000000000000000e+02
8.790000000000000000e+02
3.888000000000000000e+03
2.843000000000000000e+03
3.809000000000000000e+03
1.010000000000000000e+02
4.507000000000000000e+03
5.043000000000000000e+03
2.564000000000000000e+03
2.943000000000000000e+03
1.872000000000000000e+03
1.087000000000000000e+03
1.700000000000000000e+01
1.365000000000000000e+03
1.376000000000000000e+03
2.727000000000000000e+03
1.031000000000000000e+03
3.789000000000000000e+03
1.617000000000000000e+03
3.451000000000000000e+03
1.010000000000000000e+02
3.798000000000000000e+03
3.690000000000000000e+02
5.112000000000000000e+03
8.590000000000000000e+02
5.034000000000000000e+03
3.612000000000000000e+03
1.947000000000000000e+03
3.692000000000000000e+03
1.590000000000000000e+02
4.432000000000000000e+03
5.059000000000000000e+03
3.125000000000000000e+03
1.603000000000000000e+03
2.324000000000000000e+03
3.643000000000000000e+03
3.757000000000000000e+03
4.814000000000000000e+03
2.544000000000000000e+03
2.717000000000000000e+03
4.882000000000000000e+03
4.865000000000000000e+03
3.886000000000000000e+03
5.202000000000000000e+03
1.587000000000000000e+03
2.849000000000000000e+03
3.628000000000000000e+03
3.639000000000000000e+03
2.324000000000000000e+03
2.182000000000000000e+03
1.060000000000000000e+02
2.309000000000000000e+03
1.058000000000000000e+03
4.983000000000000000e+03
1.372000000000000000e+03
2.910000000000000000e+02
4.429000000000000000e+03
4.227000000000000000e+03
2.402000000000000000e+03
3.990000000000000000e+02
4.371000000000000000e+03
2.792000000000000000e+03
1.837000000000000000e+03
8.020000000000000000e+02
3.092000000000000000e+03
1.104000000000000000e+03
1.767000000000000000e+03
1.616000000000000000e+03
3.490000000000000000e+03
4.027000000000000000e+03
1.092000000000000000e+03
1.930000000000000000e+02
2.779000000000000000e+03
4.897000000000000000e+03
1.641000000000000000e+03
2.308000000000000000e+03
2.819000000000000000e+03
8.990000000000000000e+02
5.117000000000000000e+03
4.379000000000000000e+03
1.189000000000000000e+03
2.867000000000000000e+03
2.613000000000000000e+03
5.213000000000000000e+03
2.357000000000000000e+03
4.717000000000000000e+03
1.229000000000000000e+03
4.808000000000000000e+03
4.729000000000000000e+03
3.341000000000000000e+03
1.652000000000000000e+03
1.359000000000000000e+03
2.478000000000000000e+03
2.782000000000000000e+03
1.641000000000000000e+03
3.382000000000000000e+03
3.113000000000000000e+03
4.274000000000000000e+03
2.631000000000000000e+03
1.960000000000000000e+02
1.433000000000000000e+03
5.058000000000000000e+03
1.517000000000000000e+03
3.836000000000000000e+03
4.315000000000000000e+03
1.520000000000000000e+03
7.250000000000000000e+02
4.419000000000000000e+03
1.938000000000000000e+03
2.170000000000000000e+03
2.917000000000000000e+03
6.730000000000000000e+02
4.361000000000000000e+03
2.480000000000000000e+03
4.589000000000000000e+03
4.555000000000000000e+03
1.293000000000000000e+03
3.371000000000000000e+03
7.300000000000000000e+02
3.113000000000000000e+03
1.389000000000000000e+03
2.201000000000000000e+03
4.258000000000000000e+03
5.185000000000000000e+03
3.216000000000000000e+03
2.470000000000000000e+03
3.330000000000000000e+03
1.037000000000000000e+03
8.610000000000000000e+02
4.158000000000000000e+03
3.876000000000000000e+03
1.622000000000000000e+03
4.310000000000000000e+03
1.234000000000000000e+03
4.264000000000000000e+03
4.930000000000000000e+02
4.403000000000000000e+03
2.197000000000000000e+03
2.700000000000000000e+03
2.121000000000000000e+03
4.047000000000000000e+03
4.790000000000000000e+02
1.490000000000000000e+02
2.190000000000000000e+03
1.604000000000000000e+03
6.320000000000000000e+02
3.246000000000000000e+03
2.865000000000000000e+03
2.786000000000000000e+03
1.860000000000000000e+03
4.233000000000000000e+03
3.450000000000000000e+03
2.929000000000000000e+03
4.413000000000000000e+03
3.150000000000000000e+02
4.924000000000000000e+03
2.983000000000000000e+03
1.122000000000000000e+03
1.984000000000000000e+03
4.605000000000000000e+03
1.623000000000000000e+03
5.187000000000000000e+03
1.716000000000000000e+03
4.445000000000000000e+03
5.500000000000000000e+02
3.916000000000000000e+03
1.327000000000000000e+03
4.946000000000000000e+03
5.052000000000000000e+03
2.335000000000000000e+03
2.803000000000000000e+03
2.946000000000000000e+03
1.875000000000000000e+03
1.687000000000000000e+03
4.670000000000000000e+03
5.029000000000000000e+03
2.985000000000000000e+03
1.505000000000000000e+03
2.900000000000000000e+03
3.845000000000000000e+03
4.979000000000000000e+03
3.511000000000000000e+03
3.078000000000000000e+03
1.192000000000000000e+03
3.526000000000000000e+03
4.031000000000000000e+03
4.289000000000000000e+03
1.291000000000000000e+03
5.080000000000000000e+03
1.342000000000000000e+03
4.156000000000000000e+03
2.833000000000000000e+03
4.113000000000000000e+03
2.487000000000000000e+03
2.936000000000000000e+03
2.894000000000000000e+03
4.365000000000000000e+03
4.545000000000000000e+03
5.171000000000000000e+03
1.724000000000000000e+03
1.500000000000000000e+02
5.070000000000000000e+02
4.388000000000000000e+03
4.294000000000000000e+03
1.756000000000000000e+03
3.534000000000000000e+03
5.280000000000000000e+02
1.666000000000000000e+03
4.103000000000000000e+03
1.823000000000000000e+03
2.929000000000000000e+03
3.428000000000000000e+03
1.016000000000000000e+03
3.353000000000000000e+03
4.761000000000000000e+03
1.420000000000000000e+03
1.597000000000000000e+03
2.099000000000000000e+03
4.919000000000000000e+03
4.595000000000000000e+03
1.315000000000000000e+03
1.936000000000000000e+03
2.534000000000000000e+03
2.017000000000000000e+03
8.870000000000000000e+02
4.827000000000000000e+03
4.190000000000000000e+03
1.021000000000000000e+03
1.631000000000000000e+03
1.538000000000000000e+03
2.474000000000000000e+03
2.188000000000000000e+03
1.337000000000000000e+03
3.907000000000000000e+03
1.300000000000000000e+03
3.337000000000000000e+03
2.145000000000000000e+03
2.332000000000000000e+03
1.014000000000000000e+03
1.680000000000000000e+03
1.713000000000000000e+03
2.144000000000000000e+03
1.131000000000000000e+03
3.330000000000000000e+02
5.201000000000000000e+03
4.514000000000000000e+03
2.569000000000000000e+03
3.486000000000000000e+03
2.429000000000000000e+03
6.100000000000000000e+01
4.115000000000000000e+03
2.626000000000000000e+03
1.095000000000000000e+03
3.063000000000000000e+03
4.155000000000000000e+03
1.345000000000000000e+03
1.689000000000000000e+03
7.830000000000000000e+02
1.262000000000000000e+03
1.652000000000000000e+03
2.320000000000000000e+02
1.431000000000000000e+03
4.876000000000000000e+03
5.141000000000000000e+03
3.114000000000000000e+03
2.769000000000000000e+03
1.335000000000000000e+03
8.400000000000000000e+01
1.534000000000000000e+03
1.674000000000000000e+03
4.807000000000000000e+03
3.913000000000000000e+03
4.237000000000000000e+03
6.590000000000000000e+02
3.039000000000000000e+03
5.052000000000000000e+03
5.172000000000000000e+03
2.842000000000000000e+03
2.514000000000000000e+03
1.142000000000000000e+03
4.475000000000000000e+03
2.586000000000000000e+03
3.436000000000000000e+03
2.508000000000000000e+03
3.719000000000000000e+03
2.222000000000000000e+03
2.224000000000000000e+03
2.022000000000000000e+03
3.941000000000000000e+03
2.395000000000000000e+03
2.796000000000000000e+03
3.624000000000000000e+03
8.330000000000000000e+02
7.310000000000000000e+02
4.148000000000000000e+03
6.920000000000000000e+02
3.251000000000000000e+03
2.152000000000000000e+03
2.209000000000000000e+03
3.910000000000000000e+02
1.950000000000000000e+03
2.191000000000000000e+03
2.440000000000000000e+02
3.250000000000000000e+03
8.130000000000000000e+02
1.529000000000000000e+03
1.310000000000000000e+03
9.970000000000000000e+02
2.143000000000000000e+03
2.024000000000000000e+03
2.020000000000000000e+02
2.722000000000000000e+03
1.757000000000000000e+03
1.553000000000000000e+03
3.480000000000000000e+03
6.000000000000000000e+02
3.098000000000000000e+03
4.378000000000000000e+03
5.212000000000000000e+03
4.270000000000000000e+03
2.795000000000000000e+03
2.799000000000000000e+03
5.048000000000000000e+03
8.550000000000000000e+02
2.834000000000000000e+03
1.784000000000000000e+03
3.168000000000000000e+03
6.460000000000000000e+02
3.008000000000000000e+03
4.858000000000000000e+03
3.428000000000000000e+03
4.956000000000000000e+03
3.781000000000000000e+03
3.065000000000000000e+03
3.719000000000000000e+03
1.005000000000000000e+03
1.616000000000000000e+03
1.272000000000000000e+03
1.081000000000000000e+03
3.413000000000000000e+03
3.623000000000000000e+03
2.266000000000000000e+03
3.791000000000000000e+03
3.656000000000000000e+03
6.670000000000000000e+02
3.516000000000000000e+03
8.880000000000000000e+02
3.006000000000000000e+03
2.263000000000000000e+03
3.474000000000000000e+03
2.650000000000000000e+02
1.415000000000000000e+03
3.547000000000000000e+03
2.117000000000000000e+03
3.117000000000000000e+03
4.380000000000000000e+03
3.248000000000000000e+03
4.365000000000000000e+03
2.597000000000000000e+03
4.094000000000000000e+03
1.397000000000000000e+03
2.701000000000000000e+03
3.084000000000000000e+03
1.518000000000000000e+03
4.946000000000000000e+03
4.961000000000000000e+03
2.997000000000000000e+03
2.500000000000000000e+01
4.103000000000000000e+03
1.800000000000000000e+03
3.858000000000000000e+03
9.520000000000000000e+02
3.419000000000000000e+03
4.903000000000000000e+03
7.140000000000000000e+02
2.742000000000000000e+03
1.426000000000000000e+03
2.969000000000000000e+03
2.716000000000000000e+03
9.340000000000000000e+02
4.250000000000000000e+02
3.146000000000000000e+03
3.636000000000000000e+03
2.700000000000000000e+03
4.764000000000000000e+03
4.084000000000000000e+03
1.221000000000000000e+03
4.909000000000000000e+03
4.964000000000000000e+03
5.620000000000000000e+02
1.257000000000000000e+03
3.608000000000000000e+03
4.745000000000000000e+03
2.911000000000000000e+03
4.339000000000000000e+03
5.111000000000000000e+03
1.718000000000000000e+03
3.229000000000000000e+03
4.224000000000000000e+03
3.865000000000000000e+03
1.180000000000000000e+03
1.025000000000000000e+03
2.406000000000000000e+03
3.335000000000000000e+03
1.210000000000000000e+02
1.665000000000000000e+03
1.209000000000000000e+03
4.137000000000000000e+03
3.687000000000000000e+03
4.688000000000000000e+03
4.291000000000000000e+03
4.502000000000000000e+03
2.310000000000000000e+03
1.280000000000000000e+03
3.426000000000000000e+03
7.150000000000000000e+02
3.564000000000000000e+03
1.380000000000000000e+03
4.410000000000000000e+03
1.082000000000000000e+03
1.059000000000000000e+03
2.882000000000000000e+03
2.660000000000000000e+02
3.292000000000000000e+03
4.966000000000000000e+03
2.924000000000000000e+03
2.661000000000000000e+03
5.173000000000000000e+03
1.843000000000000000e+03
3.640000000000000000e+03
7.830000000000000000e+02
3.585000000000000000e+03
4.577000000000000000e+03
2.850000000000000000e+02
4.062000000000000000e+03
3.172000000000000000e+03
1.402000000000000000e+03
3.837000000000000000e+03
1.311000000000000000e+03
4.692000000000000000e+03
2.899000000000000000e+03
1.376000000000000000e+03
3.866000000000000000e+03
5.146000000000000000e+03
2.379000000000000000e+03
1.268000000000000000e+03
1.101000000000000000e+03
3.350000000000000000e+02
3.183000000000000000e+03
4.450000000000000000e+02
9.380000000000000000e+02
2.617000000000000000e+03
3.179000000000000000e+03
1.072000000000000000e+03
2.465000000000000000e+03
4.617000000000000000e+03
2.442000000000000000e+03
4.897000000000000000e+03
1.363000000000000000e+03
8.550000000000000000e+02
1.640000000000000000e+02
1.257000000000000000e+03
2.810000000000000000e+03
9.100000000000000000e+02
4.526000000000000000e+03
3.441000000000000000e+03
2.561000000000000000e+03
2.471000000000000000e+03
1.500000000000000000e+02
3.094000000000000000e+03
1.524000000000000000e+03
3.674000000000000000e+03
4.075000000000000000e+03
4.477000000000000000e+03
7.590000000000000000e+02
4.856000000000000000e+03
5.143000000000000000e+03
5.112000000000000000e+03
3.291000000000000000e+03
1.430000000000000000e+02
3.259000000000000000e+03
4.339000000000000000e+03
2.717000000000000000e+03
3.352000000000000000e+03
2.090000000000000000e+03
3.040000000000000000e+03
4.980000000000000000e+02
7.680000000000000000e+02
2.329000000000000000e+03
1.327000000000000000e+03
2.900000000000000000e+01
1.396000000000000000e+03
3.914000000000000000e+03
3.637000000000000000e+03
2.471000000000000000e+03
4.194000000000000000e+03
2.137000000000000000e+03
2.111000000000000000e+03
2.139000000000000000e+03
3.604000000000000000e+03
6.350000000000000000e+02
1.732000000000000000e+03
3.224000000000000000e+03
4.534000000000000000e+03
4.436000000000000000e+03
3.493000000000000000e+03
6.640000000000000000e+02
8.000000000000000000e+00
3.002000000000000000e+03
4.782000000000000000e+03
3.823000000000000000e+03
2.111000000000000000e+03
1.194000000000000000e+03
4.158000000000000000e+03
1.110000000000000000e+02
4.607000000000000000e+03
9.280000000000000000e+02
5.600000000000000000e+01
2.970000000000000000e+02
1.712000000000000000e+03
3.933000000000000000e+03
4.741000000000000000e+03
1.819000000000000000e+03
3.898000000000000000e+03
2.776000000000000000e+03
1.227000000000000000e+03
3.822000000000000000e+03
9.200000000000000000e+02
1.081000000000000000e+03
3.290000000000000000e+03
1.051000000000000000e+03
1.255000000000000000e+03
3.196000000000000000e+03
4.800000000000000000e+01
9.960000000000000000e+02
1.595000000000000000e+03
5.900000000000000000e+02
5.930000000000000000e+02
4.800000000000000000e+02
1.217000000000000000e+03
1.845000000000000000e+03
2.513000000000000000e+03
3.830000000000000000e+03
4.637000000000000000e+03
6.960000000000000000e+02
3.199000000000000000e+03
3.472000000000000000e+03
3.297000000000000000e+03
4.650000000000000000e+02
4.404000000000000000e+03
1.750000000000000000e+03
1.121000000000000000e+03
5.041000000000000000e+03
5.036000000000000000e+03
3.603000000000000000e+03
4.513000000000000000e+03
5.130000000000000000e+03
1.990000000000000000e+02
2.946000000000000000e+03
4.076000000000000000e+03
4.655000000000000000e+03
8.220000000000000000e+02
1.717000000000000000e+03
3.820000000000000000e+03
2.522000000000000000e+03
5.840000000000000000e+02
2.350000000000000000e+02
3.589000000000000000e+03
4.071000000000000000e+03
3.624000000000000000e+03
8.220000000000000000e+02
4.656000000000000000e+03
3.833000000000000000e+03
3.719000000000000000e+03
3.975000000000000000e+03
3.522000000000000000e+03
1.756000000000000000e+03
5.110000000000000000e+03
4.393000000000000000e+03
2.916000000000000000e+03
3.391000000000000000e+03
2.033000000000000000e+03
5.071000000000000000e+03
4.002000000000000000e+03
6.320000000000000000e+02
4.616000000000000000e+03
1.242000000000000000e+03
2.368000000000000000e+03
8.900000000000000000e+01
2.528000000000000000e+03
5.196000000000000000e+03
3.332000000000000000e+03
5.224000000000000000e+03
1.373000000000000000e+03
8.010000000000000000e+02
2.019000000000000000e+03
1.746000000000000000e+03
3.400000000000000000e+03
4.540000000000000000e+02
2.869000000000000000e+03
2.581000000000000000e+03
4.529000000000000000e+03
1.497000000000000000e+03
1.300000000000000000e+03
4.368000000000000000e+03
4.882000000000000000e+03
1.815000000000000000e+03
4.026000000000000000e+03
3.300000000000000000e+01
2.587000000000000000e+03
2.170000000000000000e+02
3.688000000000000000e+03
3.283000000000000000e+03
4.600000000000000000e+03
7.940000000000000000e+02
2.769000000000000000e+03
1.023000000000000000e+03
3.414000000000000000e+03
2.532000000000000000e+03
2.934000000000000000e+03
2.933000000000000000e+03
5.157000000000000000e+03
4.949000000000000000e+03
1.508000000000000000e+03
1.665000000000000000e+03
5.218000000000000000e+03
3.476000000000000000e+03
4.643000000000000000e+03
3.976000000000000000e+03
1.735000000000000000e+03
2.046000000000000000e+03
2.062000000000000000e+03
4.366000000000000000e+03
4.233000000000000000e+03
1.830000000000000000e+03
4.123000000000000000e+03
2.003000000000000000e+03
3.980000000000000000e+02
4.407000000000000000e+03
4.010000000000000000e+02
5.330000000000000000e+02
2.025000000000000000e+03
7.560000000000000000e+02
4.646000000000000000e+03
5.191000000000000000e+03
3.451000000000000000e+03
5.045000000000000000e+03
1.952000000000000000e+03
3.056000000000000000e+03
3.922000000000000000e+03
4.500000000000000000e+03
3.696000000000000000e+03
4.607000000000000000e+03
2.590000000000000000e+03
4.663000000000000000e+03
2.285000000000000000e+03
1.220000000000000000e+02
4.026000000000000000e+03
3.207000000000000000e+03
5.009000000000000000e+03
4.150000000000000000e+03
2.191000000000000000e+03
4.973000000000000000e+03
4.320000000000000000e+03
4.576000000000000000e+03
3.756000000000000000e+03
9.520000000000000000e+02
6.330000000000000000e+02
2.902000000000000000e+03
2.190000000000000000e+02
2.470000000000000000e+02
5.218000000000000000e+03
2.102000000000000000e+03
1.319000000000000000e+03
3.470000000000000000e+03
4.498000000000000000e+03
1.928000000000000000e+03
5.224000000000000000e+03
3.782000000000000000e+03
8.070000000000000000e+02
3.297000000000000000e+03
3.558000000000000000e+03
3.620000000000000000e+02
2.142000000000000000e+03
1.518000000000000000e+03
2.096000000000000000e+03
4.835000000000000000e+03
2.538000000000000000e+03
3.928000000000000000e+03
4.108000000000000000e+03
2.575000000000000000e+03
2.225000000000000000e+03
3.445000000000000000e+03
1.230000000000000000e+03
3.356000000000000000e+03
1.170000000000000000e+03
6.150000000000000000e+02
2.025000000000000000e+03
2.756000000000000000e+03
4.230000000000000000e+03
2.935000000000000000e+03
2.487000000000000000e+03
4.757000000000000000e+03
4.589000000000000000e+03
2.387000000000000000e+03
2.020000000000000000e+03
8.250000000000000000e+02
3.788000000000000000e+03
2.158000000000000000e+03
2.812000000000000000e+03
5.101000000000000000e+03
4.521000000000000000e+03
4.261000000000000000e+03
2.560000000000000000e+02
2.000000000000000000e+00
7.470000000000000000e+02
3.848000000000000000e+03
4.370000000000000000e+03
4.558000000000000000e+03
4.449000000000000000e+03
3.580000000000000000e+02
7.280000000000000000e+02
9.730000000000000000e+02
2.622000000000000000e+03
6.660000000000000000e+02
2.479000000000000000e+03
2.954000000000000000e+03
3.695000000000000000e+03
2.430000000000000000e+03
3.398000000000000000e+03
4.363000000000000000e+03
3.031000000000000000e+03
4.501000000000000000e+03
4.074000000000000000e+03
2.879000000000000000e+03
3.252000000000000000e+03
4.985000000000000000e+03
3.066000000000000000e+03
1.620000000000000000e+02
9.560000000000000000e+02
4.814000000000000000e+03
3.418000000000000000e+03
5.090000000000000000e+02
1.940000000000000000e+03
4.041000000000000000e+03
2.054000000000000000e+03
2.574000000000000000e+03
1.520000000000000000e+02
1.148000000000000000e+03
5.520000000000000000e+02
4.403000000000000000e+03
3.465000000000000000e+03
3.050000000000000000e+03
1.487000000000000000e+03
3.653000000000000000e+03
3.458000000000000000e+03
1.150000000000000000e+02
4.564000000000000000e+03
4.443000000000000000e+03
1.150000000000000000e+02
2.701000000000000000e+03
2.546000000000000000e+03
3.512000000000000000e+03
3.705000000000000000e+03
1.309000000000000000e+03
4.780000000000000000e+03
8.730000000000000000e+02
4.597000000000000000e+03
3.234000000000000000e+03
1.934000000000000000e+03
4.885000000000000000e+03
4.260000000000000000e+03
7.180000000000000000e+02
1.208000000000000000e+03
1.397000000000000000e+03
3.791000000000000000e+03
4.928000000000000000e+03
3.903000000000000000e+03
2.438000000000000000e+03
3.110000000000000000e+02
1.124000000000000000e+03
3.100000000000000000e+01
2.476000000000000000e+03
4.753000000000000000e+03
3.525000000000000000e+03
1.003000000000000000e+03
4.872000000000000000e+03
4.220000000000000000e+03
4.410000000000000000e+02
2.176000000000000000e+03
3.955000000000000000e+03
4.063000000000000000e+03
3.368000000000000000e+03
1.577000000000000000e+03
1.130000000000000000e+02
4.290000000000000000e+03
3.325000000000000000e+03
2.063000000000000000e+03
3.374000000000000000e+03
6.460000000000000000e+02
3.421000000000000000e+03
5.069000000000000000e+03
1.977000000000000000e+03
2.905000000000000000e+03
4.530000000000000000e+03
2.146000000000000000e+03
3.994000000000000000e+03
1.800000000000000000e+01
4.647000000000000000e+03
1.078000000000000000e+03
1.137000000000000000e+03
2.337000000000000000e+03
2.810000000000000000e+02
1.233000000000000000e+03
1.995000000000000000e+03
6.230000000000000000e+02
2.090000000000000000e+03
1.014000000000000000e+03
5.217000000000000000e+03
2.480000000000000000e+02
4.600000000000000000e+01
3.746000000000000000e+03
4.905000000000000000e+03
4.739000000000000000e+03
4.793000000000000000e+03
2.603000000000000000e+03
2.513000000000000000e+03
2.860000000000000000e+02
1.446000000000000000e+03
4.518000000000000000e+03
2.732000000000000000e+03
4.363000000000000000e+03
1.893000000000000000e+03
6.580000000000000000e+02
2.019000000000000000e+03
1.312000000000000000e+03
8.060000000000000000e+02
4.481000000000000000e+03
4.007000000000000000e+03
3.202000000000000000e+03
4.814000000000000000e+03
4.721000000000000000e+03
1.629000000000000000e+03
1.409000000000000000e+03
4.733000000000000000e+03
3.969000000000000000e+03
1.975000000000000000e+03
1.074000000000000000e+03
3.288000000000000000e+03
3.956000000000000000e+03
1.285000000000000000e+03
1.366000000000000000e+03
3.136000000000000000e+03
4.717000000000000000e+03
8.520000000000000000e+02
1.064000000000000000e+03
5.080000000000000000e+03
5.164000000000000000e+03
2.900000000000000000e+03
4.490000000000000000e+02
3.637000000000000000e+03
1.150000000000000000e+02
4.399000000000000000e+03
4.630000000000000000e+03
3.342000000000000000e+03
5.239000000000000000e+03
4.277000000000000000e+03
3.640000000000000000e+02
3.432000000000000000e+03
8.000000000000000000e+00
8.510000000000000000e+02
1.826000000000000000e+03
5.021000000000000000e+03
5.094000000000000000e+03
4.017000000000000000e+03
4.056000000000000000e+03
2.929000000000000000e+03
3.479000000000000000e+03
8.610000000000000000e+02
5.100000000000000000e+03
1.917000000000000000e+03
1.533000000000000000e+03
1.968000000000000000e+03
4.835000000000000000e+03
2.406000000000000000e+03
1.349000000000000000e+03
3.656000000000000000e+03
5.980000000000000000e+02
4.700000000000000000e+02
2.335000000000000000e+03
4.702000000000000000e+03
2.154000000000000000e+03
1.359000000000000000e+03
4.019000000000000000e+03
4.517000000000000000e+03
3.013000000000000000e+03
5.154000000000000000e+03
3.343000000000000000e+03
6.940000000000000000e+02
5.115000000000000000e+03
1.897000000000000000e+03
3.468000000000000000e+03
1.303000000000000000e+03
2.627000000000000000e+03
2.171000000000000000e+03
2.428000000000000000e+03
2.627000000000000000e+03
1.357000000000000000e+03
3.630000000000000000e+03
1.342000000000000000e+03
1.550000000000000000e+02
1.719000000000000000e+03
1.746000000000000000e+03
3.204000000000000000e+03
4.115000000000000000e+03
4.922000000000000000e+03
8.510000000000000000e+02
2.401000000000000000e+03
3.909000000000000000e+03
3.490000000000000000e+03
2.737000000000000000e+03
2.349000000000000000e+03
3.220000000000000000e+02
2.343000000000000000e+03
2.387000000000000000e+03
1.737000000000000000e+03
1.043000000000000000e+03
1.093000000000000000e+03
1.652000000000000000e+03
8.200000000000000000e+02
2.565000000000000000e+03
1.636000000000000000e+03
8.250000000000000000e+02
4.055000000000000000e+03
4.665000000000000000e+03
2.141000000000000000e+03
1.752000000000000000e+03
3.610000000000000000e+03
3.348000000000000000e+03
9.850000000000000000e+02
1.125000000000000000e+03
1.714000000000000000e+03
4.618000000000000000e+03
3.720000000000000000e+02
8.020000000000000000e+02
3.149000000000000000e+03
1.031000000000000000e+03
3.569000000000000000e+03
3.026000000000000000e+03
1.783000000000000000e+03
5.820000000000000000e+02
2.674000000000000000e+03
4.536000000000000000e+03
2.657000000000000000e+03
4.868000000000000000e+03
4.508000000000000000e+03
3.859000000000000000e+03
4.231000000000000000e+03
4.205000000000000000e+03
5.130000000000000000e+02
2.716000000000000000e+03
2.310000000000000000e+02
2.588000000000000000e+03
6.170000000000000000e+02
1.203000000000000000e+03
3.922000000000000000e+03
3.419000000000000000e+03
4.276000000000000000e+03
2.955000000000000000e+03
2.506000000000000000e+03
5.203000000000000000e+03
2.735000000000000000e+03
5.195000000000000000e+03
1.226000000000000000e+03
3.578000000000000000e+03
4.510000000000000000e+03
4.276000000000000000e+03
6.280000000000000000e+02
2.279000000000000000e+03
4.821000000000000000e+03
1.552000000000000000e+03
2.978000000000000000e+03
2.418000000000000000e+03
4.091000000000000000e+03
1.840000000000000000e+03
2.579000000000000000e+03
9.630000000000000000e+02
1.820000000000000000e+02
3.910000000000000000e+03
1.105000000000000000e+03
2.723000000000000000e+03
4.120000000000000000e+02
4.045000000000000000e+03
7.830000000000000000e+02
2.761000000000000000e+03
4.946000000000000000e+03
5.034000000000000000e+03
7.580000000000000000e+02
2.036000000000000000e+03
4.081000000000000000e+03
6.850000000000000000e+02
2.477000000000000000e+03
1.529000000000000000e+03
4.118000000000000000e+03
4.413000000000000000e+03
3.734000000000000000e+03
1.088000000000000000e+03
4.610000000000000000e+02
3.699000000000000000e+03
5.075000000000000000e+03
4.063000000000000000e+03
2.236000000000000000e+03
4.274000000000000000e+03
3.805000000000000000e+03
2.347000000000000000e+03
4.182000000000000000e+03
3.294000000000000000e+03
3.412000000000000000e+03
2.088000000000000000e+03
3.177000000000000000e+03
1.222000000000000000e+03
3.895000000000000000e+03
4.201000000000000000e+03
1.686000000000000000e+03
3.440000000000000000e+02
2.102000000000000000e+03
4.531000000000000000e+03
8.110000000000000000e+02
3.983000000000000000e+03
3.084000000000000000e+03
4.220000000000000000e+03
1.215000000000000000e+03
4.155000000000000000e+03
1.359000000000000000e+03
1.277000000000000000e+03
2.774000000000000000e+03
2.303000000000000000e+03
3.962000000000000000e+03
7.110000000000000000e+02
4.146000000000000000e+03
1.953000000000000000e+03
2.324000000000000000e+03
1.540000000000000000e+02
3.432000000000000000e+03
1.546000000000000000e+03
3.288000000000000000e+03
1.400000000000000000e+01
2.649000000000000000e+03
3.399000000000000000e+03
9.070000000000000000e+02
6.610000000000000000e+02
1.204000000000000000e+03
3.205000000000000000e+03
3.358000000000000000e+03
1.142000000000000000e+03
5.094000000000000000e+03
7.860000000000000000e+02
2.920000000000000000e+02
3.262000000000000000e+03
1.958000000000000000e+03
4.049000000000000000e+03
2.086000000000000000e+03
6.580000000000000000e+02
4.901000000000000000e+03
2.954000000000000000e+03
4.597000000000000000e+03
4.775000000000000000e+03
2.438000000000000000e+03
4.720000000000000000e+03
1.880000000000000000e+03
4.535000000000000000e+03
1.142000000000000000e+03
2.826000000000000000e+03
4.998000000000000000e+03
4.942000000000000000e+03
1.909000000000000000e+03
4.303000000000000000e+03
3.710000000000000000e+02
3.936000000000000000e+03
4.168000000000000000e+03
3.530000000000000000e+03
1.208000000000000000e+03
3.894000000000000000e+03
3.551000000000000000e+03
1.912000000000000000e+03
4.174000000000000000e+03
3.842000000000000000e+03
4.450000000000000000e+02
3.477000000000000000e+03
2.187000000000000000e+03
2.306000000000000000e+03
2.826000000000000000e+03
2.476000000000000000e+03
1.173000000000000000e+03
3.112000000000000000e+03
3.441000000000000000e+03
2.202000000000000000e+03
2.607000000000000000e+03
1.586000000000000000e+03
4.193000000000000000e+03
3.763000000000000000e+03
4.866000000000000000e+03
4.601000000000000000e+03
2.337000000000000000e+03
3.719000000000000000e+03
6.430000000000000000e+02
5.025000000000000000e+03
2.059000000000000000e+03
3.690000000000000000e+02
3.151000000000000000e+03
2.888000000000000000e+03
2.355000000000000000e+03
4.379000000000000000e+03
1.693000000000000000e+03
3.155000000000000000e+03
1.692000000000000000e+03
5.290000000000000000e+02
4.275000000000000000e+03
1.696000000000000000e+03
3.182000000000000000e+03
3.535000000000000000e+03
4.520000000000000000e+03
1.960000000000000000e+02
6.200000000000000000e+02
3.728000000000000000e+03
1.557000000000000000e+03
2.097000000000000000e+03
3.337000000000000000e+03
1.353000000000000000e+03
4.363000000000000000e+03
1.640000000000000000e+02
1.225000000000000000e+03
2.620000000000000000e+02
1.344000000000000000e+03
4.517000000000000000e+03
1.121000000000000000e+03
3.642000000000000000e+03
4.660000000000000000e+02
2.187000000000000000e+03
3.996000000000000000e+03
4.985000000000000000e+03
3.042000000000000000e+03
1.977000000000000000e+03
4.765000000000000000e+03
2.373000000000000000e+03
2.599000000000000000e+03
2.137000000000000000e+03
3.658000000000000000e+03
3.496000000000000000e+03
1.415000000000000000e+03
5.219000000000000000e+03
5.006000000000000000e+03
4.937000000000000000e+03
2.022000000000000000e+03
7.890000000000000000e+02
2.768000000000000000e+03
3.250000000000000000e+02
3.660000000000000000e+02
1.302000000000000000e+03
2.697000000000000000e+03
3.776000000000000000e+03
4.540000000000000000e+03
1.760000000000000000e+03
9.730000000000000000e+02
4.299000000000000000e+03
2.760000000000000000e+03
1.630000000000000000e+03
3.570000000000000000e+02
1.774000000000000000e+03
1.842000000000000000e+03
2.970000000000000000e+03
2.324000000000000000e+03
4.809000000000000000e+03
2.251000000000000000e+03
4.935000000000000000e+03
1.258000000000000000e+03
1.356000000000000000e+03
5.177000000000000000e+03
4.440000000000000000e+03
8.170000000000000000e+02
4.632000000000000000e+03
4.207000000000000000e+03
4.825000000000000000e+03
3.803000000000000000e+03
2.344000000000000000e+03
4.131000000000000000e+03
1.906000000000000000e+03
1.784000000000000000e+03
3.983000000000000000e+03
9.620000000000000000e+02
2.875000000000000000e+03
3.803000000000000000e+03
4.024000000000000000e+03
3.222000000000000000e+03
2.816000000000000000e+03
4.512000000000000000e+03
4.736000000000000000e+03
2.265000000000000000e+03
1.820000000000000000e+02
1.154000000000000000e+03
4.359000000000000000e+03
1.820000000000000000e+02
2.452000000000000000e+03
3.762000000000000000e+03
4.088000000000000000e+03
8.580000000000000000e+02
2.005000000000000000e+03
4.442000000000000000e+03
3.281000000000000000e+03
2.344000000000000000e+03
2.873000000000000000e+03
4.557000000000000000e+03
1.682000000000000000e+03
2.830000000000000000e+03
2.920000000000000000e+03
1.410000000000000000e+03
5.057000000000000000e+03
2.586000000000000000e+03
6.120000000000000000e+02
1.630000000000000000e+03
1.956000000000000000e+03
2.997000000000000000e+03
7.390000000000000000e+02
2.345000000000000000e+03
3.282000000000000000e+03
2.622000000000000000e+03
1.533000000000000000e+03
3.465000000000000000e+03
2.780000000000000000e+03
3.135000000000000000e+03
3.482000000000000000e+03
1.425000000000000000e+03
1.501000000000000000e+03
2.210000000000000000e+03
1.972000000000000000e+03
3.933000000000000000e+03
4.005000000000000000e+03
3.009000000000000000e+03
4.600000000000000000e+03
1.640000000000000000e+02
3.335000000000000000e+03
4.162000000000000000e+03
2.664000000000000000e+03
2.355000000000000000e+03
3.366000000000000000e+03
3.459000000000000000e+03
1.750000000000000000e+02
5.121000000000000000e+03
7.630000000000000000e+02
2.654000000000000000e+03
2.253000000000000000e+03
2.471000000000000000e+03
1.460000000000000000e+03
4.585000000000000000e+03
2.070000000000000000e+03
4.010000000000000000e+02
2.315000000000000000e+03
4.091000000000000000e+03
1.020000000000000000e+03
1.253000000000000000e+03
3.889000000000000000e+03
1.248000000000000000e+03
4.273000000000000000e+03
1.236000000000000000e+03
4.179000000000000000e+03
4.824000000000000000e+03
3.073000000000000000e+03
3.621000000000000000e+03
3.025000000000000000e+03
3.928000000000000000e+03
1.550000000000000000e+03
2.178000000000000000e+03
4.450000000000000000e+03
2.430000000000000000e+03
2.094000000000000000e+03
1.059000000000000000e+03
4.370000000000000000e+02
2.538000000000000000e+03
4.381000000000000000e+03
3.134000000000000000e+03
2.636000000000000000e+03
2.088000000000000000e+03
1.685000000000000000e+03
4.580000000000000000e+02
3.061000000000000000e+03
4.910000000000000000e+03
3.970000000000000000e+02
2.600000000000000000e+01
1.150000000000000000e+02
2.893000000000000000e+03
2.625000000000000000e+03
3.592000000000000000e+03
3.853000000000000000e+03
1.107000000000000000e+03
4.376000000000000000e+03
3.012000000000000000e+03
2.768000000000000000e+03
4.444000000000000000e+03
3.798000000000000000e+03
9.890000000000000000e+02
2.450000000000000000e+02
2.893000000000000000e+03
1.632000000000000000e+03
1.425000000000000000e+03
5.076000000000000000e+03
8.710000000000000000e+02
9.500000000000000000e+01
1.524000000000000000e+03
1.873000000000000000e+03
2.378000000000000000e+03
1.284000000000000000e+03
1.593000000000000000e+03
1.438000000000000000e+03
2.094000000000000000e+03
2.440000000000000000e+02
4.122000000000000000e+03
1.447000000000000000e+03
1.057000000000000000e+03
4.320000000000000000e+03
4.704000000000000000e+03
1.540000000000000000e+02
5.171000000000000000e+03
5.209000000000000000e+03
3.705000000000000000e+03
2.230000000000000000e+03
5.110000000000000000e+03
4.174000000000000000e+03
1.114000000000000000e+03
3.818000000000000000e+03
4.605000000000000000e+03
6.780000000000000000e+02
3.011000000000000000e+03
3.779000000000000000e+03
4.536000000000000000e+03
5.670000000000000000e+02
6.730000000000000000e+02
4.704000000000000000e+03
4.024000000000000000e+03
4.046000000000000000e+03
5.093000000000000000e+03
2.517000000000000000e+03
4.472000000000000000e+03
1.129000000000000000e+03
1.120000000000000000e+02
2.182000000000000000e+03
2.280000000000000000e+03
4.414000000000000000e+03
1.272000000000000000e+03
1.840000000000000000e+03
2.997000000000000000e+03
4.868000000000000000e+03
1.197000000000000000e+03
4.322000000000000000e+03
3.007000000000000000e+03
2.150000000000000000e+03
1.882000000000000000e+03
4.932000000000000000e+03
4.334000000000000000e+03
2.253000000000000000e+03
4.073000000000000000e+03
3.026000000000000000e+03
2.028000000000000000e+03
6.400000000000000000e+01
1.172000000000000000e+03
3.612000000000000000e+03
3.411000000000000000e+03
2.530000000000000000e+03
8.000000000000000000e+02
9.100000000000000000e+01
2.924000000000000000e+03
5.350000000000000000e+02
3.785000000000000000e+03
2.053000000000000000e+03
1.290000000000000000e+02
3.761000000000000000e+03
4.655000000000000000e+03
1.572000000000000000e+03
1.062000000000000000e+03
1.194000000000000000e+03
2.543000000000000000e+03
1.928000000000000000e+03
3.368000000000000000e+03
5.107000000000000000e+03
3.701000000000000000e+03
4.254000000000000000e+03
3.496000000000000000e+03
5.930000000000000000e+02
3.683000000000000000e+03
2.723000000000000000e+03
4.008000000000000000e+03
1.976000000000000000e+03
2.711000000000000000e+03
8.890000000000000000e+02
3.802000000000000000e+03
2.573000000000000000e+03
2.719000000000000000e+03
2.850000000000000000e+03
5.171000000000000000e+03
4.492000000000000000e+03
1.839000000000000000e+03
4.054000000000000000e+03
1.042000000000000000e+03
4.974000000000000000e+03
3.515000000000000000e+03
1.782000000000000000e+03
3.573000000000000000e+03
2.277000000000000000e+03
1.923000000000000000e+03
1.840000000000000000e+02
4.871000000000000000e+03
1.377000000000000000e+03
1.830000000000000000e+02
4.373000000000000000e+03
3.101000000000000000e+03
3.066000000000000000e+03
6.600000000000000000e+02
1.889000000000000000e+03
3.273000000000000000e+03
1.056000000000000000e+03
4.890000000000000000e+02
1.490000000000000000e+02
3.069000000000000000e+03
2.143000000000000000e+03
1.800000000000000000e+02
1.909000000000000000e+03
3.688000000000000000e+03
4.734000000000000000e+03
3.740000000000000000e+02
4.996000000000000000e+03
2.637000000000000000e+03
4.678000000000000000e+03
4.877000000000000000e+03
9.490000000000000000e+02
1.674000000000000000e+03
1.046000000000000000e+03
3.771000000000000000e+03
1.546000000000000000e+03
4.961000000000000000e+03
5.600000000000000000e+01
4.384000000000000000e+03
6.120000000000000000e+02
1.319000000000000000e+03
2.116000000000000000e+03
3.429000000000000000e+03
4.961000000000000000e+03
3.776000000000000000e+03
1.100000000000000000e+01
2.134000000000000000e+03
8.070000000000000000e+02
3.607000000000000000e+03
2.948000000000000000e+03
1.400000000000000000e+03
4.065000000000000000e+03
4.218000000000000000e+03
2.392000000000000000e+03
1.687000000000000000e+03
2.268000000000000000e+03
3.447000000000000000e+03
2.723000000000000000e+03
2.385000000000000000e+03
3.619000000000000000e+03
4.350000000000000000e+02
3.800000000000000000e+02
1.190000000000000000e+03
1.337000000000000000e+03
2.413000000000000000e+03
4.584000000000000000e+03
3.417000000000000000e+03
1.880000000000000000e+03
5.137000000000000000e+03
1.519000000000000000e+03
1.117000000000000000e+03
2.759000000000000000e+03
1.659000000000000000e+03
1.667000000000000000e+03
3.275000000000000000e+03
2.482000000000000000e+03
1.210000000000000000e+02
1.832000000000000000e+03
2.909000000000000000e+03
3.159000000000000000e+03
1.212000000000000000e+03
4.783000000000000000e+03
2.546000000000000000e+03
4.025000000000000000e+03
4.008000000000000000e+03
4.793000000000000000e+03
2.852000000000000000e+03
1.239000000000000000e+03
4.192000000000000000e+03
2.710000000000000000e+03
3.136000000000000000e+03
3.790000000000000000e+03
4.009000000000000000e+03
1.686000000000000000e+03
1.048000000000000000e+03
1.882000000000000000e+03
2.007000000000000000e+03
3.420000000000000000e+03
1.593000000000000000e+03
8.580000000000000000e+02
4.827000000000000000e+03
3.829000000000000000e+03
2.730000000000000000e+03
2.523000000000000000e+03
4.267000000000000000e+03
4.744000000000000000e+03
6.040000000000000000e+02
3.467000000000000000e+03
1.945000000000000000e+03
4.487000000000000000e+03
1.923000000000000000e+03
3.032000000000000000e+03
3.207000000000000000e+03
2.291000000000000000e+03
1.591000000000000000e+03
4.562000000000000000e+03
1.258000000000000000e+03
9.830000000000000000e+02
7.600000000000000000e+02
2.753000000000000000e+03
2.973000000000000000e+03
2.563000000000000000e+03
8.340000000000000000e+02
3.345000000000000000e+03
1.958000000000000000e+03
2.122000000000000000e+03
9.450000000000000000e+02
1.932000000000000000e+03
3.501000000000000000e+03
1.289000000000000000e+03
1.058000000000000000e+03
2.732000000000000000e+03
3.730000000000000000e+03
4.091000000000000000e+03
4.089000000000000000e+03
1.157000000000000000e+03
2.810000000000000000e+03
3.028000000000000000e+03
3.548000000000000000e+03
4.227000000000000000e+03
3.859000000000000000e+03
1.360000000000000000e+02
1.847000000000000000e+03
4.903000000000000000e+03
2.404000000000000000e+03
4.700000000000000000e+02
2.444000000000000000e+03
1.350000000000000000e+03
7.220000000000000000e+02
2.718000000000000000e+03
9.720000000000000000e+02
1.470000000000000000e+02
4.970000000000000000e+03
4.595000000000000000e+03
4.101000000000000000e+03
4.574000000000000000e+03
4.865000000000000000e+03
3.535000000000000000e+03
1.415000000000000000e+03
2.349000000000000000e+03
2.397000000000000000e+03
2.299000000000000000e+03
4.797000000000000000e+03
3.265000000000000000e+03
5.071000000000000000e+03
4.262000000000000000e+03
4.185000000000000000e+03
2.577000000000000000e+03
5.159000000000000000e+03
3.830000000000000000e+03
1.887000000000000000e+03
6.660000000000000000e+02
5.450000000000000000e+02
4.845000000000000000e+03
1.217000000000000000e+03
4.858000000000000000e+03
2.430000000000000000e+03
5.199000000000000000e+03
3.582000000000000000e+03
1.906000000000000000e+03
2.212000000000000000e+03
8.000000000000000000e+01
3.081000000000000000e+03
8.010000000000000000e+02
5.086000000000000000e+03
2.203000000000000000e+03
6.550000000000000000e+02
2.985000000000000000e+03
3.112000000000000000e+03
5.052000000000000000e+03
4.282000000000000000e+03
3.415000000000000000e+03
5.550000000000000000e+02
3.746000000000000000e+03
2.278000000000000000e+03
1.720000000000000000e+02
3.464000000000000000e+03
1.063000000000000000e+03
3.977000000000000000e+03
5.100000000000000000e+02
4.087000000000000000e+03
3.550000000000000000e+03
2.804000000000000000e+03
3.960000000000000000e+02
1.545000000000000000e+03
2.015000000000000000e+03
4.097000000000000000e+03
2.091000000000000000e+03
1.632000000000000000e+03
2.065000000000000000e+03
5.218000000000000000e+03
1.505000000000000000e+03
4.051000000000000000e+03
2.067000000000000000e+03
2.144000000000000000e+03
2.730000000000000000e+03
8.570000000000000000e+02
3.198000000000000000e+03
4.858000000000000000e+03
5.790000000000000000e+02
2.542000000000000000e+03
4.574000000000000000e+03
5.185000000000000000e+03
3.943000000000000000e+03
7.390000000000000000e+02
1.626000000000000000e+03
4.386000000000000000e+03
3.418000000000000000e+03
3.311000000000000000e+03
5.199000000000000000e+03
4.495000000000000000e+03
8.480000000000000000e+02
1.755000000000000000e+03
4.637000000000000000e+03
1.882000000000000000e+03
7.690000000000000000e+02
3.994000000000000000e+03
2.790000000000000000e+02
3.561000000000000000e+03
6.520000000000000000e+02
2.779000000000000000e+03
3.800000000000000000e+01
9.630000000000000000e+02
3.399000000000000000e+03
3.876000000000000000e+03
3.469000000000000000e+03
4.035000000000000000e+03
4.490000000000000000e+02
1.364000000000000000e+03
4.701000000000000000e+03
1.784000000000000000e+03
3.435000000000000000e+03
2.470000000000000000e+03
9.100000000000000000e+02
2.138000000000000000e+03
2.308000000000000000e+03
1.343000000000000000e+03
4.517000000000000000e+03
2.934000000000000000e+03
2.402000000000000000e+03
1.339000000000000000e+03
1.999000000000000000e+03
1.000000000000000000e+02
4.482000000000000000e+03
1.623000000000000000e+03
7.810000000000000000e+02
2.060000000000000000e+03
2.190000000000000000e+02
2.781000000000000000e+03
3.886000000000000000e+03
2.409000000000000000e+03
2.240000000000000000e+02
7.420000000000000000e+02
5.100000000000000000e+01
8.610000000000000000e+02
3.570000000000000000e+02
2.793000000000000000e+03
7.090000000000000000e+02
1.535000000000000000e+03
2.449000000000000000e+03
5.950000000000000000e+02
1.367000000000000000e+03
2.299000000000000000e+03
4.985000000000000000e+03
4.190000000000000000e+03
1.868000000000000000e+03
1.756000000000000000e+03
2.615000000000000000e+03
3.422000000000000000e+03
4.218000000000000000e+03
1.189000000000000000e+03
2.142000000000000000e+03
9.900000000000000000e+02
6.960000000000000000e+02
1.330000000000000000e+03
3.492000000000000000e+03
3.539000000000000000e+03
3.782000000000000000e+03
3.697000000000000000e+03
3.830000000000000000e+02
1.181000000000000000e+03
3.468000000000000000e+03
4.861000000000000000e+03
2.442000000000000000e+03
2.635000000000000000e+03
1.448000000000000000e+03
2.700000000000000000e+03
4.152000000000000000e+03
2.167000000000000000e+03
3.978000000000000000e+03
4.656000000000000000e+03
4.609000000000000000e+03
5.051000000000000000e+03
4.972000000000000000e+03
5.114000000000000000e+03
1.791000000000000000e+03
1.590000000000000000e+03
1.124000000000000000e+03
2.944000000000000000e+03
3.024000000000000000e+03
1.561000000000000000e+03
7.970000000000000000e+02
5.105000000000000000e+03
1.403000000000000000e+03
4.054000000000000000e+03
4.506000000000000000e+03
3.661000000000000000e+03
2.608000000000000000e+03
1.081000000000000000e+03
2.870000000000000000e+02
3.167000000000000000e+03
8.250000000000000000e+02
1.606000000000000000e+03
3.169000000000000000e+03
1.290000000000000000e+02
3.311000000000000000e+03
2.141000000000000000e+03
5.320000000000000000e+02
3.813000000000000000e+03
3.229000000000000000e+03
1.347000000000000000e+03
7.640000000000000000e+02
2.793000000000000000e+03
3.910000000000000000e+02
1.774000000000000000e+03
4.740000000000000000e+03
1.630000000000000000e+02
2.773000000000000000e+03
5.330000000000000000e+02
2.135000000000000000e+03
4.231000000000000000e+03
3.325000000000000000e+03
2.120000000000000000e+03
4.847000000000000000e+03
2.498000000000000000e+03
2.550000000000000000e+03
2.418000000000000000e+03
1.206000000000000000e+03
4.351000000000000000e+03
2.222000000000000000e+03
5.020000000000000000e+02
4.544000000000000000e+03
2.811000000000000000e+03
2.499000000000000000e+03
3.866000000000000000e+03
2.852000000000000000e+03
9.310000000000000000e+02
2.191000000000000000e+03
4.219000000000000000e+03
3.775000000000000000e+03
4.390000000000000000e+02
4.690000000000000000e+02
2.933000000000000000e+03
3.996000000000000000e+03
1.196000000000000000e+03
4.550000000000000000e+02
3.206000000000000000e+03
2.400000000000000000e+02
4.991000000000000000e+03
3.568000000000000000e+03
7.450000000000000000e+02
2.992000000000000000e+03
5.170000000000000000e+03
5.081000000000000000e+03
2.970000000000000000e+03
2.659000000000000000e+03
2.470000000000000000e+03
3.194000000000000000e+03
6.980000000000000000e+02
4.720000000000000000e+03
1.189000000000000000e+03
2.058000000000000000e+03
5.007000000000000000e+03
2.403000000000000000e+03
3.155000000000000000e+03
4.876000000000000000e+03
2.133000000000000000e+03
3.236000000000000000e+03
4.506000000000000000e+03
5.990000000000000000e+02
3.337000000000000000e+03
3.930000000000000000e+02
6.470000000000000000e+02
4.016000000000000000e+03
4.078000000000000000e+03
4.368000000000000000e+03
3.269000000000000000e+03
2.731000000000000000e+03
4.297000000000000000e+03
1.182000000000000000e+03
3.864000000000000000e+03
4.139000000000000000e+03
9.370000000000000000e+02
7.400000000000000000e+02
3.613000000000000000e+03
3.160000000000000000e+02
4.460000000000000000e+03
9.770000000000000000e+02
3.141000000000000000e+03
3.483000000000000000e+03
2.442000000000000000e+03
4.164000000000000000e+03
3.446000000000000000e+03
2.456000000000000000e+03
1.390000000000000000e+02
1.968000000000000000e+03
3.143000000000000000e+03
3.556000000000000000e+03
1.725000000000000000e+03
4.990000000000000000e+03
2.181000000000000000e+03
2.954000000000000000e+03
1.813000000000000000e+03
2.855000000000000000e+03
3.091000000000000000e+03
1.025000000000000000e+03
3.363000000000000000e+03
3.909000000000000000e+03
1.674000000000000000e+03
2.723000000000000000e+03
8.450000000000000000e+02
2.660000000000000000e+02
3.020000000000000000e+03
5.149000000000000000e+03
4.445000000000000000e+03
4.740000000000000000e+03
4.568000000000000000e+03
9.300000000000000000e+01
5.098000000000000000e+03
4.585000000000000000e+03
4.677000000000000000e+03
5.171000000000000000e+03
4.691000000000000000e+03
3.765000000000000000e+03
1.310000000000000000e+03
5.510000000000000000e+02
1.923000000000000000e+03
1.279000000000000000e+03
1.054000000000000000e+03
4.929000000000000000e+03
2.262000000000000000e+03
1.586000000000000000e+03
9.890000000000000000e+02
1.814000000000000000e+03
5.231000000000000000e+03
2.300000000000000000e+03
7.460000000000000000e+02
1.391000000000000000e+03
4.200000000000000000e+03
4.361000000000000000e+03
1.494000000000000000e+03
5.128000000000000000e+03
4.922000000000000000e+03
3.450000000000000000e+03
2.060000000000000000e+03
2.413000000000000000e+03
2.029000000000000000e+03
4.472000000000000000e+03
1.340000000000000000e+02
4.190000000000000000e+02
1.131000000000000000e+03
2.650000000000000000e+02
3.464000000000000000e+03
3.752000000000000000e+03
5.088000000000000000e+03
4.233000000000000000e+03
4.470000000000000000e+02
4.024000000000000000e+03
3.591000000000000000e+03
5.208000000000000000e+03
3.456000000000000000e+03
4.520000000000000000e+03
4.746000000000000000e+03
5.185000000000000000e+03
1.008000000000000000e+03
3.158000000000000000e+03
4.744000000000000000e+03
6.980000000000000000e+02
1.145000000000000000e+03
2.886000000000000000e+03
7.970000000000000000e+02
3.133000000000000000e+03
2.678000000000000000e+03
2.690000000000000000e+03
3.657000000000000000e+03
6.970000000000000000e+02
4.198000000000000000e+03
4.043000000000000000e+03
1.746000000000000000e+03
3.009000000000000000e+03
3.711000000000000000e+03
2.779000000000000000e+03
3.852000000000000000e+03
4.718000000000000000e+03
2.200000000000000000e+03
4.100000000000000000e+03
1.960000000000000000e+02
2.062000000000000000e+03
3.063000000000000000e+03
4.426000000000000000e+03
7.200000000000000000e+02
5.212000000000000000e+03
1.040000000000000000e+03
5.000000000000000000e+01
4.518000000000000000e+03
6.190000000000000000e+02
5.080000000000000000e+03
4.963000000000000000e+03
4.150000000000000000e+02
3.430000000000000000e+03
1.446000000000000000e+03
1.194000000000000000e+03
8.370000000000000000e+02
4.510000000000000000e+03
5.300000000000000000e+01
4.512000000000000000e+03
3.960000000000000000e+03
4.053000000000000000e+03
2.839000000000000000e+03
1.116000000000000000e+03
4.722000000000000000e+03
4.395000000000000000e+03
2.222000000000000000e+03
4.101000000000000000e+03
1.016000000000000000e+03
3.571000000000000000e+03
1.069000000000000000e+03
4.561000000000000000e+03
2.208000000000000000e+03
5.189000000000000000e+03
7.420000000000000000e+02
3.315000000000000000e+03
2.954000000000000000e+03
5.093000000000000000e+03
3.649000000000000000e+03
1.088000000000000000e+03
7.830000000000000000e+02
1.511000000000000000e+03
1.818000000000000000e+03
2.168000000000000000e+03
1.551000000000000000e+03
2.845000000000000000e+03
3.704000000000000000e+03
7.820000000000000000e+02
2.309000000000000000e+03
3.960000000000000000e+02
3.330000000000000000e+02
6.670000000000000000e+02
1.410000000000000000e+03
3.479000000000000000e+03
5.121000000000000000e+03
4.133000000000000000e+03
2.024000000000000000e+03
4.250000000000000000e+03
2.382000000000000000e+03
2.167000000000000000e+03
2.508000000000000000e+03
7.260000000000000000e+02
1.845000000000000000e+03
1.639000000000000000e+03
5.110000000000000000e+02
2.917000000000000000e+03
3.966000000000000000e+03
2.250000000000000000e+02
2.863000000000000000e+03
4.800000000000000000e+03
2.394000000000000000e+03
4.781000000000000000e+03
3.581000000000000000e+03
8.530000000000000000e+02
5.107000000000000000e+03
3.407000000000000000e+03
1.900000000000000000e+02
1.577000000000000000e+03
9.160000000000000000e+02
5.159000000000000000e+03
2.974000000000000000e+03
1.930000000000000000e+02
5.023000000000000000e+03
3.500000000000000000e+03
3.967000000000000000e+03
1.200000000000000000e+03
2.418000000000000000e+03
3.190000000000000000e+02
3.138000000000000000e+03
5.095000000000000000e+03
4.926000000000000000e+03
2.314000000000000000e+03
2.500000000000000000e+03
3.004000000000000000e+03
4.771000000000000000e+03
1.799000000000000000e+03
1.654000000000000000e+03
2.700000000000000000e+03
5.149000000000000000e+03
2.924000000000000000e+03
2.343000000000000000e+03
1.329000000000000000e+03
1.984000000000000000e+03
3.133000000000000000e+03
2.111000000000000000e+03
5.071000000000000000e+03
2.917000000000000000e+03
3.830000000000000000e+03
4.850000000000000000e+02
9.790000000000000000e+02
2.866000000000000000e+03
1.784000000000000000e+03
4.158000000000000000e+03
8.890000000000000000e+02
3.675000000000000000e+03
4.760000000000000000e+03
4.085000000000000000e+03
1.782000000000000000e+03
7.490000000000000000e+02
2.150000000000000000e+02
4.331000000000000000e+03
2.056000000000000000e+03
3.588000000000000000e+03
6.770000000000000000e+02
1.850000000000000000e+02
6.400000000000000000e+02
4.066000000000000000e+03
2.574000000000000000e+03
3.045000000000000000e+03
3.350000000000000000e+02
4.640000000000000000e+03
2.059000000000000000e+03
4.837000000000000000e+03
4.941000000000000000e+03
3.155000000000000000e+03
5.200000000000000000e+03
2.740000000000000000e+02
5.060000000000000000e+02
3.617000000000000000e+03
2.902000000000000000e+03
9.720000000000000000e+02
3.196000000000000000e+03
4.981000000000000000e+03
1.089000000000000000e+03
5.074000000000000000e+03
2.315000000000000000e+03
2.214000000000000000e+03
2.571000000000000000e+03
4.186000000000000000e+03
3.548000000000000000e+03
2.889000000000000000e+03
2.548000000000000000e+03
1.766000000000000000e+03
2.654000000000000000e+03
2.926000000000000000e+03
8.240000000000000000e+02
3.998000000000000000e+03
4.120000000000000000e+03
2.028000000000000000e+03
4.020000000000000000e+02
9.240000000000000000e+02
3.456000000000000000e+03
1.708000000000000000e+03
3.747000000000000000e+03
3.022000000000000000e+03
3.743000000000000000e+03
2.344000000000000000e+03
3.839000000000000000e+03
4.638000000000000000e+03
7.210000000000000000e+02
4.230000000000000000e+03
1.628000000000000000e+03
3.025000000000000000e+03
2.110000000000000000e+02
4.913000000000000000e+03
4.260000000000000000e+03
1.648000000000000000e+03
3.180000000000000000e+02
1.839000000000000000e+03
4.782000000000000000e+03
3.975000000000000000e+03
1.571000000000000000e+03
3.169000000000000000e+03
3.080000000000000000e+03
4.320000000000000000e+02
2.178000000000000000e+03
2.842000000000000000e+03
1.180000000000000000e+02
4.155000000000000000e+03
2.718000000000000000e+03
2.613000000000000000e+03
2.083000000000000000e+03
5.066000000000000000e+03
3.080000000000000000e+02
5.145000000000000000e+03
4.007000000000000000e+03
3.527000000000000000e+03
1.050000000000000000e+02
6.790000000000000000e+02
3.611000000000000000e+03
2.110000000000000000e+02
3.815000000000000000e+03
1.487000000000000000e+03
4.498000000000000000e+03
1.993000000000000000e+03
4.092000000000000000e+03
3.757000000000000000e+03
1.006000000000000000e+03
1.116000000000000000e+03
9.600000000000000000e+01
9.900000000000000000e+02
3.143000000000000000e+03
4.410000000000000000e+03
3.837000000000000000e+03
3.480000000000000000e+03
4.179000000000000000e+03
4.360000000000000000e+03
1.113000000000000000e+03
4.107000000000000000e+03
1.425000000000000000e+03
2.136000000000000000e+03
4.434000000000000000e+03
4.493000000000000000e+03
1.799000000000000000e+03
1.262000000000000000e+03
4.950000000000000000e+02
3.753000000000000000e+03
4.119000000000000000e+03
1.421000000000000000e+03
4.303000000000000000e+03
3.687000000000000000e+03
8.130000000000000000e+02
3.752000000000000000e+03
7.730000000000000000e+02
1.858000000000000000e+03
2.658000000000000000e+03
4.791000000000000000e+03
2.842000000000000000e+03
4.076000000000000000e+03
5.126000000000000000e+03
2.385000000000000000e+03
1.306000000000000000e+03
4.638000000000000000e+03
3.030000000000000000e+03
3.133000000000000000e+03
3.081000000000000000e+03
3.275000000000000000e+03
6.030000000000000000e+02
1.666000000000000000e+03
5.219000000000000000e+03
4.810000000000000000e+03
3.929000000000000000e+03
1.345000000000000000e+03
3.504000000000000000e+03
2.960000000000000000e+03
1.632000000000000000e+03
3.319000000000000000e+03
1.825000000000000000e+03
4.455000000000000000e+03
9.540000000000000000e+02
5.166000000000000000e+03
4.310000000000000000e+03
2.780000000000000000e+02
5.170000000000000000e+02
5.111000000000000000e+03
7.950000000000000000e+02
5.180000000000000000e+03
1.882000000000000000e+03
2.571000000000000000e+03
2.186000000000000000e+03
1.170000000000000000e+02
1.980000000000000000e+02
6.930000000000000000e+02
1.997000000000000000e+03
3.789000000000000000e+03
3.295000000000000000e+03
2.770000000000000000e+03
1.606000000000000000e+03
4.119000000000000000e+03
2.501000000000000000e+03
2.498000000000000000e+03
1.403000000000000000e+03
3.526000000000000000e+03
1.916000000000000000e+03
4.523000000000000000e+03
2.983000000000000000e+03
9.390000000000000000e+02
2.214000000000000000e+03
4.477000000000000000e+03
2.340000000000000000e+02
2.089000000000000000e+03
3.189000000000000000e+03
1.540000000000000000e+02
4.120000000000000000e+02
4.930000000000000000e+02
2.577000000000000000e+03
2.140000000000000000e+02
2.231000000000000000e+03
4.055000000000000000e+03
3.729000000000000000e+03
3.686000000000000000e+03
2.725000000000000000e+03
1.928000000000000000e+03
3.039000000000000000e+03
5.180000000000000000e+03
3.097000000000000000e+03
2.430000000000000000e+03
4.814000000000000000e+03
2.022000000000000000e+03
2.719000000000000000e+03
3.909000000000000000e+03
4.623000000000000000e+03
4.523000000000000000e+03
1.776000000000000000e+03
3.716000000000000000e+03
2.026000000000000000e+03
4.394000000000000000e+03
2.772000000000000000e+03
2.210000000000000000e+02
1.072000000000000000e+03
2.730000000000000000e+03
8.370000000000000000e+02
4.900000000000000000e+03
4.894000000000000000e+03
1.611000000000000000e+03
3.720000000000000000e+03
1.853000000000000000e+03
2.012000000000000000e+03
1.129000000000000000e+03
1.336000000000000000e+03
4.084000000000000000e+03
1.683000000000000000e+03
2.339000000000000000e+03
3.074000000000000000e+03
2.839000000000000000e+03
4.753000000000000000e+03
5.199000000000000000e+03
3.172000000000000000e+03
2.524000000000000000e+03
2.911000000000000000e+03
4.998000000000000000e+03
2.986000000000000000e+03
4.515000000000000000e+03
3.371000000000000000e+03
2.798000000000000000e+03
2.121000000000000000e+03
2.105000000000000000e+03
5.228000000000000000e+03
1.455000000000000000e+03
3.928000000000000000e+03
1.457000000000000000e+03
1.091000000000000000e+03
1.667000000000000000e+03
8.270000000000000000e+02
1.064000000000000000e+03
1.865000000000000000e+03
3.680000000000000000e+02
4.509000000000000000e+03
4.155000000000000000e+03
3.146000000000000000e+03
3.458000000000000000e+03
1.153000000000000000e+03
8.680000000000000000e+02
1.535000000000000000e+03
2.600000000000000000e+01
3.544000000000000000e+03
2.878000000000000000e+03
4.012000000000000000e+03
4.766000000000000000e+03
2.446000000000000000e+03
3.544000000000000000e+03
1.562000000000000000e+03
2.796000000000000000e+03
2.549000000000000000e+03
4.627000000000000000e+03
4.928000000000000000e+03
4.120000000000000000e+03
9.020000000000000000e+02
4.863000000000000000e+03
4.385000000000000000e+03
2.851000000000000000e+03
4.793000000000000000e+03
4.780000000000000000e+03
3.596000000000000000e+03
5.011000000000000000e+03
2.165000000000000000e+03
3.170000000000000000e+02
2.152000000000000000e+03
4.470000000000000000e+02
3.106000000000000000e+03
1.280000000000000000e+03
3.383000000000000000e+03
3.976000000000000000e+03
4.882000000000000000e+03
1.972000000000000000e+03
3.357000000000000000e+03
6.560000000000000000e+02
4.505000000000000000e+03
3.330000000000000000e+03
1.536000000000000000e+03
3.103000000000000000e+03
3.010000000000000000e+02
4.374000000000000000e+03
3.791000000000000000e+03
4.135000000000000000e+03
7.470000000000000000e+02
6.720000000000000000e+02
3.161000000000000000e+03
4.009000000000000000e+03
1.997000000000000000e+03
8.180000000000000000e+02
2.169000000000000000e+03
2.522000000000000000e+03
1.420000000000000000e+03
4.766000000000000000e+03
3.081000000000000000e+03
1.726000000000000000e+03
2.730000000000000000e+03
3.877000000000000000e+03
3.259000000000000000e+03
4.780000000000000000e+02
8.560000000000000000e+02
6.980000000000000000e+02
1.530000000000000000e+02
5.001000000000000000e+03
3.560000000000000000e+03
5.203000000000000000e+03
8.370000000000000000e+02
3.633000000000000000e+03
4.968000000000000000e+03
2.983000000000000000e+03
4.845000000000000000e+03
7.040000000000000000e+02
4.019000000000000000e+03
3.016000000000000000e+03
2.992000000000000000e+03
5.830000000000000000e+02
4.288000000000000000e+03
4.220000000000000000e+03
3.504000000000000000e+03
2.281000000000000000e+03
2.620000000000000000e+02
1.278000000000000000e+03
1.494000000000000000e+03
5.027000000000000000e+03
1.493000000000000000e+03
4.870000000000000000e+03
5.146000000000000000e+03
1.275000000000000000e+03
4.990000000000000000e+03
2.756000000000000000e+03
3.474000000000000000e+03
2.678000000000000000e+03
6.710000000000000000e+02
2.760000000000000000e+03
1.470000000000000000e+03
3.215000000000000000e+03
4.665000000000000000e+03
3.400000000000000000e+03
4.045000000000000000e+03
1.298000000000000000e+03
6.080000000000000000e+02
2.386000000000000000e+03
4.546000000000000000e+03
4.394000000000000000e+03
2.948000000000000000e+03
4.263000000000000000e+03
4.612000000000000000e+03
8.660000000000000000e+02
3.560000000000000000e+03
5.196000000000000000e+03
4.889000000000000000e+03
3.715000000000000000e+03
5.600000000000000000e+01
1.308000000000000000e+03
4.183000000000000000e+03
2.468000000000000000e+03
1.674000000000000000e+03
2.398000000000000000e+03
8.760000000000000000e+02
4.548000000000000000e+03
3.499000000000000000e+03
2.072000000000000000e+03
1.130000000000000000e+02
3.492000000000000000e+03
2.672000000000000000e+03
1.064000000000000000e+03
3.861000000000000000e+03
8.220000000000000000e+02
8.400000000000000000e+02
1.503000000000000000e+03
2.326000000000000000e+03
3.486000000000000000e+03
1.310000000000000000e+03
9.480000000000000000e+02
4.067000000000000000e+03
1.521000000000000000e+03
1.534000000000000000e+03
3.918000000000000000e+03
1.193000000000000000e+03
3.075000000000000000e+03
6.270000000000000000e+02
1.220000000000000000e+02
1.321000000000000000e+03
4.359000000000000000e+03
4.417000000000000000e+03
3.664000000000000000e+03
1.700000000000000000e+01
2.299000000000000000e+03
4.026000000000000000e+03
2.314000000000000000e+03
1.220000000000000000e+02
1.790000000000000000e+02
4.566000000000000000e+03
3.070000000000000000e+02
4.963000000000000000e+03
3.169000000000000000e+03
5.109000000000000000e+03
3.095000000000000000e+03
1.121000000000000000e+03
2.842000000000000000e+03
1.553000000000000000e+03
2.569000000000000000e+03
4.327000000000000000e+03
4.202000000000000000e+03
2.656000000000000000e+03
5.076000000000000000e+03
4.966000000000000000e+03
2.702000000000000000e+03
1.628000000000000000e+03
1.561000000000000000e+03
1.000000000000000000e+03
5.080000000000000000e+03
3.317000000000000000e+03
3.002000000000000000e+03
1.300000000000000000e+03
1.105000000000000000e+03
3.555000000000000000e+03
5.720000000000000000e+02
5.490000000000000000e+02
4.588000000000000000e+03
1.272000000000000000e+03
1.571000000000000000e+03
4.266000000000000000e+03
3.833000000000000000e+03
3.537000000000000000e+03
1.024000000000000000e+03
4.214000000000000000e+03
5.980000000000000000e+02
2.850000000000000000e+02
4.436000000000000000e+03
3.836000000000000000e+03
9.280000000000000000e+02
3.619000000000000000e+03
1.231000000000000000e+03
7.990000000000000000e+02
4.390000000000000000e+03
4.390000000000000000e+03
2.920000000000000000e+03
3.011000000000000000e+03
3.910000000000000000e+02
2.432000000000000000e+03
3.101000000000000000e+03
2.499000000000000000e+03
3.102000000000000000e+03
4.920000000000000000e+03
5.200000000000000000e+01
1.078000000000000000e+03
2.517000000000000000e+03
2.017000000000000000e+03
1.182000000000000000e+03
1.250000000000000000e+03
4.279000000000000000e+03
5.121000000000000000e+03
3.240000000000000000e+02
4.030000000000000000e+02
7.830000000000000000e+02
1.906000000000000000e+03
2.674000000000000000e+03
3.183000000000000000e+03
2.319000000000000000e+03
4.886000000000000000e+03
2.588000000000000000e+03
1.591000000000000000e+03
1.998000000000000000e+03
3.674000000000000000e+03
3.341000000000000000e+03
1.683000000000000000e+03
5.011000000000000000e+03
4.637000000000000000e+03
4.208000000000000000e+03
1.518000000000000000e+03
3.642000000000000000e+03
1.293000000000000000e+03
2.441000000000000000e+03
3.988000000000000000e+03
2.103000000000000000e+03
9.910000000000000000e+02
2.270000000000000000e+02
3.771000000000000000e+03
4.292000000000000000e+03
2.770000000000000000e+02
7.170000000000000000e+02
3.695000000000000000e+03
4.639000000000000000e+03
5.900000000000000000e+01
2.985000000000000000e+03
2.090000000000000000e+03
1.033000000000000000e+03
3.388000000000000000e+03
1.479000000000000000e+03
2.216000000000000000e+03
3.574000000000000000e+03
2.844000000000000000e+03
4.906000000000000000e+03
1.880000000000000000e+02
1.798000000000000000e+03
3.229000000000000000e+03
2.229000000000000000e+03
3.103000000000000000e+03
4.946000000000000000e+03
3.316000000000000000e+03
5.170000000000000000e+02
4.126000000000000000e+03
2.133000000000000000e+03
8.260000000000000000e+02
2.368000000000000000e+03
3.592000000000000000e+03
4.512000000000000000e+03
8.600000000000000000e+02
2.740000000000000000e+02
1.936000000000000000e+03
6.540000000000000000e+02
3.417000000000000000e+03
3.734000000000000000e+03
2.881000000000000000e+03
2.305000000000000000e+03
4.577000000000000000e+03
4.307000000000000000e+03
8.900000000000000000e+02
4.814000000000000000e+03
4.442000000000000000e+03
9.430000000000000000e+02
3.534000000000000000e+03
4.996000000000000000e+03
2.037000000000000000e+03
8.420000000000000000e+02
9.850000000000000000e+02
3.577000000000000000e+03
2.511000000000000000e+03
9.600000000000000000e+02
1.432000000000000000e+03
8.350000000000000000e+02
3.798000000000000000e+03
4.051000000000000000e+03
1.162000000000000000e+03
2.580000000000000000e+02
1.248000000000000000e+03
3.379000000000000000e+03
7.870000000000000000e+02
3.352000000000000000e+03
1.141000000000000000e+03
1.723000000000000000e+03
2.843000000000000000e+03
3.967000000000000000e+03
3.601000000000000000e+03
4.164000000000000000e+03
4.771000000000000000e+03
5.002000000000000000e+03
3.056000000000000000e+03
1.450000000000000000e+03
5.720000000000000000e+02
1.002000000000000000e+03
1.643000000000000000e+03
7.090000000000000000e+02
7.900000000000000000e+02
3.671000000000000000e+03
2.749000000000000000e+03
4.370000000000000000e+03
3.477000000000000000e+03
4.525000000000000000e+03
2.240000000000000000e+02
4.060000000000000000e+03
2.726000000000000000e+03
1.694000000000000000e+03
4.882000000000000000e+03
3.886000000000000000e+03
1.906000000000000000e+03
2.391000000000000000e+03
4.214000000000000000e+03
3.808000000000000000e+03
5.111000000000000000e+03
3.012000000000000000e+03
8.500000000000000000e+01
2.793000000000000000e+03
3.348000000000000000e+03
2.367000000000000000e+03
1.850000000000000000e+03
1.178000000000000000e+03
4.931000000000000000e+03
1.418000000000000000e+03
2.821000000000000000e+03
2.931000000000000000e+03
1.689000000000000000e+03
3.497000000000000000e+03
4.780000000000000000e+03
3.041000000000000000e+03
2.382000000000000000e+03
3.246000000000000000e+03
6.190000000000000000e+02
1.059000000000000000e+03
2.721000000000000000e+03
4.939000000000000000e+03
3.906000000000000000e+03
8.180000000000000000e+02
1.156000000000000000e+03
1.204000000000000000e+03
1.132000000000000000e+03
2.635000000000000000e+03
5.146000000000000000e+03
2.625000000000000000e+03
3.483000000000000000e+03
4.537000000000000000e+03
9.190000000000000000e+02
2.700000000000000000e+01
3.009000000000000000e+03
4.906000000000000000e+03
1.434000000000000000e+03
8.040000000000000000e+02
3.124000000000000000e+03
1.055000000000000000e+03
4.107000000000000000e+03
3.914000000000000000e+03
2.024000000000000000e+03
1.818000000000000000e+03
1.598000000000000000e+03
2.677000000000000000e+03
3.680000000000000000e+02
2.400000000000000000e+01
5.198000000000000000e+03
2.010000000000000000e+03
1.180000000000000000e+02
3.640000000000000000e+02
3.825000000000000000e+03
2.444000000000000000e+03
2.886000000000000000e+03
1.904000000000000000e+03
9.420000000000000000e+02
7.060000000000000000e+02
2.851000000000000000e+03
4.248000000000000000e+03
2.279000000000000000e+03
1.104000000000000000e+03
3.578000000000000000e+03
1.321000000000000000e+03
1.393000000000000000e+03
2.880000000000000000e+03
3.932000000000000000e+03
2.789000000000000000e+03
5.110000000000000000e+03
3.130000000000000000e+03
8.950000000000000000e+02
7.200000000000000000e+01
1.966000000000000000e+03
4.653000000000000000e+03
3.226000000000000000e+03
4.682000000000000000e+03
2.820000000000000000e+03
3.970000000000000000e+02
2.860000000000000000e+02
3.455000000000000000e+03
9.890000000000000000e+02
4.411000000000000000e+03
2.636000000000000000e+03
2.727000000000000000e+03
7.920000000000000000e+02
4.915000000000000000e+03
1.396000000000000000e+03
6.000000000000000000e+00
1.300000000000000000e+03
4.030000000000000000e+02
2.244000000000000000e+03
1.716000000000000000e+03
1.157000000000000000e+03
7.180000000000000000e+02
1.661000000000000000e+03
1.166000000000000000e+03
2.480000000000000000e+03
2.161000000000000000e+03
3.476000000000000000e+03
1.780000000000000000e+02
9.230000000000000000e+02
1.265000000000000000e+03
3.607000000000000000e+03
1.836000000000000000e+03
2.543000000000000000e+03
5.064000000000000000e+03
5.199000000000000000e+03
4.889000000000000000e+03
4.380000000000000000e+03
1.222000000000000000e+03
4.906000000000000000e+03
3.557000000000000000e+03
4.106000000000000000e+03
2.476000000000000000e+03
1.467000000000000000e+03
2.590000000000000000e+03
4.968000000000000000e+03
2.740000000000000000e+03
4.660000000000000000e+03
3.430000000000000000e+02
3.676000000000000000e+03
2.666000000000000000e+03
1.680000000000000000e+02
2.781000000000000000e+03
2.680000000000000000e+02
4.417000000000000000e+03
2.658000000000000000e+03
5.810000000000000000e+02
2.416000000000000000e+03
1.636000000000000000e+03
4.806000000000000000e+03
1.873000000000000000e+03
3.088000000000000000e+03
3.818000000000000000e+03
2.386000000000000000e+03
1.915000000000000000e+03
6.160000000000000000e+02
4.596000000000000000e+03
1.808000000000000000e+03
3.863000000000000000e+03
3.564000000000000000e+03
2.690000000000000000e+03
3.934000000000000000e+03
7.770000000000000000e+02
2.791000000000000000e+03
5.169000000000000000e+03
3.749000000000000000e+03
4.998000000000000000e+03
3.185000000000000000e+03
3.120000000000000000e+02
4.223000000000000000e+03
9.930000000000000000e+02
2.556000000000000000e+03
3.378000000000000000e+03
4.197000000000000000e+03
1.611000000000000000e+03
2.723000000000000000e+03
1.371000000000000000e+03
4.322000000000000000e+03
3.457000000000000000e+03
8.700000000000000000e+02
2.846000000000000000e+03
3.240000000000000000e+03
2.246000000000000000e+03
2.302000000000000000e+03
3.012000000000000000e+03
1.982000000000000000e+03
2.137000000000000000e+03
4.259000000000000000e+03
3.579000000000000000e+03
3.637000000000000000e+03
2.180000000000000000e+03
2.941000000000000000e+03
3.979000000000000000e+03
1.021000000000000000e+03
4.248000000000000000e+03
4.820000000000000000e+03
6.290000000000000000e+02
3.236000000000000000e+03
2.927000000000000000e+03
4.963000000000000000e+03
5.290000000000000000e+02
9.420000000000000000e+02
4.155000000000000000e+03
2.663000000000000000e+03
2.169000000000000000e+03
1.784000000000000000e+03
4.232000000000000000e+03
4.860000000000000000e+03
4.870000000000000000e+02
3.300000000000000000e+03
4.481000000000000000e+03
3.238000000000000000e+03
1.850000000000000000e+03
3.710000000000000000e+03
3.805000000000000000e+03
1.778000000000000000e+03
3.231000000000000000e+03
1.180000000000000000e+03
1.393000000000000000e+03
1.087000000000000000e+03
1.458000000000000000e+03
4.720000000000000000e+03
1.519000000000000000e+03
4.494000000000000000e+03
4.530000000000000000e+03
3.988000000000000000e+03
4.223000000000000000e+03
3.785000000000000000e+03
2.625000000000000000e+03
2.200000000000000000e+03
3.825000000000000000e+03
3.725000000000000000e+03
3.221000000000000000e+03
1.552000000000000000e+03
7.730000000000000000e+02
1.458000000000000000e+03
9.830000000000000000e+02
2.581000000000000000e+03
3.226000000000000000e+03
9.380000000000000000e+02
1.340000000000000000e+03
2.171000000000000000e+03
3.658000000000000000e+03
3.965000000000000000e+03
3.682000000000000000e+03
4.754000000000000000e+03
7.770000000000000000e+02
3.012000000000000000e+03
4.564000000000000000e+03
5.102000000000000000e+03
3.207000000000000000e+03
7.080000000000000000e+02
1.206000000000000000e+03
1.598000000000000000e+03
2.605000000000000000e+03
2.308000000000000000e+03
7.820000000000000000e+02
1.060000000000000000e+03
3.915000000000000000e+03
1.339000000000000000e+03
4.701000000000000000e+03
4.224000000000000000e+03
2.870000000000000000e+02
1.116000000000000000e+03
4.658000000000000000e+03
2.898000000000000000e+03
1.281000000000000000e+03
1.116000000000000000e+03
3.130000000000000000e+03
2.140000000000000000e+02
2.062000000000000000e+03
3.438000000000000000e+03
1.586000000000000000e+03
2.412000000000000000e+03
3.415000000000000000e+03
3.570000000000000000e+02
4.346000000000000000e+03
4.847000000000000000e+03
2.935000000000000000e+03
4.780000000000000000e+03
2.152000000000000000e+03
4.860000000000000000e+03
5.146000000000000000e+03
5.184000000000000000e+03
3.032000000000000000e+03
4.605000000000000000e+03
1.586000000000000000e+03
3.670000000000000000e+02
1.117000000000000000e+03
5.172000000000000000e+03
2.937000000000000000e+03
7.010000000000000000e+02
1.114000000000000000e+03
3.588000000000000000e+03
1.635000000000000000e+03
3.210000000000000000e+02
2.668000000000000000e+03
1.503000000000000000e+03
6.490000000000000000e+02
7.420000000000000000e+02
2.817000000000000000e+03
6.660000000000000000e+02
3.591000000000000000e+03
3.543000000000000000e+03
4.539000000000000000e+03
1.749000000000000000e+03
3.494000000000000000e+03
3.606000000000000000e+03
2.796000000000000000e+03
1.637000000000000000e+03
2.030000000000000000e+03
3.763000000000000000e+03
1.301000000000000000e+03
1.160000000000000000e+02
1.882000000000000000e+03
1.559000000000000000e+03
1.103000000000000000e+03
3.096000000000000000e+03
1.234000000000000000e+03
1.560000000000000000e+03
1.408000000000000000e+03
4.965000000000000000e+03
1.033000000000000000e+03
6.160000000000000000e+02
3.870000000000000000e+03
1.605000000000000000e+03
5.051000000000000000e+03
4.766000000000000000e+03
2.791000000000000000e+03
3.070000000000000000e+02
4.590000000000000000e+02
4.449000000000000000e+03
1.640000000000000000e+02
4.378000000000000000e+03
1.895000000000000000e+03
2.607000000000000000e+03
5.730000000000000000e+02
1.942000000000000000e+03
4.372000000000000000e+03
4.153000000000000000e+03
5.141000000000000000e+03
8.990000000000000000e+02
2.190000000000000000e+02
3.484000000000000000e+03
1.133000000000000000e+03
4.451000000000000000e+03
2.815000000000000000e+03
3.731000000000000000e+03
2.696000000000000000e+03
1.510000000000000000e+03
7.460000000000000000e+02
1.246000000000000000e+03
1.327000000000000000e+03
1.748000000000000000e+03
4.012000000000000000e+03
7.120000000000000000e+02
3.516000000000000000e+03
1.815000000000000000e+03
4.164000000000000000e+03
3.223000000000000000e+03
1.950000000000000000e+02
1.716000000000000000e+03
3.270000000000000000e+03
2.910000000000000000e+02
3.038000000000000000e+03
2.092000000000000000e+03
4.478000000000000000e+03
4.563000000000000000e+03
4.878000000000000000e+03
3.821000000000000000e+03
4.687000000000000000e+03
5.187000000000000000e+03
4.227000000000000000e+03
4.998000000000000000e+03
5.227000000000000000e+03
5.060000000000000000e+02
5.950000000000000000e+02
1.636000000000000000e+03
1.490000000000000000e+02
1.806000000000000000e+03
1.121000000000000000e+03
3.045000000000000000e+03
1.994000000000000000e+03
1.998000000000000000e+03
1.671000000000000000e+03
4.560000000000000000e+02
3.498000000000000000e+03
2.438000000000000000e+03
1.850000000000000000e+02
4.020000000000000000e+02
5.057000000000000000e+03
4.056000000000000000e+03
3.121000000000000000e+03
7.950000000000000000e+02
4.710000000000000000e+03
6.030000000000000000e+02
7.200000000000000000e+01
1.953000000000000000e+03
1.300000000000000000e+02
4.964000000000000000e+03
3.301000000000000000e+03
2.184000000000000000e+03
4.991000000000000000e+03
1.968000000000000000e+03
2.397000000000000000e+03
3.136000000000000000e+03
4.113000000000000000e+03
3.638000000000000000e+03
1.273000000000000000e+03
8.530000000000000000e+02
1.377000000000000000e+03
8.700000000000000000e+01
4.100000000000000000e+01
1.115000000000000000e+03
1.967000000000000000e+03
5.060000000000000000e+02
1.417000000000000000e+03
4.515000000000000000e+03
3.734000000000000000e+03
1.940000000000000000e+02
4.100000000000000000e+01
4.507000000000000000e+03
4.056000000000000000e+03
2.490000000000000000e+03
5.185000000000000000e+03
3.047000000000000000e+03
3.918000000000000000e+03
4.190000000000000000e+03
3.213000000000000000e+03
1.374000000000000000e+03
3.465000000000000000e+03
2.094000000000000000e+03
3.388000000000000000e+03
2.123000000000000000e+03
3.776000000000000000e+03
4.241000000000000000e+03
1.400000000000000000e+03
4.272000000000000000e+03
3.936000000000000000e+03
1.758000000000000000e+03
4.115000000000000000e+03
2.845000000000000000e+03
3.790000000000000000e+03
2.185000000000000000e+03
2.513000000000000000e+03
5.037000000000000000e+03
4.290000000000000000e+03
1.977000000000000000e+03
3.181000000000000000e+03
1.678000000000000000e+03
4.781000000000000000e+03
1.498000000000000000e+03
5.198000000000000000e+03
4.550000000000000000e+02
1.788000000000000000e+03
2.084000000000000000e+03
2.420000000000000000e+03
4.790000000000000000e+02
2.166000000000000000e+03
3.532000000000000000e+03
2.435000000000000000e+03
3.436000000000000000e+03
4.541000000000000000e+03
1.053000000000000000e+03
8.780000000000000000e+02
4.760000000000000000e+02
1.108000000000000000e+03
3.355000000000000000e+03
2.805000000000000000e+03
3.691000000000000000e+03
4.712000000000000000e+03
3.981000000000000000e+03
9.560000000000000000e+02
8.100000000000000000e+02
2.821000000000000000e+03
5.077000000000000000e+03
4.972000000000000000e+03
3.595000000000000000e+03
2.737000000000000000e+03
3.928000000000000000e+03
3.522000000000000000e+03
4.659000000000000000e+03
4.030000000000000000e+02
1.793000000000000000e+03
2.500000000000000000e+01
4.538000000000000000e+03
4.255000000000000000e+03
3.441000000000000000e+03
1.232000000000000000e+03
1.566000000000000000e+03
1.608000000000000000e+03
5.079000000000000000e+03
4.477000000000000000e+03
3.237000000000000000e+03
2.266000000000000000e+03
3.240000000000000000e+03
8.940000000000000000e+02
1.929000000000000000e+03
1.057000000000000000e+03
5.045000000000000000e+03
4.227000000000000000e+03
6.400000000000000000e+02
2.206000000000000000e+03
9.600000000000000000e+01
2.368000000000000000e+03
7.180000000000000000e+02
4.188000000000000000e+03
2.032000000000000000e+03
3.359000000000000000e+03
4.721000000000000000e+03
5.450000000000000000e+02
4.463000000000000000e+03
2.086000000000000000e+03
4.611000000000000000e+03
3.200000000000000000e+03
2.022000000000000000e+03
1.393000000000000000e+03
2.659000000000000000e+03
3.293000000000000000e+03
2.173000000000000000e+03
1.513000000000000000e+03
3.734000000000000000e+03
3.469000000000000000e+03
3.114000000000000000e+03
3.251000000000000000e+03
4.563000000000000000e+03
3.232000000000000000e+03
1.020000000000000000e+03
2.694000000000000000e+03
2.940000000000000000e+02
3.837000000000000000e+03
3.511000000000000000e+03
4.512000000000000000e+03
5.880000000000000000e+02
1.530000000000000000e+02
3.457000000000000000e+03
2.355000000000000000e+03
1.841000000000000000e+03
6.700000000000000000e+02
3.615000000000000000e+03
1.965000000000000000e+03
1.958000000000000000e+03
5.240000000000000000e+02
2.197000000000000000e+03
1.770000000000000000e+03
3.633000000000000000e+03
3.165000000000000000e+03
3.735000000000000000e+03
4.026000000000000000e+03
3.156000000000000000e+03
4.628000000000000000e+03
1.984000000000000000e+03
4.871000000000000000e+03
2.410000000000000000e+03
1.199000000000000000e+03
2.355000000000000000e+03
8.880000000000000000e+02
7.280000000000000000e+02
4.233000000000000000e+03
3.496000000000000000e+03
2.662000000000000000e+03
3.960000000000000000e+02
4.595000000000000000e+03
3.142000000000000000e+03
2.106000000000000000e+03
1.909000000000000000e+03
1.433000000000000000e+03
4.862000000000000000e+03
3.135000000000000000e+03
4.600000000000000000e+01
3.928000000000000000e+03
2.567000000000000000e+03
2.186000000000000000e+03
4.625000000000000000e+03
4.320000000000000000e+03
4.494000000000000000e+03
3.981000000000000000e+03
7.780000000000000000e+02
4.820000000000000000e+03
4.490000000000000000e+03
4.041000000000000000e+03
1.178000000000000000e+03
7.820000000000000000e+02
3.462000000000000000e+03
3.165000000000000000e+03
1.847000000000000000e+03
1.479000000000000000e+03
4.806000000000000000e+03
3.298000000000000000e+03
3.574000000000000000e+03
2.598000000000000000e+03
2.781000000000000000e+03
4.710000000000000000e+03
1.640000000000000000e+02
5.680000000000000000e+02
1.798000000000000000e+03
3.217000000000000000e+03
2.391000000000000000e+03
3.141000000000000000e+03
3.555000000000000000e+03
1.493000000000000000e+03
4.655000000000000000e+03
3.762000000000000000e+03
3.544000000000000000e+03
4.440000000000000000e+02
4.956000000000000000e+03
5.173000000000000000e+03
1.437000000000000000e+03
2.406000000000000000e+03
2.024000000000000000e+03
2.698000000000000000e+03
4.845000000000000000e+03
1.437000000000000000e+03
4.720000000000000000e+03
1.725000000000000000e+03
3.834000000000000000e+03
4.030000000000000000e+02
4.300000000000000000e+02
4.757000000000000000e+03
3.980000000000000000e+02
4.361000000000000000e+03
2.517000000000000000e+03
2.214000000000000000e+03
2.942000000000000000e+03
3.966000000000000000e+03
3.039000000000000000e+03
4.278000000000000000e+03
4.110000000000000000e+02
6.710000000000000000e+02
9.400000000000000000e+02
1.770000000000000000e+02
3.113000000000000000e+03
3.398000000000000000e+03
1.114000000000000000e+03
1.849000000000000000e+03
1.994000000000000000e+03
1.840000000000000000e+03
2.516000000000000000e+03
1.819000000000000000e+03
3.953000000000000000e+03
5.590000000000000000e+02
4.705000000000000000e+03
3.396000000000000000e+03
2.611000000000000000e+03
1.446000000000000000e+03
1.024000000000000000e+03
2.290000000000000000e+03
1.204000000000000000e+03
1.155000000000000000e+03
1.920000000000000000e+03
2.757000000000000000e+03
3.802000000000000000e+03
2.200000000000000000e+01
3.996000000000000000e+03
5.011000000000000000e+03
4.574000000000000000e+03
1.686000000000000000e+03
4.474000000000000000e+03
5.197000000000000000e+03
1.044000000000000000e+03
2.271000000000000000e+03
3.343000000000000000e+03
1.052000000000000000e+03
1.606000000000000000e+03
3.978000000000000000e+03
4.250000000000000000e+02
4.996000000000000000e+03
4.430000000000000000e+03
4.117000000000000000e+03
1.670000000000000000e+03
2.908000000000000000e+03
4.300000000000000000e+02
3.678000000000000000e+03
5.095000000000000000e+03
4.265000000000000000e+03
3.599000000000000000e+03
4.623000000000000000e+03
3.002000000000000000e+03
2.964000000000000000e+03
2.200000000000000000e+01
2.557000000000000000e+03
4.381000000000000000e+03
7.920000000000000000e+02
3.010000000000000000e+02
5.500000000000000000e+02
4.629000000000000000e+03
4.620000000000000000e+02
6.320000000000000000e+02
2.310000000000000000e+03
3.749000000000000000e+03
4.079000000000000000e+03
3.100000000000000000e+02
2.465000000000000000e+03
2.694000000000000000e+03
2.951000000000000000e+03
3.603000000000000000e+03
1.052000000000000000e+03
4.444000000000000000e+03
4.056000000000000000e+03
4.546000000000000000e+03
1.841000000000000000e+03
1.713000000000000000e+03
4.114000000000000000e+03
1.276000000000000000e+03
2.536000000000000000e+03
1.924000000000000000e+03
4.800000000000000000e+01
2.979000000000000000e+03
2.805000000000000000e+03
3.491000000000000000e+03
9.700000000000000000e+01
1.523000000000000000e+03
3.603000000000000000e+03
2.888000000000000000e+03
3.172000000000000000e+03
4.769000000000000000e+03
1.816000000000000000e+03
2.783000000000000000e+03
5.114000000000000000e+03
1.008000000000000000e+03
2.940000000000000000e+02
4.184000000000000000e+03
4.990000000000000000e+03
5.780000000000000000e+02
5.530000000000000000e+02
3.875000000000000000e+03
4.720000000000000000e+03
5.810000000000000000e+02
2.271000000000000000e+03
4.849000000000000000e+03
3.061000000000000000e+03
4.017000000000000000e+03
3.701000000000000000e+03
1.791000000000000000e+03
3.890000000000000000e+02
2.037000000000000000e+03
4.632000000000000000e+03
2.279000000000000000e+03
2.265000000000000000e+03
1.447000000000000000e+03
2.367000000000000000e+03
1.180000000000000000e+03
3.634000000000000000e+03
1.942000000000000000e+03
4.967000000000000000e+03
1.229000000000000000e+03
3.452000000000000000e+03
2.153000000000000000e+03
1.380000000000000000e+02
4.079000000000000000e+03
9.650000000000000000e+02
2.980000000000000000e+02
4.450000000000000000e+02
5.161000000000000000e+03
4.812000000000000000e+03
1.046000000000000000e+03
3.225000000000000000e+03
4.646000000000000000e+03
2.152000000000000000e+03
4.744000000000000000e+03
2.182000000000000000e+03
3.788000000000000000e+03
2.030000000000000000e+02
4.229000000000000000e+03
3.355000000000000000e+03
5.205000000000000000e+03
5.202000000000000000e+03
2.074000000000000000e+03
4.979000000000000000e+03
4.280000000000000000e+03
2.140000000000000000e+03
1.538000000000000000e+03
3.928000000000000000e+03
1.373000000000000000e+03
1.367000000000000000e+03
3.402000000000000000e+03
1.357000000000000000e+03
6.640000000000000000e+02
4.632000000000000000e+03
2.792000000000000000e+03
2.694000000000000000e+03
3.715000000000000000e+03
4.775000000000000000e+03
1.660000000000000000e+03
6.580000000000000000e+02
4.871000000000000000e+03
2.617000000000000000e+03
4.025000000000000000e+03
4.625000000000000000e+03
4.950000000000000000e+02
2.697000000000000000e+03
1.609000000000000000e+03
1.000000000000000000e+02
2.349000000000000000e+03
1.814000000000000000e+03
4.381000000000000000e+03
3.339000000000000000e+03
4.393000000000000000e+03
1.640000000000000000e+03
5.670000000000000000e+02
2.624000000000000000e+03
1.860000000000000000e+02
2.492000000000000000e+03
5.520000000000000000e+02
2.334000000000000000e+03
3.621000000000000000e+03
3.297000000000000000e+03
3.779000000000000000e+03
4.922000000000000000e+03
3.824000000000000000e+03
3.372000000000000000e+03
2.546000000000000000e+03
3.880000000000000000e+03
4.370000000000000000e+03
2.830000000000000000e+03
3.460000000000000000e+03
3.050000000000000000e+03
3.854000000000000000e+03
3.125000000000000000e+03
4.078000000000000000e+03
1.841000000000000000e+03
2.702000000000000000e+03
4.286000000000000000e+03
7.310000000000000000e+02
4.756000000000000000e+03
2.564000000000000000e+03
2.385000000000000000e+03
4.500000000000000000e+01
3.440000000000000000e+02
2.430000000000000000e+03
3.050000000000000000e+03
4.733000000000000000e+03
1.484000000000000000e+03
2.963000000000000000e+03
2.323000000000000000e+03
4.228000000000000000e+03
3.876000000000000000e+03
3.787000000000000000e+03
7.280000000000000000e+02
2.955000000000000000e+03
3.844000000000000000e+03
1.600000000000000000e+03
2.197000000000000000e+03
4.337000000000000000e+03
2.452000000000000000e+03
3.343000000000000000e+03
4.134000000000000000e+03
4.122000000000000000e+03
2.403000000000000000e+03
1.054000000000000000e+03
1.851000000000000000e+03
1.088000000000000000e+03
3.100000000000000000e+01
4.550000000000000000e+03
1.767000000000000000e+03
4.747000000000000000e+03
3.193000000000000000e+03
2.470000000000000000e+03
1.953000000000000000e+03
2.564000000000000000e+03
2.190000000000000000e+02
7.450000000000000000e+02
2.027000000000000000e+03
2.396000000000000000e+03
5.216000000000000000e+03
1.104000000000000000e+03
2.702000000000000000e+03
3.773000000000000000e+03
2.432000000000000000e+03
1.100000000000000000e+01
4.091000000000000000e+03
4.399000000000000000e+03
1.076000000000000000e+03
2.827000000000000000e+03
5.051000000000000000e+03
4.828000000000000000e+03
2.180000000000000000e+03
3.643000000000000000e+03
1.880000000000000000e+03
1.577000000000000000e+03
2.911000000000000000e+03
2.089000000000000000e+03
4.984000000000000000e+03
2.950000000000000000e+03
4.531000000000000000e+03
3.531000000000000000e+03
3.315000000000000000e+03
2.399000000000000000e+03
4.932000000000000000e+03
3.584000000000000000e+03
4.305000000000000000e+03
1.929000000000000000e+03
3.000000000000000000e+03
2.854000000000000000e+03
3.456000000000000000e+03
3.824000000000000000e+03
4.641000000000000000e+03
1.404000000000000000e+03
3.450000000000000000e+02
2.591000000000000000e+03
4.030000000000000000e+03
3.107000000000000000e+03
2.674000000000000000e+03
3.316000000000000000e+03
1.551000000000000000e+03
3.421000000000000000e+03
3.629000000000000000e+03
1.551000000000000000e+03
1.159000000000000000e+03
1.714000000000000000e+03
4.834000000000000000e+03
4.760000000000000000e+02
3.569000000000000000e+03
8.510000000000000000e+02
9.780000000000000000e+02
4.792000000000000000e+03
3.802000000000000000e+03
3.114000000000000000e+03
9.290000000000000000e+02
4.341000000000000000e+03
3.053000000000000000e+03
3.274000000000000000e+03
1.391000000000000000e+03
3.118000000000000000e+03
1.301000000000000000e+03
4.082000000000000000e+03
2.085000000000000000e+03
