1.770000000000000000e+02
1.008000000000000000e+03
4.641000000000000000e+03
1.610000000000000000e+02
1.385000000000000000e+03
1.041000000000000000e+03
4.809000000000000000e+03
3.994000000000000000e+03
4.828000000000000000e+03
1.876000000000000000e+03
2.428000000000000000e+03
6.140000000000000000e+02
1.770000000000000000e+02
2.723000000000000000e+03
3.753000000000000000e+03
1.997000000000000000e+03
4.024000000000000000e+03
4.384000000000000000e+03
7.910000000000000000e+02
2.097000000000000000e+03
5.800000000000000000e+01
3.789000000000000000e+03
4.415000000000000000e+03
3.657000000000000000e+03
4.334000000000000000e+03
5.230000000000000000e+02
3.960000000000000000e+02
4.091000000000000000e+03
7.720000000000000000e+02
5.043000000000000000e+03
2.300000000000000000e+03
1.523000000000000000e+03
3.153000000000000000e+03
2.810000000000000000e+03
1.813000000000000000e+03
2.895000000000000000e+03
3.996000000000000000e+03
2.490000000000000000e+02
1.945000000000000000e+03
3.330000000000000000e+03
2.337000000000000000e+03
1.886000000000000000e+03
2.150000000000000000e+02
3.963000000000000000e+03
4.270000000000000000e+03
8.400000000000000000e+02
3.440000000000000000e+03
4.280000000000000000e+03
2.112000000000000000e+03
4.363000000000000000e+03
1.531000000000000000e+03
1.172000000000000000e+03
3.535000000000000000e+03
8.240000000000000000e+02
2.747000000000000000e+03
3.169000000000000000e+03
9.400000000000000000e+02
1.415000000000000000e+03
2.670000000000000000e+03
1.160000000000000000e+03
1.047000000000000000e+03
1.280000000000000000e+03
1.556000000000000000e+03
3.078000000000000000e+03
1.726000000000000000e+03
2.220000000000000000e+02
3.775000000000000000e+03
1.277000000000000000e+03
1.778000000000000000e+03
4.378000000000000000e+03
3.564000000000000000e+03
3.903000000000000000e+03
2.746000000000000000e+03
2.963000000000000000e+03
1.660000000000000000e+03
3.414000000000000000e+03
1.858000000000000000e+03
4.719000000000000000e+03
3.946000000000000000e+03
6.720000000000000000e+02
5.125000000000000000e+03
4.697000000000000000e+03
1.385000000000000000e+03
2.443000000000000000e+03
1.989000000000000000e+03
3.041000000000000000e+03
3.452000000000000000e+03
6.780000000000000000e+02
4.262000000000000000e+03
2.773000000000000000e+03
4.477000000000000000e+03
5.189000000000000000e+03
2.768000000000000000e+03
1.561000000000000000e+03
2.226000000000000000e+03
3.228000000000000000e+03
3.019000000000000000e+03
4.026000000000000000e+03
1.942000000000000000e+03
1.120000000000000000e+03
3.121000000000000000e+03
3.786000000000000000e+03
1.720000000000000000e+02
1.937000000000000000e+03
3.106000000000000000e+03
2.610000000000000000e+03
4.713000000000000000e+03
1.057000000000000000e+03
3.798000000000000000e+03
1.200000000000000000e+02
1.293000000000000000e+03
2.496000000000000000e+03
2.336000000000000000e+03
3.327000000000000000e+03
4.444000000000000000e+03
3.275000000000000000e+03
9.000000000000000000e+02
3.982000000000000000e+03
2.960000000000000000e+03
1.635000000000000000e+03
4.180000000000000000e+03
3.697000000000000000e+03
7.100000000000000000e+01
3.169000000000000000e+03
3.203000000000000000e+03
5.420000000000000000e+02
2.239000000000000000e+03
1.185000000000000000e+03
1.593000000000000000e+03
3.981000000000000000e+03
4.300000000000000000e+02
2.236000000000000000e+03
4.389000000000000000e+03
3.337000000000000000e+03
1.622000000000000000e+03
4.454000000000000000e+03
4.185000000000000000e+03
4.250000000000000000e+03
8.350000000000000000e+02
2.468000000000000000e+03
1.363000000000000000e+03
2.825000000000000000e+03
1.517000000000000000e+03
3.153000000000000000e+03
4.611000000000000000e+03
2.597000000000000000e+03
1.360000000000000000e+03
3.062000000000000000e+03
4.624000000000000000e+03
1.775000000000000000e+03
4.087000000000000000e+03
4.887000000000000000e+03
4.966000000000000000e+03
4.558000000000000000e+03
5.036000000000000000e+03
7.920000000000000000e+02
5.800000000000000000e+02
6.470000000000000000e+02
3.687000000000000000e+03
4.425000000000000000e+03
3.074000000000000000e+03
7.170000000000000000e+02
6.960000000000000000e+02
4.169000000000000000e+03
4.030000000000000000e+02
4.850000000000000000e+02
1.949000000000000000e+03
3.474000000000000000e+03
1.645000000000000000e+03
3.800000000000000000e+01
1.327000000000000000e+03
4.477000000000000000e+03
3.908000000000000000e+03
2.301000000000000000e+03
2.904000000000000000e+03
3.779000000000000000e+03
1.208000000000000000e+03
2.139000000000000000e+03
3.967000000000000000e+03
4.735000000000000000e+03
3.294000000000000000e+03
4.110000000000000000e+02
2.351000000000000000e+03
3.813000000000000000e+03
6.250000000000000000e+02
1.281000000000000000e+03
6.740000000000000000e+02
2.210000000000000000e+02
2.905000000000000000e+03
4.364000000000000000e+03
3.872000000000000000e+03
4.968000000000000000e+03
3.059000000000000000e+03
2.246000000000000000e+03
3.843000000000000000e+03
2.373000000000000000e+03
5.209000000000000000e+03
3.311000000000000000e+03
1.725000000000000000e+03
2.299000000000000000e+03
3.860000000000000000e+02
2.712000000000000000e+03
1.660000000000000000e+03
3.770000000000000000e+02
5.019000000000000000e+03
6.380000000000000000e+02
4.420000000000000000e+03
2.154000000000000000e+03
9.030000000000000000e+02
5.105000000000000000e+03
4.421000000000000000e+03
3.704000000000000000e+03
1.680000000000000000e+03
1.095000000000000000e+03
5.233000000000000000e+03
2.196000000000000000e+03
1.925000000000000000e+03
1.903000000000000000e+03
1.576000000000000000e+03
2.049000000000000000e+03
2.607000000000000000e+03
1.786000000000000000e+03
2.499000000000000000e+03
2.180000000000000000e+03
4.080000000000000000e+02
2.402000000000000000e+03
5.228000000000000000e+03
3.775000000000000000e+03
3.000000000000000000e+01
1.666000000000000000e+03
3.929000000000000000e+03
9.400000000000000000e+02
5.055000000000000000e+03
4.934000000000000000e+03
3.838000000000000000e+03
1.298000000000000000e+03
3.011000000000000000e+03
3.085000000000000000e+03
3.119000000000000000e+03
2.468000000000000000e+03
5.234000000000000000e+03
3.812000000000000000e+03
4.633000000000000000e+03
9.700000000000000000e+02
4.531000000000000000e+03
2.383000000000000000e+03
3.349000000000000000e+03
1.536000000000000000e+03
1.594000000000000000e+03
4.740000000000000000e+03
1.198000000000000000e+03
1.400000000000000000e+01
4.107000000000000000e+03
6.550000000000000000e+02
4.915000000000000000e+03
4.100000000000000000e+03
1.791000000000000000e+03
4.624000000000000000e+03
2.944000000000000000e+03
4.851000000000000000e+03
2.724000000000000000e+03
2.135000000000000000e+03
5.074000000000000000e+03
4.980000000000000000e+03
1.565000000000000000e+03
4.680000000000000000e+03
3.789000000000000000e+03
3.300000000000000000e+01
3.577000000000000000e+03
2.055000000000000000e+03
3.857000000000000000e+03
2.881000000000000000e+03
3.497000000000000000e+03
1.130000000000000000e+02
3.060000000000000000e+03
4.787000000000000000e+03
2.239000000000000000e+03
3.918000000000000000e+03
2.510000000000000000e+03
2.503000000000000000e+03
2.666000000000000000e+03
1.125000000000000000e+03
2.650000000000000000e+03
1.860000000000000000e+02
1.427000000000000000e+03
1.396000000000000000e+03
4.142000000000000000e+03
2.087000000000000000e+03
2.776000000000000000e+03
1.915000000000000000e+03
4.799000000000000000e+03
4.614000000000000000e+03
3.872000000000000000e+03
2.681000000000000000e+03
2.375000000000000000e+03
1.492000000000000000e+03
1.826000000000000000e+03
3.223000000000000000e+03
1.087000000000000000e+03
3.143000000000000000e+03
1.709000000000000000e+03
3.016000000000000000e+03
4.800000000000000000e+02
4.545000000000000000e+03
2.269000000000000000e+03
6.470000000000000000e+02
3.203000000000000000e+03
3.515000000000000000e+03
4.840000000000000000e+02
4.812000000000000000e+03
4.470000000000000000e+03
7.090000000000000000e+02
2.875000000000000000e+03
2.600000000000000000e+01
3.466000000000000000e+03
1.247000000000000000e+03
4.290000000000000000e+03
4.390000000000000000e+03
3.399000000000000000e+03
3.199000000000000000e+03
9.480000000000000000e+02
2.712000000000000000e+03
4.269000000000000000e+03
2.012000000000000000e+03
2.470000000000000000e+02
1.850000000000000000e+03
9.000000000000000000e+00
2.722000000000000000e+03
5.720000000000000000e+02
6.200000000000000000e+01
3.980000000000000000e+03
2.724000000000000000e+03
1.156000000000000000e+03
1.637000000000000000e+03
4.764000000000000000e+03
5.219000000000000000e+03
2.647000000000000000e+03
5.058000000000000000e+03
2.339000000000000000e+03
3.100000000000000000e+01
4.790000000000000000e+03
1.688000000000000000e+03
2.987000000000000000e+03
1.496000000000000000e+03
4.730000000000000000e+03
2.685000000000000000e+03
3.875000000000000000e+03
4.914000000000000000e+03
1.367000000000000000e+03
2.315000000000000000e+03
2.956000000000000000e+03
4.670000000000000000e+03
4.599000000000000000e+03
4.238000000000000000e+03
1.437000000000000000e+03
2.851000000000000000e+03
4.584000000000000000e+03
3.484000000000000000e+03
2.808000000000000000e+03
3.189000000000000000e+03
5.162000000000000000e+03
2.262000000000000000e+03
3.185000000000000000e+03
3.598000000000000000e+03
1.211000000000000000e+03
4.849000000000000000e+03
2.034000000000000000e+03
4.800000000000000000e+01
3.710000000000000000e+02
4.400000000000000000e+03
8.760000000000000000e+02
4.445000000000000000e+03
4.265000000000000000e+03
4.892000000000000000e+03
1.845000000000000000e+03
2.501000000000000000e+03
3.729000000000000000e+03
3.936000000000000000e+03
2.670000000000000000e+02
3.885000000000000000e+03
3.886000000000000000e+03
1.368000000000000000e+03
1.114000000000000000e+03
1.140000000000000000e+03
4.919000000000000000e+03
4.904000000000000000e+03
4.901000000000000000e+03
2.465000000000000000e+03
2.014000000000000000e+03
5.069000000000000000e+03
4.390000000000000000e+03
3.719000000000000000e+03
3.961000000000000000e+03
1.606000000000000000e+03
3.157000000000000000e+03
2.696000000000000000e+03
3.807000000000000000e+03
5.220000000000000000e+02
5.216000000000000000e+03
4.658000000000000000e+03
3.238000000000000000e+03
1.720000000000000000e+03
4.482000000000000000e+03
5.107000000000000000e+03
5.205000000000000000e+03
1.586000000000000000e+03
7.060000000000000000e+02
1.884000000000000000e+03
4.692000000000000000e+03
4.600000000000000000e+01
9.520000000000000000e+02
1.036000000000000000e+03
2.000000000000000000e+03
1.265000000000000000e+03
2.168000000000000000e+03
4.204000000000000000e+03
4.407000000000000000e+03
3.298000000000000000e+03
2.412000000000000000e+03
6.680000000000000000e+02
2.495000000000000000e+03
1.324000000000000000e+03
2.970000000000000000e+03
4.607000000000000000e+03
4.224000000000000000e+03
8.510000000000000000e+02
4.262000000000000000e+03
4.530000000000000000e+03
3.225000000000000000e+03
1.100000000000000000e+03
4.880000000000000000e+03
1.124000000000000000e+03
5.037000000000000000e+03
2.474000000000000000e+03
9.290000000000000000e+02
4.630000000000000000e+02
4.090000000000000000e+03
3.803000000000000000e+03
3.116000000000000000e+03
2.823000000000000000e+03
4.338000000000000000e+03
4.847000000000000000e+03
1.628000000000000000e+03
4.139000000000000000e+03
1.164000000000000000e+03
3.449000000000000000e+03
6.300000000000000000e+02
3.722000000000000000e+03
6.030000000000000000e+02
4.760000000000000000e+03
3.610000000000000000e+03
7.520000000000000000e+02
2.606000000000000000e+03
1.010000000000000000e+03
2.251000000000000000e+03
3.890000000000000000e+03
3.806000000000000000e+03
4.058000000000000000e+03
8.770000000000000000e+02
2.759000000000000000e+03
1.235000000000000000e+03
2.350000000000000000e+02
5.001000000000000000e+03
5.940000000000000000e+02
3.844000000000000000e+03
3.720000000000000000e+03
1.790000000000000000e+02
1.534000000000000000e+03
3.712000000000000000e+03
4.726000000000000000e+03
1.368000000000000000e+03
4.633000000000000000e+03
1.216000000000000000e+03
4.980000000000000000e+03
4.730000000000000000e+03
6.960000000000000000e+02
1.368000000000000000e+03
4.287000000000000000e+03
2.734000000000000000e+03
1.184000000000000000e+03
6.350000000000000000e+02
5.095000000000000000e+03
5.110000000000000000e+03
4.333000000000000000e+03
4.741000000000000000e+03
5.470000000000000000e+02
4.470000000000000000e+03
1.151000000000000000e+03
2.252000000000000000e+03
4.238000000000000000e+03
1.070000000000000000e+02
3.315000000000000000e+03
1.328000000000000000e+03
3.733000000000000000e+03
4.812000000000000000e+03
4.400000000000000000e+01
1.899000000000000000e+03
4.291000000000000000e+03
1.661000000000000000e+03
4.697000000000000000e+03
5.160000000000000000e+02
4.974000000000000000e+03
1.440000000000000000e+03
5.208000000000000000e+03
4.428000000000000000e+03
5.085000000000000000e+03
4.910000000000000000e+03
4.579000000000000000e+03
4.113000000000000000e+03
4.243000000000000000e+03
4.824000000000000000e+03
2.483000000000000000e+03
2.085000000000000000e+03
4.279000000000000000e+03
9.980000000000000000e+02
4.981000000000000000e+03
4.430000000000000000e+02
2.165000000000000000e+03
1.091000000000000000e+03
4.651000000000000000e+03
2.652000000000000000e+03
4.728000000000000000e+03
1.507000000000000000e+03
4.568000000000000000e+03
3.282000000000000000e+03
1.789000000000000000e+03
4.242000000000000000e+03
3.493000000000000000e+03
4.320000000000000000e+02
2.353000000000000000e+03
1.523000000000000000e+03
3.451000000000000000e+03
1.196000000000000000e+03
3.303000000000000000e+03
2.782000000000000000e+03
6.430000000000000000e+02
5.182000000000000000e+03
4.265000000000000000e+03
3.240000000000000000e+03
9.900000000000000000e+02
4.200000000000000000e+02
4.980000000000000000e+02
2.361000000000000000e+03
4.586000000000000000e+03
2.085000000000000000e+03
3.452000000000000000e+03
5.000000000000000000e+00
1.702000000000000000e+03
5.080000000000000000e+03
1.000000000000000000e+02
3.155000000000000000e+03
2.648000000000000000e+03
1.151000000000000000e+03
1.121000000000000000e+03
4.868000000000000000e+03
3.450000000000000000e+03
3.806000000000000000e+03
4.298000000000000000e+03
2.997000000000000000e+03
5.145000000000000000e+03
3.596000000000000000e+03
4.653000000000000000e+03
1.950000000000000000e+02
3.221000000000000000e+03
2.732000000000000000e+03
1.357000000000000000e+03
2.170000000000000000e+03
2.677000000000000000e+03
2.529000000000000000e+03
3.133000000000000000e+03
3.173000000000000000e+03
2.996000000000000000e+03
6.600000000000000000e+02
1.515000000000000000e+03
2.182000000000000000e+03
5.094000000000000000e+03
4.565000000000000000e+03
1.204000000000000000e+03
4.505000000000000000e+03
2.373000000000000000e+03
5.330000000000000000e+02
1.755000000000000000e+03
3.336000000000000000e+03
4.156000000000000000e+03
4.498000000000000000e+03
4.900000000000000000e+01
1.023000000000000000e+03
2.804000000000000000e+03
3.040000000000000000e+02
4.001000000000000000e+03
1.883000000000000000e+03
4.421000000000000000e+03
4.211000000000000000e+03
2.000000000000000000e+03
2.375000000000000000e+03
3.243000000000000000e+03
6.770000000000000000e+02
3.865000000000000000e+03
1.654000000000000000e+03
2.348000000000000000e+03
3.840000000000000000e+02
3.898000000000000000e+03
2.510000000000000000e+03
3.857000000000000000e+03
1.720000000000000000e+02
3.650000000000000000e+02
1.725000000000000000e+03
1.936000000000000000e+03
4.233000000000000000e+03
3.879000000000000000e+03
2.289000000000000000e+03
4.239000000000000000e+03
2.945000000000000000e+03
1.140000000000000000e+02
3.641000000000000000e+03
3.951000000000000000e+03
1.559000000000000000e+03
3.430000000000000000e+03
2.280000000000000000e+03
2.815000000000000000e+03
3.068000000000000000e+03
4.740000000000000000e+02
3.027000000000000000e+03
3.857000000000000000e+03
3.258000000000000000e+03
2.782000000000000000e+03
2.160000000000000000e+02
4.087000000000000000e+03
4.628000000000000000e+03
5.950000000000000000e+02
4.421000000000000000e+03
4.885000000000000000e+03
3.446000000000000000e+03
3.255000000000000000e+03
3.032000000000000000e+03
2.613000000000000000e+03
1.855000000000000000e+03
1.913000000000000000e+03
3.325000000000000000e+03
1.937000000000000000e+03
4.924000000000000000e+03
1.843000000000000000e+03
4.133000000000000000e+03
2.429000000000000000e+03
3.586000000000000000e+03
2.797000000000000000e+03
3.407000000000000000e+03
3.149000000000000000e+03
1.020000000000000000e+03
5.093000000000000000e+03
4.797000000000000000e+03
1.900000000000000000e+02
4.601000000000000000e+03
3.284000000000000000e+03
4.639000000000000000e+03
4.189000000000000000e+03
2.806000000000000000e+03
2.071000000000000000e+03
2.524000000000000000e+03
4.822000000000000000e+03
2.000000000000000000e+00
4.838000000000000000e+03
3.972000000000000000e+03
1.055000000000000000e+03
3.418000000000000000e+03
2.626000000000000000e+03
5.970000000000000000e+02
7.430000000000000000e+02
2.239000000000000000e+03
3.490000000000000000e+03
4.085000000000000000e+03
2.280000000000000000e+03
4.414000000000000000e+03
5.121000000000000000e+03
5.224000000000000000e+03
4.250000000000000000e+03
1.226000000000000000e+03
2.463000000000000000e+03
1.200000000000000000e+02
3.726000000000000000e+03
4.964000000000000000e+03
3.253000000000000000e+03
1.768000000000000000e+03
7.950000000000000000e+02
5.710000000000000000e+02
3.543000000000000000e+03
2.543000000000000000e+03
3.097000000000000000e+03
4.252000000000000000e+03
2.827000000000000000e+03
9.220000000000000000e+02
3.083000000000000000e+03
3.670000000000000000e+02
4.320000000000000000e+03
2.995000000000000000e+03
1.268000000000000000e+03
1.275000000000000000e+03
5.350000000000000000e+02
2.220000000000000000e+02
2.892000000000000000e+03
4.663000000000000000e+03
3.491000000000000000e+03
2.720000000000000000e+02
3.765000000000000000e+03
3.822000000000000000e+03
5.023000000000000000e+03
4.258000000000000000e+03
1.027000000000000000e+03
6.920000000000000000e+02
4.993000000000000000e+03
3.103000000000000000e+03
4.340000000000000000e+03
3.003000000000000000e+03
2.410000000000000000e+03
2.372000000000000000e+03
2.778000000000000000e+03
1.344000000000000000e+03
4.020000000000000000e+03
3.208000000000000000e+03
4.798000000000000000e+03
1.563000000000000000e+03
5.060000000000000000e+02
1.063000000000000000e+03
4.679000000000000000e+03
2.840000000000000000e+02
1.140000000000000000e+03
4.850000000000000000e+03
4.348000000000000000e+03
4.300000000000000000e+03
4.936000000000000000e+03
6.370000000000000000e+02
3.341000000000000000e+03
3.450000000000000000e+03
2.033000000000000000e+03
1.950000000000000000e+02
3.114000000000000000e+03
2.483000000000000000e+03
3.094000000000000000e+03
2.020000000000000000e+02
5.233000000000000000e+03
4.701000000000000000e+03
2.861000000000000000e+03
3.543000000000000000e+03
4.548000000000000000e+03
3.850000000000000000e+02
8.310000000000000000e+02
4.871000000000000000e+03
5.570000000000000000e+02
2.436000000000000000e+03
1.925000000000000000e+03
6.110000000000000000e+02
3.896000000000000000e+03
2.820000000000000000e+03
1.967000000000000000e+03
1.480000000000000000e+02
7.610000000000000000e+02
3.003000000000000000e+03
3.221000000000000000e+03
4.996000000000000000e+03
4.740000000000000000e+02
2.214000000000000000e+03
3.470000000000000000e+03
4.119000000000000000e+03
1.590000000000000000e+03
5.046000000000000000e+03
5.740000000000000000e+02
3.822000000000000000e+03
3.141000000000000000e+03
2.596000000000000000e+03
9.780000000000000000e+02
2.487000000000000000e+03
4.852000000000000000e+03
1.212000000000000000e+03
3.570000000000000000e+02
2.196000000000000000e+03
4.769000000000000000e+03
3.156000000000000000e+03
4.866000000000000000e+03
4.880000000000000000e+03
5.099000000000000000e+03
1.580000000000000000e+02
4.900000000000000000e+03
2.519000000000000000e+03
3.990000000000000000e+02
1.601000000000000000e+03
2.307000000000000000e+03
4.895000000000000000e+03
2.032000000000000000e+03
3.627000000000000000e+03
2.309000000000000000e+03
4.966000000000000000e+03
5.046000000000000000e+03
1.600000000000000000e+03
3.732000000000000000e+03
1.154000000000000000e+03
3.818000000000000000e+03
3.753000000000000000e+03
9.300000000000000000e+01
7.030000000000000000e+02
1.305000000000000000e+03
1.070000000000000000e+03
5.088000000000000000e+03
2.847000000000000000e+03
1.726000000000000000e+03
3.913000000000000000e+03
4.334000000000000000e+03
3.951000000000000000e+03
3.587000000000000000e+03
4.061000000000000000e+03
3.515000000000000000e+03
3.248000000000000000e+03
4.562000000000000000e+03
3.663000000000000000e+03
4.679000000000000000e+03
5.217000000000000000e+03
4.019000000000000000e+03
3.326000000000000000e+03
4.630000000000000000e+02
3.830000000000000000e+02
5.058000000000000000e+03
3.749000000000000000e+03
9.850000000000000000e+02
2.860000000000000000e+03
5.137000000000000000e+03
3.078000000000000000e+03
3.610000000000000000e+03
3.604000000000000000e+03
5.084000000000000000e+03
1.101000000000000000e+03
2.262000000000000000e+03
1.682000000000000000e+03
3.025000000000000000e+03
1.240000000000000000e+02
3.149000000000000000e+03
4.198000000000000000e+03
3.992000000000000000e+03
3.992000000000000000e+03
4.085000000000000000e+03
3.142000000000000000e+03
2.440000000000000000e+02
4.769000000000000000e+03
1.970000000000000000e+02
4.974000000000000000e+03
4.094000000000000000e+03
6.470000000000000000e+02
4.084000000000000000e+03
6.510000000000000000e+02
2.144000000000000000e+03
1.875000000000000000e+03
3.177000000000000000e+03
3.472000000000000000e+03
5.198000000000000000e+03
1.255000000000000000e+03
1.468000000000000000e+03
3.396000000000000000e+03
2.701000000000000000e+03
3.355000000000000000e+03
4.866000000000000000e+03
3.366000000000000000e+03
3.252000000000000000e+03
2.540000000000000000e+03
3.970000000000000000e+02
3.960000000000000000e+02
4.068000000000000000e+03
4.257000000000000000e+03
2.950000000000000000e+02
1.322000000000000000e+03
2.613000000000000000e+03
3.091000000000000000e+03
1.827000000000000000e+03
4.041000000000000000e+03
2.387000000000000000e+03
4.868000000000000000e+03
4.692000000000000000e+03
1.479000000000000000e+03
9.850000000000000000e+02
1.200000000000000000e+01
3.482000000000000000e+03
3.776000000000000000e+03
1.661000000000000000e+03
4.120000000000000000e+02
2.844000000000000000e+03
1.730000000000000000e+03
3.847000000000000000e+03
4.980000000000000000e+03
3.319000000000000000e+03
1.786000000000000000e+03
1.170000000000000000e+03
4.514000000000000000e+03
1.195000000000000000e+03
1.656000000000000000e+03
1.429000000000000000e+03
1.509000000000000000e+03
7.260000000000000000e+02
1.803000000000000000e+03
1.950000000000000000e+02
5.095000000000000000e+03
1.498000000000000000e+03
2.157000000000000000e+03
2.059000000000000000e+03
3.499000000000000000e+03
2.812000000000000000e+03
1.578000000000000000e+03
7.300000000000000000e+01
2.201000000000000000e+03
3.890000000000000000e+03
3.464000000000000000e+03
5.360000000000000000e+02
1.687000000000000000e+03
3.454000000000000000e+03
2.332000000000000000e+03
3.175000000000000000e+03
1.265000000000000000e+03
3.840000000000000000e+02
3.678000000000000000e+03
3.825000000000000000e+03
3.961000000000000000e+03
4.419000000000000000e+03
5.064000000000000000e+03
4.394000000000000000e+03
4.782000000000000000e+03
5.027000000000000000e+03
3.940000000000000000e+03
2.092000000000000000e+03
2.626000000000000000e+03
5.690000000000000000e+02
1.199000000000000000e+03
4.350000000000000000e+02
1.965000000000000000e+03
6.180000000000000000e+02
2.370000000000000000e+02
4.988000000000000000e+03
3.553000000000000000e+03
5.400000000000000000e+01
9.670000000000000000e+02
2.846000000000000000e+03
1.997000000000000000e+03
3.547000000000000000e+03
5.141000000000000000e+03
3.924000000000000000e+03
4.425000000000000000e+03
4.990000000000000000e+02
5.390000000000000000e+02
3.543000000000000000e+03
1.717000000000000000e+03
1.971000000000000000e+03
4.364000000000000000e+03
8.240000000000000000e+02
9.340000000000000000e+02
1.040000000000000000e+02
3.924000000000000000e+03
4.793000000000000000e+03
1.289000000000000000e+03
1.553000000000000000e+03
4.111000000000000000e+03
1.889000000000000000e+03
4.688000000000000000e+03
1.523000000000000000e+03
3.394000000000000000e+03
3.284000000000000000e+03
4.883000000000000000e+03
4.310000000000000000e+03
1.453000000000000000e+03
3.056000000000000000e+03
1.686000000000000000e+03
4.445000000000000000e+03
3.417000000000000000e+03
2.836000000000000000e+03
3.445000000000000000e+03
2.500000000000000000e+01
4.880000000000000000e+03
5.209000000000000000e+03
2.046000000000000000e+03
5.900000000000000000e+01
8.510000000000000000e+02
9.000000000000000000e+00
3.551000000000000000e+03
2.382000000000000000e+03
3.218000000000000000e+03
2.013000000000000000e+03
1.594000000000000000e+03
2.517000000000000000e+03
3.835000000000000000e+03
3.399000000000000000e+03
5.117000000000000000e+03
4.423000000000000000e+03
2.900000000000000000e+02
2.782000000000000000e+03
5.211000000000000000e+03
7.020000000000000000e+02
1.389000000000000000e+03
1.126000000000000000e+03
1.776000000000000000e+03
4.186000000000000000e+03
2.206000000000000000e+03
3.929000000000000000e+03
9.300000000000000000e+02
4.208000000000000000e+03
5.300000000000000000e+01
1.120000000000000000e+02
1.322000000000000000e+03
5.620000000000000000e+02
1.160000000000000000e+03
4.757000000000000000e+03
1.096000000000000000e+03
4.778000000000000000e+03
1.924000000000000000e+03
2.982000000000000000e+03
7.940000000000000000e+02
2.512000000000000000e+03
1.958000000000000000e+03
3.904000000000000000e+03
3.470000000000000000e+03
2.200000000000000000e+01
4.718000000000000000e+03
3.315000000000000000e+03
7.190000000000000000e+02
2.560000000000000000e+02
1.590000000000000000e+03
1.025000000000000000e+03
2.284000000000000000e+03
3.098000000000000000e+03
3.606000000000000000e+03
4.972000000000000000e+03
4.569000000000000000e+03
2.409000000000000000e+03
1.391000000000000000e+03
1.271000000000000000e+03
4.800000000000000000e+03
4.428000000000000000e+03
2.350000000000000000e+02
3.076000000000000000e+03
5.183000000000000000e+03
1.051000000000000000e+03
2.937000000000000000e+03
1.602000000000000000e+03
7.240000000000000000e+02
1.368000000000000000e+03
3.944000000000000000e+03
9.700000000000000000e+01
2.948000000000000000e+03
1.538000000000000000e+03
2.210000000000000000e+03
2.728000000000000000e+03
3.282000000000000000e+03
2.246000000000000000e+03
2.905000000000000000e+03
2.943000000000000000e+03
1.938000000000000000e+03
1.210000000000000000e+02
3.985000000000000000e+03
5.213000000000000000e+03
1.718000000000000000e+03
3.683000000000000000e+03
5.020000000000000000e+03
1.870000000000000000e+03
3.895000000000000000e+03
2.095000000000000000e+03
6.160000000000000000e+02
2.243000000000000000e+03
1.707000000000000000e+03
1.816000000000000000e+03
4.935000000000000000e+03
6.250000000000000000e+02
3.910000000000000000e+02
9.430000000000000000e+02
3.970000000000000000e+03
3.638000000000000000e+03
3.078000000000000000e+03
8.100000000000000000e+02
3.916000000000000000e+03
3.338000000000000000e+03
4.403000000000000000e+03
3.189000000000000000e+03
2.793000000000000000e+03
2.540000000000000000e+02
2.523000000000000000e+03
2.995000000000000000e+03
2.852000000000000000e+03
2.046000000000000000e+03
1.359000000000000000e+03
5.320000000000000000e+02
2.220000000000000000e+02
1.591000000000000000e+03
4.791000000000000000e+03
4.991000000000000000e+03
1.842000000000000000e+03
3.100000000000000000e+02
3.233000000000000000e+03
5.027000000000000000e+03
2.100000000000000000e+01
1.173000000000000000e+03
3.284000000000000000e+03
2.484000000000000000e+03
1.062000000000000000e+03
3.160000000000000000e+02
6.380000000000000000e+02
9.200000000000000000e+02
1.120000000000000000e+02
4.974000000000000000e+03
2.653000000000000000e+03
2.200000000000000000e+01
1.257000000000000000e+03
6.430000000000000000e+02
2.656000000000000000e+03
4.481000000000000000e+03
7.690000000000000000e+02
6.220000000000000000e+02
5.012000000000000000e+03
4.306000000000000000e+03
3.626000000000000000e+03
1.671000000000000000e+03
3.481000000000000000e+03
3.902000000000000000e+03
2.575000000000000000e+03
2.675000000000000000e+03
2.172000000000000000e+03
9.540000000000000000e+02
4.261000000000000000e+03
4.970000000000000000e+03
2.113000000000000000e+03
3.304000000000000000e+03
4.447000000000000000e+03
6.030000000000000000e+02
4.577000000000000000e+03
2.490000000000000000e+03
3.742000000000000000e+03
2.254000000000000000e+03
3.728000000000000000e+03
3.784000000000000000e+03
1.960000000000000000e+03
3.691000000000000000e+03
1.875000000000000000e+03
4.021000000000000000e+03
3.958000000000000000e+03
1.387000000000000000e+03
4.119000000000000000e+03
4.100000000000000000e+01
4.305000000000000000e+03
3.337000000000000000e+03
2.677000000000000000e+03
2.049000000000000000e+03
4.676000000000000000e+03
1.575000000000000000e+03
3.202000000000000000e+03
2.252000000000000000e+03
3.835000000000000000e+03
4.926000000000000000e+03
4.772000000000000000e+03
5.163000000000000000e+03
2.836000000000000000e+03
5.063000000000000000e+03
1.518000000000000000e+03
4.336000000000000000e+03
1.714000000000000000e+03
2.873000000000000000e+03
3.580000000000000000e+03
4.906000000000000000e+03
3.136000000000000000e+03
3.055000000000000000e+03
3.176000000000000000e+03
3.537000000000000000e+03
2.013000000000000000e+03
1.539000000000000000e+03
1.929000000000000000e+03
4.677000000000000000e+03
3.432000000000000000e+03
2.780000000000000000e+02
9.440000000000000000e+02
3.003000000000000000e+03
2.680000000000000000e+02
1.971000000000000000e+03
4.999000000000000000e+03
4.250000000000000000e+02
4.324000000000000000e+03
2.490000000000000000e+02
1.114000000000000000e+03
3.101000000000000000e+03
6.160000000000000000e+02
1.982000000000000000e+03
4.088000000000000000e+03
2.242000000000000000e+03
4.776000000000000000e+03
9.500000000000000000e+01
3.520000000000000000e+02
4.146000000000000000e+03
3.591000000000000000e+03
3.768000000000000000e+03
8.670000000000000000e+02
3.156000000000000000e+03
2.809000000000000000e+03
9.470000000000000000e+02
2.845000000000000000e+03
2.159000000000000000e+03
4.768000000000000000e+03
4.289000000000000000e+03
4.290000000000000000e+03
1.300000000000000000e+01
1.131000000000000000e+03
3.470000000000000000e+02
3.690000000000000000e+02
2.030000000000000000e+03
4.901000000000000000e+03
1.720000000000000000e+03
2.622000000000000000e+03
4.780000000000000000e+02
2.584000000000000000e+03
1.301000000000000000e+03
4.741000000000000000e+03
3.908000000000000000e+03
2.512000000000000000e+03
2.702000000000000000e+03
4.923000000000000000e+03
4.094000000000000000e+03
5.600000000000000000e+01
3.494000000000000000e+03
2.133000000000000000e+03
5.130000000000000000e+02
5.450000000000000000e+02
9.310000000000000000e+02
2.624000000000000000e+03
5.840000000000000000e+02
2.999000000000000000e+03
3.023000000000000000e+03
3.080000000000000000e+02
4.063000000000000000e+03
1.317000000000000000e+03
3.347000000000000000e+03
4.786000000000000000e+03
5.157000000000000000e+03
5.730000000000000000e+02
1.832000000000000000e+03
1.941000000000000000e+03
1.700000000000000000e+02
1.539000000000000000e+03
3.979000000000000000e+03
2.402000000000000000e+03
3.885000000000000000e+03
4.336000000000000000e+03
1.385000000000000000e+03
4.762000000000000000e+03
4.596000000000000000e+03
7.540000000000000000e+02
2.370000000000000000e+02
1.156000000000000000e+03
1.446000000000000000e+03
5.060000000000000000e+03
9.400000000000000000e+02
4.086000000000000000e+03
1.800000000000000000e+01
3.389000000000000000e+03
8.600000000000000000e+02
6.950000000000000000e+02
4.040000000000000000e+02
5.810000000000000000e+02
6.540000000000000000e+02
2.953000000000000000e+03
1.904000000000000000e+03
1.504000000000000000e+03
3.433000000000000000e+03
1.273000000000000000e+03
1.104000000000000000e+03
9.470000000000000000e+02
1.040000000000000000e+02
1.977000000000000000e+03
3.218000000000000000e+03
2.852000000000000000e+03
1.849000000000000000e+03
2.024000000000000000e+03
1.116000000000000000e+03
3.371000000000000000e+03
3.700000000000000000e+02
2.970000000000000000e+03
1.474000000000000000e+03
2.178000000000000000e+03
4.076000000000000000e+03
3.177000000000000000e+03
1.442000000000000000e+03
1.643000000000000000e+03
5.199000000000000000e+03
2.878000000000000000e+03
2.792000000000000000e+03
3.688000000000000000e+03
2.757000000000000000e+03
2.769000000000000000e+03
4.937000000000000000e+03
2.030000000000000000e+03
4.655000000000000000e+03
1.137000000000000000e+03
2.390000000000000000e+03
1.096000000000000000e+03
1.215000000000000000e+03
2.894000000000000000e+03
2.668000000000000000e+03
1.681000000000000000e+03
1.300000000000000000e+02
9.230000000000000000e+02
2.960000000000000000e+02
1.221000000000000000e+03
3.331000000000000000e+03
2.983000000000000000e+03
2.075000000000000000e+03
2.425000000000000000e+03
2.220000000000000000e+02
7.840000000000000000e+02
2.410000000000000000e+03
1.580000000000000000e+02
2.512000000000000000e+03
3.210000000000000000e+03
4.910000000000000000e+02
4.444000000000000000e+03
1.119000000000000000e+03
1.308000000000000000e+03
2.698000000000000000e+03
4.067000000000000000e+03
1.182000000000000000e+03
2.503000000000000000e+03
1.780000000000000000e+02
2.340000000000000000e+02
5.239000000000000000e+03
4.543000000000000000e+03
4.314000000000000000e+03
4.602000000000000000e+03
1.196000000000000000e+03
4.891000000000000000e+03
4.910000000000000000e+02
3.710000000000000000e+02
1.774000000000000000e+03
4.407000000000000000e+03
6.600000000000000000e+02
5.100000000000000000e+02
4.207000000000000000e+03
2.172000000000000000e+03
3.323000000000000000e+03
4.107000000000000000e+03
2.979000000000000000e+03
1.043000000000000000e+03
5.007000000000000000e+03
4.943000000000000000e+03
2.483000000000000000e+03
4.783000000000000000e+03
7.570000000000000000e+02
3.779000000000000000e+03
3.869000000000000000e+03
3.913000000000000000e+03
4.461000000000000000e+03
2.529000000000000000e+03
3.450000000000000000e+03
1.358000000000000000e+03
1.912000000000000000e+03
3.643000000000000000e+03
2.010000000000000000e+02
4.095000000000000000e+03
1.923000000000000000e+03
1.405000000000000000e+03
4.129000000000000000e+03
4.330000000000000000e+02
3.977000000000000000e+03
9.340000000000000000e+02
3.326000000000000000e+03
2.870000000000000000e+03
5.300000000000000000e+01
1.406000000000000000e+03
2.790000000000000000e+03
1.057000000000000000e+03
2.992000000000000000e+03
2.632000000000000000e+03
2.608000000000000000e+03
4.240000000000000000e+03
2.191000000000000000e+03
4.626000000000000000e+03
5.450000000000000000e+02
2.778000000000000000e+03
4.494000000000000000e+03
1.011000000000000000e+03
3.301000000000000000e+03
4.836000000000000000e+03
1.215000000000000000e+03
4.243000000000000000e+03
1.064000000000000000e+03
5.072000000000000000e+03
4.189000000000000000e+03
5.000000000000000000e+02
2.171000000000000000e+03
8.270000000000000000e+02
3.978000000000000000e+03
3.260000000000000000e+02
4.406000000000000000e+03
1.868000000000000000e+03
2.373000000000000000e+03
2.636000000000000000e+03
5.067000000000000000e+03
2.422000000000000000e+03
3.360000000000000000e+02
3.528000000000000000e+03
1.496000000000000000e+03
1.698000000000000000e+03
1.959000000000000000e+03
1.456000000000000000e+03
4.255000000000000000e+03
1.271000000000000000e+03
2.070000000000000000e+03
4.900000000000000000e+03
1.579000000000000000e+03
5.077000000000000000e+03
4.209000000000000000e+03
8.940000000000000000e+02
3.936000000000000000e+03
4.008000000000000000e+03
6.160000000000000000e+02
4.548000000000000000e+03
4.900000000000000000e+02
1.807000000000000000e+03
1.845000000000000000e+03
4.800000000000000000e+01
2.147000000000000000e+03
1.295000000000000000e+03
3.210000000000000000e+02
2.697000000000000000e+03
4.289000000000000000e+03
3.025000000000000000e+03
1.920000000000000000e+02
3.940000000000000000e+03
1.060000000000000000e+02
3.170000000000000000e+03
3.699000000000000000e+03
4.960000000000000000e+03
4.690000000000000000e+02
2.684000000000000000e+03
5.165000000000000000e+03
2.121000000000000000e+03
4.704000000000000000e+03
4.912000000000000000e+03
5.500000000000000000e+01
4.710000000000000000e+03
4.216000000000000000e+03
3.670000000000000000e+03
3.057000000000000000e+03
3.229000000000000000e+03
2.375000000000000000e+03
4.835000000000000000e+03
2.510000000000000000e+02
7.350000000000000000e+02
3.350000000000000000e+02
4.430000000000000000e+03
9.300000000000000000e+02
1.772000000000000000e+03
4.580000000000000000e+02
4.231000000000000000e+03
3.630000000000000000e+03
3.167000000000000000e+03
3.051000000000000000e+03
5.187000000000000000e+03
2.113000000000000000e+03
2.543000000000000000e+03
4.568000000000000000e+03
1.513000000000000000e+03
9.290000000000000000e+02
1.132000000000000000e+03
4.677000000000000000e+03
1.132000000000000000e+03
4.849000000000000000e+03
4.063000000000000000e+03
4.245000000000000000e+03
3.140000000000000000e+02
3.873000000000000000e+03
1.972000000000000000e+03
3.628000000000000000e+03
3.637000000000000000e+03
4.323000000000000000e+03
6.400000000000000000e+02
4.338000000000000000e+03
1.719000000000000000e+03
1.190000000000000000e+03
3.935000000000000000e+03
4.979000000000000000e+03
4.260000000000000000e+02
4.778000000000000000e+03
2.088000000000000000e+03
5.239000000000000000e+03
4.541000000000000000e+03
3.332000000000000000e+03
3.820000000000000000e+03
8.690000000000000000e+02
1.830000000000000000e+02
1.007000000000000000e+03
9.030000000000000000e+02
1.648000000000000000e+03
2.625000000000000000e+03
1.716000000000000000e+03
2.200000000000000000e+03
4.621000000000000000e+03
4.788000000000000000e+03
7.640000000000000000e+02
3.361000000000000000e+03
1.600000000000000000e+02
3.225000000000000000e+03
3.327000000000000000e+03
3.561000000000000000e+03
1.115000000000000000e+03
2.797000000000000000e+03
1.670000000000000000e+03
3.490000000000000000e+03
5.113000000000000000e+03
1.064000000000000000e+03
3.250000000000000000e+02
4.558000000000000000e+03
2.085000000000000000e+03
7.430000000000000000e+02
4.250000000000000000e+03
1.731000000000000000e+03
1.799000000000000000e+03
2.783000000000000000e+03
1.074000000000000000e+03
4.254000000000000000e+03
1.953000000000000000e+03
2.570000000000000000e+03
8.280000000000000000e+02
1.283000000000000000e+03
5.057000000000000000e+03
3.232000000000000000e+03
1.560000000000000000e+03
4.387000000000000000e+03
4.165000000000000000e+03
3.803000000000000000e+03
1.387000000000000000e+03
2.190000000000000000e+02
3.466000000000000000e+03
2.860000000000000000e+02
4.233000000000000000e+03
3.365000000000000000e+03
2.580000000000000000e+02
2.895000000000000000e+03
1.858000000000000000e+03
3.630000000000000000e+03
1.756000000000000000e+03
4.174000000000000000e+03
2.068000000000000000e+03
4.744000000000000000e+03
3.055000000000000000e+03
1.488000000000000000e+03
6.260000000000000000e+02
3.627000000000000000e+03
4.627000000000000000e+03
5.095000000000000000e+03
8.520000000000000000e+02
1.583000000000000000e+03
4.053000000000000000e+03
2.797000000000000000e+03
2.937000000000000000e+03
1.876000000000000000e+03
1.426000000000000000e+03
7.520000000000000000e+02
3.921000000000000000e+03
1.800000000000000000e+01
6.900000000000000000e+02
4.621000000000000000e+03
2.066000000000000000e+03
5.101000000000000000e+03
8.660000000000000000e+02
3.388000000000000000e+03
1.473000000000000000e+03
3.113000000000000000e+03
5.900000000000000000e+01
4.499000000000000000e+03
1.725000000000000000e+03
3.466000000000000000e+03
2.866000000000000000e+03
1.337000000000000000e+03
1.580000000000000000e+02
9.920000000000000000e+02
2.476000000000000000e+03
2.693000000000000000e+03
2.947000000000000000e+03
7.310000000000000000e+02
2.918000000000000000e+03
1.670000000000000000e+03
2.629000000000000000e+03
1.059000000000000000e+03
2.724000000000000000e+03
1.335000000000000000e+03
3.668000000000000000e+03
2.120000000000000000e+03
6.750000000000000000e+02
2.640000000000000000e+02
3.494000000000000000e+03
4.828000000000000000e+03
1.737000000000000000e+03
4.244000000000000000e+03
2.507000000000000000e+03
1.716000000000000000e+03
3.363000000000000000e+03
3.840000000000000000e+03
2.897000000000000000e+03
4.781000000000000000e+03
2.792000000000000000e+03
3.127000000000000000e+03
3.670000000000000000e+03
2.493000000000000000e+03
7.100000000000000000e+01
2.003000000000000000e+03
2.949000000000000000e+03
3.954000000000000000e+03
1.199000000000000000e+03
1.176000000000000000e+03
9.140000000000000000e+02
5.128000000000000000e+03
1.100000000000000000e+03
2.330000000000000000e+02
2.915000000000000000e+03
3.350000000000000000e+03
4.350000000000000000e+02
2.480000000000000000e+03
8.520000000000000000e+02
3.000000000000000000e+02
5.530000000000000000e+02
3.438000000000000000e+03
4.788000000000000000e+03
4.169000000000000000e+03
5.031000000000000000e+03
4.020000000000000000e+02
9.420000000000000000e+02
7.840000000000000000e+02
4.927000000000000000e+03
3.300000000000000000e+02
4.837000000000000000e+03
3.248000000000000000e+03
4.440000000000000000e+02
3.772000000000000000e+03
4.260000000000000000e+02
7.140000000000000000e+02
4.990000000000000000e+02
2.532000000000000000e+03
7.280000000000000000e+02
3.674000000000000000e+03
1.897000000000000000e+03
2.700000000000000000e+01
3.411000000000000000e+03
1.540000000000000000e+03
7.310000000000000000e+02
1.797000000000000000e+03
2.830000000000000000e+03
2.417000000000000000e+03
2.859000000000000000e+03
4.003000000000000000e+03
4.370000000000000000e+03
9.700000000000000000e+01
3.095000000000000000e+03
1.021000000000000000e+03
2.561000000000000000e+03
2.681000000000000000e+03
1.151000000000000000e+03
3.142000000000000000e+03
4.381000000000000000e+03
3.187000000000000000e+03
4.576000000000000000e+03
9.360000000000000000e+02
3.222000000000000000e+03
2.461000000000000000e+03
3.313000000000000000e+03
2.080000000000000000e+02
6.470000000000000000e+02
4.341000000000000000e+03
2.134000000000000000e+03
3.268000000000000000e+03
6.490000000000000000e+02
2.183000000000000000e+03
4.001000000000000000e+03
1.468000000000000000e+03
2.800000000000000000e+01
4.876000000000000000e+03
1.142000000000000000e+03
8.400000000000000000e+02
1.784000000000000000e+03
2.270000000000000000e+02
3.834000000000000000e+03
2.500000000000000000e+02
1.541000000000000000e+03
9.140000000000000000e+02
3.041000000000000000e+03
7.650000000000000000e+02
3.337000000000000000e+03
3.235000000000000000e+03
1.726000000000000000e+03
7.000000000000000000e+00
2.922000000000000000e+03
2.059000000000000000e+03
3.709000000000000000e+03
8.200000000000000000e+01
2.657000000000000000e+03
4.600000000000000000e+01
1.976000000000000000e+03
3.232000000000000000e+03
3.916000000000000000e+03
1.117000000000000000e+03
3.450000000000000000e+03
4.107000000000000000e+03
3.845000000000000000e+03
4.789000000000000000e+03
5.000000000000000000e+02
2.479000000000000000e+03
4.641000000000000000e+03
4.747000000000000000e+03
9.300000000000000000e+02
3.557000000000000000e+03
4.701000000000000000e+03
6.940000000000000000e+02
2.518000000000000000e+03
1.059000000000000000e+03
2.999000000000000000e+03
3.826000000000000000e+03
2.870000000000000000e+02
4.403000000000000000e+03
4.194000000000000000e+03
3.567000000000000000e+03
1.013000000000000000e+03
2.026000000000000000e+03
5.790000000000000000e+02
2.263000000000000000e+03
2.911000000000000000e+03
5.193000000000000000e+03
2.555000000000000000e+03
4.982000000000000000e+03
4.532000000000000000e+03
4.964000000000000000e+03
2.529000000000000000e+03
4.574000000000000000e+03
4.108000000000000000e+03
4.501000000000000000e+03
3.497000000000000000e+03
3.000000000000000000e+00
4.519000000000000000e+03
4.661000000000000000e+03
6.580000000000000000e+02
3.800000000000000000e+02
3.402000000000000000e+03
2.718000000000000000e+03
4.644000000000000000e+03
4.552000000000000000e+03
3.592000000000000000e+03
4.890000000000000000e+02
4.900000000000000000e+03
7.910000000000000000e+02
2.033000000000000000e+03
3.734000000000000000e+03
4.077000000000000000e+03
4.742000000000000000e+03
1.590000000000000000e+03
1.493000000000000000e+03
2.469000000000000000e+03
8.200000000000000000e+02
3.889000000000000000e+03
2.329000000000000000e+03
2.463000000000000000e+03
4.192000000000000000e+03
1.820000000000000000e+02
4.358000000000000000e+03
4.344000000000000000e+03
1.069000000000000000e+03
4.333000000000000000e+03
1.122000000000000000e+03
3.009000000000000000e+03
1.897000000000000000e+03
4.727000000000000000e+03
9.190000000000000000e+02
4.363000000000000000e+03
2.059000000000000000e+03
4.387000000000000000e+03
8.290000000000000000e+02
5.520000000000000000e+02
4.878000000000000000e+03
3.626000000000000000e+03
4.612000000000000000e+03
4.443000000000000000e+03
3.287000000000000000e+03
4.357000000000000000e+03
2.851000000000000000e+03
4.640000000000000000e+02
4.204000000000000000e+03
4.118000000000000000e+03
5.221000000000000000e+03
5.140000000000000000e+02
1.282000000000000000e+03
3.080000000000000000e+02
7.280000000000000000e+02
4.620000000000000000e+02
1.111000000000000000e+03
2.117000000000000000e+03
4.851000000000000000e+03
3.647000000000000000e+03
1.576000000000000000e+03
5.140000000000000000e+02
3.421000000000000000e+03
1.156000000000000000e+03
4.047000000000000000e+03
3.260000000000000000e+02
3.434000000000000000e+03
1.899000000000000000e+03
3.919000000000000000e+03
3.100000000000000000e+01
1.603000000000000000e+03
3.238000000000000000e+03
3.180000000000000000e+02
1.868000000000000000e+03
1.622000000000000000e+03
1.843000000000000000e+03
2.541000000000000000e+03
3.800000000000000000e+03
2.322000000000000000e+03
3.610000000000000000e+02
9.560000000000000000e+02
9.120000000000000000e+02
8.180000000000000000e+02
1.142000000000000000e+03
2.291000000000000000e+03
1.192000000000000000e+03
6.100000000000000000e+01
1.528000000000000000e+03
3.110000000000000000e+02
1.255000000000000000e+03
1.565000000000000000e+03
1.869000000000000000e+03
3.823000000000000000e+03
2.859000000000000000e+03
5.079000000000000000e+03
2.198000000000000000e+03
4.229000000000000000e+03
6.320000000000000000e+02
3.859000000000000000e+03
1.944000000000000000e+03
3.812000000000000000e+03
5.780000000000000000e+02
9.090000000000000000e+02
4.996000000000000000e+03
1.551000000000000000e+03
3.700000000000000000e+03
4.677000000000000000e+03
2.603000000000000000e+03
6.800000000000000000e+02
5.052000000000000000e+03
3.100000000000000000e+01
2.149000000000000000e+03
3.977000000000000000e+03
2.683000000000000000e+03
4.430000000000000000e+02
4.163000000000000000e+03
4.790000000000000000e+03
1.942000000000000000e+03
4.728000000000000000e+03
2.732000000000000000e+03
1.884000000000000000e+03
7.900000000000000000e+01
5.145000000000000000e+03
4.065000000000000000e+03
4.122000000000000000e+03
4.739000000000000000e+03
3.720000000000000000e+03
1.750000000000000000e+03
4.110000000000000000e+03
4.485000000000000000e+03
1.255000000000000000e+03
2.627000000000000000e+03
2.488000000000000000e+03
2.978000000000000000e+03
2.780000000000000000e+03
4.952000000000000000e+03
1.628000000000000000e+03
4.010000000000000000e+02
4.272000000000000000e+03
3.234000000000000000e+03
4.850000000000000000e+03
4.444000000000000000e+03
2.330000000000000000e+02
7.950000000000000000e+02
3.981000000000000000e+03
1.538000000000000000e+03
4.161000000000000000e+03
4.506000000000000000e+03
3.414000000000000000e+03
4.880000000000000000e+03
6.800000000000000000e+01
2.214000000000000000e+03
2.519000000000000000e+03
1.539000000000000000e+03
3.342000000000000000e+03
4.903000000000000000e+03
4.990000000000000000e+02
1.869000000000000000e+03
5.070000000000000000e+02
3.138000000000000000e+03
1.327000000000000000e+03
1.626000000000000000e+03
2.121000000000000000e+03
3.428000000000000000e+03
8.110000000000000000e+02
2.112000000000000000e+03
2.230000000000000000e+03
4.282000000000000000e+03
4.155000000000000000e+03
8.590000000000000000e+02
2.831000000000000000e+03
2.330000000000000000e+03
3.720000000000000000e+02
2.200000000000000000e+02
4.966000000000000000e+03
1.311000000000000000e+03
1.315000000000000000e+03
4.040000000000000000e+02
5.231000000000000000e+03
3.183000000000000000e+03
2.465000000000000000e+03
2.280000000000000000e+03
5.000000000000000000e+02
6.370000000000000000e+02
2.504000000000000000e+03
1.258000000000000000e+03
3.632000000000000000e+03
5.166000000000000000e+03
5.930000000000000000e+02
2.690000000000000000e+02
1.883000000000000000e+03
1.876000000000000000e+03
1.992000000000000000e+03
4.152000000000000000e+03
3.530000000000000000e+03
4.204000000000000000e+03
2.308000000000000000e+03
5.007000000000000000e+03
1.120000000000000000e+03
3.406000000000000000e+03
4.825000000000000000e+03
3.828000000000000000e+03
4.077000000000000000e+03
1.536000000000000000e+03
4.917000000000000000e+03
2.981000000000000000e+03
4.307000000000000000e+03
1.305000000000000000e+03
1.173000000000000000e+03
4.005000000000000000e+03
2.448000000000000000e+03
8.370000000000000000e+02
3.160000000000000000e+03
2.910000000000000000e+03
3.118000000000000000e+03
2.431000000000000000e+03
4.710000000000000000e+03
1.353000000000000000e+03
2.258000000000000000e+03
4.370000000000000000e+02
2.640000000000000000e+03
3.672000000000000000e+03
5.620000000000000000e+02
4.221000000000000000e+03
6.050000000000000000e+02
5.037000000000000000e+03
1.819000000000000000e+03
9.450000000000000000e+02
3.376000000000000000e+03
2.552000000000000000e+03
8.390000000000000000e+02
4.900000000000000000e+03
3.285000000000000000e+03
9.630000000000000000e+02
3.896000000000000000e+03
3.668000000000000000e+03
5.114000000000000000e+03
2.727000000000000000e+03
1.725000000000000000e+03
2.797000000000000000e+03
1.358000000000000000e+03
3.073000000000000000e+03
2.075000000000000000e+03
4.660000000000000000e+03
4.745000000000000000e+03
2.740000000000000000e+02
4.163000000000000000e+03
2.090000000000000000e+03
8.290000000000000000e+02
2.501000000000000000e+03
3.806000000000000000e+03
2.768000000000000000e+03
4.134000000000000000e+03
1.023000000000000000e+03
4.080000000000000000e+03
2.740000000000000000e+02
1.687000000000000000e+03
3.374000000000000000e+03
2.910000000000000000e+02
2.700000000000000000e+03
1.210000000000000000e+03
4.717000000000000000e+03
1.359000000000000000e+03
2.935000000000000000e+03
3.310000000000000000e+02
1.731000000000000000e+03
2.203000000000000000e+03
4.364000000000000000e+03
3.445000000000000000e+03
4.952000000000000000e+03
3.226000000000000000e+03
4.968000000000000000e+03
1.639000000000000000e+03
3.426000000000000000e+03
3.215000000000000000e+03
3.454000000000000000e+03
1.346000000000000000e+03
3.656000000000000000e+03
1.350000000000000000e+02
3.520000000000000000e+02
1.698000000000000000e+03
4.676000000000000000e+03
3.448000000000000000e+03
4.629000000000000000e+03
3.931000000000000000e+03
1.950000000000000000e+03
2.115000000000000000e+03
4.270000000000000000e+03
1.518000000000000000e+03
1.284000000000000000e+03
3.043000000000000000e+03
4.410000000000000000e+03
2.343000000000000000e+03
3.983000000000000000e+03
2.519000000000000000e+03
2.262000000000000000e+03
3.718000000000000000e+03
5.189000000000000000e+03
2.588000000000000000e+03
3.792000000000000000e+03
1.246000000000000000e+03
1.512000000000000000e+03
2.339000000000000000e+03
1.897000000000000000e+03
1.226000000000000000e+03
9.830000000000000000e+02
3.389000000000000000e+03
5.084000000000000000e+03
1.515000000000000000e+03
4.197000000000000000e+03
3.709000000000000000e+03
4.593000000000000000e+03
3.670000000000000000e+02
1.617000000000000000e+03
5.146000000000000000e+03
1.113000000000000000e+03
2.973000000000000000e+03
1.338000000000000000e+03
4.361000000000000000e+03
1.864000000000000000e+03
4.886000000000000000e+03
1.844000000000000000e+03
2.450000000000000000e+02
2.175000000000000000e+03
6.330000000000000000e+02
1.338000000000000000e+03
7.000000000000000000e+00
1.917000000000000000e+03
3.463000000000000000e+03
1.743000000000000000e+03
2.819000000000000000e+03
3.520000000000000000e+02
4.329000000000000000e+03
3.049000000000000000e+03
9.200000000000000000e+01
4.011000000000000000e+03
1.289000000000000000e+03
4.323000000000000000e+03
6.090000000000000000e+02
4.496000000000000000e+03
2.430000000000000000e+02
6.220000000000000000e+02
1.701000000000000000e+03
1.356000000000000000e+03
3.292000000000000000e+03
2.734000000000000000e+03
4.887000000000000000e+03
1.231000000000000000e+03
4.066000000000000000e+03
5.057000000000000000e+03
7.820000000000000000e+02
1.031000000000000000e+03
1.863000000000000000e+03
4.012000000000000000e+03
4.927000000000000000e+03
4.677000000000000000e+03
2.759000000000000000e+03
6.720000000000000000e+02
1.924000000000000000e+03
3.977000000000000000e+03
2.902000000000000000e+03
3.396000000000000000e+03
5.031000000000000000e+03
4.100000000000000000e+01
8.170000000000000000e+02
4.540000000000000000e+02
3.896000000000000000e+03
3.855000000000000000e+03
5.810000000000000000e+02
2.469000000000000000e+03
2.736000000000000000e+03
4.630000000000000000e+03
3.497000000000000000e+03
3.880000000000000000e+03
3.309000000000000000e+03
1.929000000000000000e+03
1.658000000000000000e+03
6.970000000000000000e+02
1.066000000000000000e+03
2.626000000000000000e+03
5.031000000000000000e+03
3.743000000000000000e+03
4.691000000000000000e+03
3.484000000000000000e+03
1.090000000000000000e+03
3.404000000000000000e+03
4.618000000000000000e+03
4.541000000000000000e+03
2.871000000000000000e+03
4.007000000000000000e+03
2.911000000000000000e+03
1.724000000000000000e+03
4.706000000000000000e+03
5.157000000000000000e+03
2.236000000000000000e+03
3.692000000000000000e+03
1.899000000000000000e+03
1.510000000000000000e+03
1.865000000000000000e+03
4.375000000000000000e+03
4.490000000000000000e+03
9.320000000000000000e+02
4.390000000000000000e+02
2.850000000000000000e+03
4.160000000000000000e+02
2.923000000000000000e+03
3.523000000000000000e+03
5.800000000000000000e+01
1.637000000000000000e+03
9.210000000000000000e+02
3.653000000000000000e+03
7.810000000000000000e+02
2.404000000000000000e+03
2.349000000000000000e+03
2.948000000000000000e+03
1.937000000000000000e+03
2.619000000000000000e+03
5.109000000000000000e+03
1.376000000000000000e+03
5.218000000000000000e+03
3.856000000000000000e+03
5.800000000000000000e+02
4.106000000000000000e+03
2.161000000000000000e+03
2.644000000000000000e+03
5.400000000000000000e+01
7.120000000000000000e+02
4.543000000000000000e+03
4.506000000000000000e+03
1.869000000000000000e+03
1.563000000000000000e+03
5.182000000000000000e+03
3.958000000000000000e+03
2.033000000000000000e+03
3.230000000000000000e+03
3.166000000000000000e+03
4.232000000000000000e+03
2.120000000000000000e+02
2.361000000000000000e+03
4.753000000000000000e+03
3.761000000000000000e+03
1.374000000000000000e+03
3.170000000000000000e+02
5.620000000000000000e+02
4.134000000000000000e+03
3.731000000000000000e+03
1.113000000000000000e+03
4.188000000000000000e+03
3.260000000000000000e+03
3.939000000000000000e+03
7.420000000000000000e+02
4.617000000000000000e+03
3.960000000000000000e+02
4.807000000000000000e+03
4.188000000000000000e+03
4.191000000000000000e+03
1.486000000000000000e+03
5.226000000000000000e+03
8.090000000000000000e+02
3.539000000000000000e+03
2.425000000000000000e+03
3.590000000000000000e+02
3.407000000000000000e+03
3.313000000000000000e+03
1.990000000000000000e+02
1.521000000000000000e+03
4.717000000000000000e+03
2.931000000000000000e+03
2.320000000000000000e+03
4.808000000000000000e+03
1.531000000000000000e+03
7.300000000000000000e+01
2.552000000000000000e+03
2.909000000000000000e+03
3.761000000000000000e+03
8.130000000000000000e+02
1.034000000000000000e+03
3.100000000000000000e+03
4.542000000000000000e+03
3.903000000000000000e+03
4.530000000000000000e+02
1.509000000000000000e+03
4.104000000000000000e+03
1.337000000000000000e+03
3.833000000000000000e+03
1.547000000000000000e+03
3.270000000000000000e+03
2.896000000000000000e+03
2.780000000000000000e+02
4.596000000000000000e+03
2.490000000000000000e+03
2.727000000000000000e+03
4.459000000000000000e+03
4.958000000000000000e+03
3.375000000000000000e+03
1.619000000000000000e+03
4.557000000000000000e+03
3.894000000000000000e+03
4.897000000000000000e+03
2.819000000000000000e+03
1.334000000000000000e+03
3.530000000000000000e+03
1.142000000000000000e+03
1.305000000000000000e+03
2.322000000000000000e+03
3.158000000000000000e+03
2.355000000000000000e+03
3.359000000000000000e+03
1.658000000000000000e+03
3.749000000000000000e+03
3.026000000000000000e+03
5.790000000000000000e+02
2.230000000000000000e+03
4.239000000000000000e+03
1.025000000000000000e+03
1.543000000000000000e+03
1.308000000000000000e+03
3.775000000000000000e+03
4.176000000000000000e+03
5.220000000000000000e+03
3.932000000000000000e+03
2.701000000000000000e+03
7.900000000000000000e+02
1.020000000000000000e+03
3.222000000000000000e+03
3.156000000000000000e+03
3.912000000000000000e+03
4.467000000000000000e+03
1.643000000000000000e+03
3.106000000000000000e+03
2.200000000000000000e+01
3.200000000000000000e+02
3.680000000000000000e+02
3.885000000000000000e+03
1.455000000000000000e+03
4.433000000000000000e+03
3.117000000000000000e+03
2.929000000000000000e+03
4.702000000000000000e+03
4.056000000000000000e+03
6.640000000000000000e+02
7.640000000000000000e+02
9.310000000000000000e+02
2.994000000000000000e+03
4.487000000000000000e+03
4.480000000000000000e+03
4.940000000000000000e+02
2.524000000000000000e+03
6.200000000000000000e+02
2.453000000000000000e+03
4.386000000000000000e+03
5.190000000000000000e+03
4.210000000000000000e+02
1.217000000000000000e+03
4.095000000000000000e+03
3.761000000000000000e+03
2.500000000000000000e+01
2.590000000000000000e+03
4.434000000000000000e+03
3.962000000000000000e+03
9.020000000000000000e+02
4.037000000000000000e+03
1.533000000000000000e+03
2.805000000000000000e+03
4.663000000000000000e+03
1.990000000000000000e+02
3.670000000000000000e+03
6.190000000000000000e+02
3.950000000000000000e+03
3.706000000000000000e+03
3.463000000000000000e+03
2.456000000000000000e+03
2.055000000000000000e+03
3.131000000000000000e+03
2.208000000000000000e+03
4.548000000000000000e+03
4.530000000000000000e+03
2.903000000000000000e+03
2.201000000000000000e+03
2.840000000000000000e+02
3.764000000000000000e+03
4.301000000000000000e+03
1.301000000000000000e+03
7.260000000000000000e+02
1.671000000000000000e+03
2.730000000000000000e+03
4.483000000000000000e+03
3.921000000000000000e+03
3.993000000000000000e+03
4.111000000000000000e+03
2.172000000000000000e+03
4.204000000000000000e+03
2.933000000000000000e+03
1.371000000000000000e+03
6.160000000000000000e+02
1.107000000000000000e+03
6.650000000000000000e+02
2.568000000000000000e+03
1.170000000000000000e+02
3.208000000000000000e+03
1.397000000000000000e+03
4.732000000000000000e+03
4.988000000000000000e+03
3.408000000000000000e+03
1.081000000000000000e+03
2.626000000000000000e+03
1.492000000000000000e+03
1.313000000000000000e+03
1.850000000000000000e+02
3.585000000000000000e+03
5.126000000000000000e+03
4.649000000000000000e+03
8.900000000000000000e+01
1.937000000000000000e+03
8.270000000000000000e+02
3.610000000000000000e+03
2.633000000000000000e+03
1.010000000000000000e+03
2.072000000000000000e+03
2.517000000000000000e+03
2.089000000000000000e+03
3.807000000000000000e+03
4.783000000000000000e+03
4.270000000000000000e+03
6.090000000000000000e+02
1.781000000000000000e+03
7.430000000000000000e+02
1.590000000000000000e+03
2.626000000000000000e+03
4.490000000000000000e+03
4.810000000000000000e+03
3.454000000000000000e+03
2.370000000000000000e+02
6.250000000000000000e+02
4.774000000000000000e+03
4.651000000000000000e+03
8.200000000000000000e+01
1.974000000000000000e+03
2.544000000000000000e+03
7.830000000000000000e+02
3.560000000000000000e+03
2.316000000000000000e+03
3.400000000000000000e+03
1.587000000000000000e+03
4.797000000000000000e+03
8.940000000000000000e+02
1.490000000000000000e+02
4.073000000000000000e+03
2.345000000000000000e+03
3.936000000000000000e+03
1.200000000000000000e+03
2.771000000000000000e+03
4.715000000000000000e+03
2.704000000000000000e+03
2.659000000000000000e+03
1.076000000000000000e+03
4.197000000000000000e+03
1.230000000000000000e+03
4.799000000000000000e+03
3.969000000000000000e+03
1.476000000000000000e+03
4.562000000000000000e+03
2.744000000000000000e+03
4.117000000000000000e+03
2.006000000000000000e+03
7.490000000000000000e+02
2.540000000000000000e+02
3.704000000000000000e+03
2.050000000000000000e+03
1.936000000000000000e+03
1.833000000000000000e+03
1.974000000000000000e+03
3.658000000000000000e+03
3.747000000000000000e+03
1.968000000000000000e+03
5.197000000000000000e+03
2.542000000000000000e+03
6.960000000000000000e+02
3.525000000000000000e+03
2.040000000000000000e+02
1.940000000000000000e+03
1.846000000000000000e+03
2.644000000000000000e+03
3.020000000000000000e+03
1.118000000000000000e+03
2.679000000000000000e+03
5.052000000000000000e+03
4.301000000000000000e+03
4.472000000000000000e+03
5.200000000000000000e+01
3.948000000000000000e+03
2.540000000000000000e+02
1.512000000000000000e+03
1.509000000000000000e+03
3.689000000000000000e+03
3.200000000000000000e+02
4.229000000000000000e+03
5.094000000000000000e+03
4.701000000000000000e+03
4.071000000000000000e+03
4.320000000000000000e+02
3.782000000000000000e+03
2.399000000000000000e+03
4.596000000000000000e+03
2.499000000000000000e+03
2.306000000000000000e+03
2.996000000000000000e+03
4.555000000000000000e+03
4.389000000000000000e+03
1.459000000000000000e+03
4.079000000000000000e+03
4.376000000000000000e+03
4.433000000000000000e+03
3.788000000000000000e+03
1.360000000000000000e+02
3.220000000000000000e+02
1.311000000000000000e+03
2.286000000000000000e+03
3.260000000000000000e+03
3.858000000000000000e+03
3.175000000000000000e+03
1.640000000000000000e+03
4.601000000000000000e+03
1.582000000000000000e+03
2.742000000000000000e+03
2.723000000000000000e+03
4.644000000000000000e+03
6.690000000000000000e+02
5.128000000000000000e+03
1.902000000000000000e+03
4.988000000000000000e+03
2.375000000000000000e+03
2.160000000000000000e+03
2.436000000000000000e+03
2.534000000000000000e+03
5.006000000000000000e+03
4.349000000000000000e+03
1.496000000000000000e+03
2.350000000000000000e+02
3.812000000000000000e+03
3.091000000000000000e+03
4.638000000000000000e+03
4.537000000000000000e+03
2.185000000000000000e+03
3.732000000000000000e+03
1.490000000000000000e+02
5.131000000000000000e+03
1.534000000000000000e+03
5.084000000000000000e+03
5.580000000000000000e+02
4.967000000000000000e+03
4.991000000000000000e+03
2.640000000000000000e+02
4.400000000000000000e+01
3.117000000000000000e+03
2.845000000000000000e+03
3.026000000000000000e+03
2.490000000000000000e+02
4.256000000000000000e+03
2.200000000000000000e+02
4.513000000000000000e+03
4.614000000000000000e+03
1.166000000000000000e+03
3.709000000000000000e+03
1.017000000000000000e+03
3.831000000000000000e+03
3.252000000000000000e+03
2.066000000000000000e+03
5.028000000000000000e+03
1.140000000000000000e+03
3.557000000000000000e+03
1.984000000000000000e+03
2.888000000000000000e+03
2.030000000000000000e+02
5.770000000000000000e+02
3.798000000000000000e+03
4.189000000000000000e+03
3.199000000000000000e+03
4.798000000000000000e+03
1.796000000000000000e+03
1.015000000000000000e+03
4.799000000000000000e+03
2.836000000000000000e+03
1.470000000000000000e+03
1.620000000000000000e+02
3.806000000000000000e+03
3.050000000000000000e+02
5.208000000000000000e+03
5.150000000000000000e+02
4.958000000000000000e+03
2.526000000000000000e+03
1.496000000000000000e+03
2.889000000000000000e+03
3.821000000000000000e+03
1.780000000000000000e+02
5.064000000000000000e+03
4.113000000000000000e+03
2.284000000000000000e+03
4.357000000000000000e+03
2.487000000000000000e+03
4.905000000000000000e+03
2.180000000000000000e+03
4.499000000000000000e+03
3.457000000000000000e+03
3.334000000000000000e+03
2.510000000000000000e+02
8.020000000000000000e+02
2.300000000000000000e+02
3.497000000000000000e+03
1.161000000000000000e+03
4.097000000000000000e+03
2.577000000000000000e+03
1.381000000000000000e+03
5.116000000000000000e+03
1.327000000000000000e+03
1.809000000000000000e+03
2.650000000000000000e+03
1.368000000000000000e+03
2.231000000000000000e+03
8.100000000000000000e+02
2.544000000000000000e+03
1.263000000000000000e+03
1.150000000000000000e+02
3.635000000000000000e+03
4.990000000000000000e+02
3.971000000000000000e+03
7.600000000000000000e+02
4.305000000000000000e+03
1.390000000000000000e+02
1.440000000000000000e+02
3.124000000000000000e+03
4.647000000000000000e+03
3.846000000000000000e+03
5.001000000000000000e+03
5.027000000000000000e+03
4.718000000000000000e+03
3.668000000000000000e+03
1.026000000000000000e+03
9.600000000000000000e+02
4.781000000000000000e+03
2.825000000000000000e+03
5.780000000000000000e+02
1.795000000000000000e+03
5.021000000000000000e+03
1.499000000000000000e+03
7.680000000000000000e+02
8.630000000000000000e+02
4.030000000000000000e+02
1.409000000000000000e+03
3.116000000000000000e+03
4.320000000000000000e+03
3.248000000000000000e+03
1.686000000000000000e+03
2.190000000000000000e+03
3.934000000000000000e+03
3.304000000000000000e+03
3.041000000000000000e+03
5.115000000000000000e+03
2.275000000000000000e+03
2.835000000000000000e+03
4.442000000000000000e+03
4.498000000000000000e+03
2.421000000000000000e+03
1.408000000000000000e+03
1.779000000000000000e+03
3.055000000000000000e+03
3.156000000000000000e+03
5.237000000000000000e+03
1.149000000000000000e+03
5.190000000000000000e+02
4.447000000000000000e+03
1.345000000000000000e+03
4.248000000000000000e+03
3.722000000000000000e+03
9.420000000000000000e+02
1.536000000000000000e+03
1.550000000000000000e+02
1.735000000000000000e+03
2.015000000000000000e+03
4.350000000000000000e+02
1.044000000000000000e+03
1.840000000000000000e+03
1.296000000000000000e+03
2.202000000000000000e+03
5.234000000000000000e+03
4.456000000000000000e+03
3.444000000000000000e+03
4.027000000000000000e+03
3.661000000000000000e+03
3.815000000000000000e+03
6.740000000000000000e+02
4.937000000000000000e+03
1.292000000000000000e+03
1.460000000000000000e+03
1.590000000000000000e+03
3.007000000000000000e+03
2.122000000000000000e+03
5.121000000000000000e+03
4.678000000000000000e+03
4.736000000000000000e+03
3.904000000000000000e+03
3.781000000000000000e+03
5.420000000000000000e+02
4.640000000000000000e+02
2.070000000000000000e+02
1.681000000000000000e+03
3.963000000000000000e+03
1.044000000000000000e+03
8.500000000000000000e+01
9.230000000000000000e+02
3.834000000000000000e+03
1.576000000000000000e+03
3.980000000000000000e+02
5.190000000000000000e+02
4.988000000000000000e+03
4.160000000000000000e+02
2.424000000000000000e+03
3.728000000000000000e+03
3.960000000000000000e+03
3.805000000000000000e+03
9.890000000000000000e+02
1.589000000000000000e+03
3.950000000000000000e+03
5.510000000000000000e+02
2.178000000000000000e+03
1.255000000000000000e+03
1.849000000000000000e+03
4.060000000000000000e+02
2.195000000000000000e+03
2.335000000000000000e+03
3.356000000000000000e+03
4.646000000000000000e+03
8.090000000000000000e+02
4.877000000000000000e+03
2.637000000000000000e+03
2.683000000000000000e+03
6.830000000000000000e+02
1.708000000000000000e+03
1.470000000000000000e+03
1.882000000000000000e+03
4.812000000000000000e+03
2.963000000000000000e+03
8.000000000000000000e+00
2.382000000000000000e+03
4.612000000000000000e+03
3.130000000000000000e+03
3.373000000000000000e+03
5.202000000000000000e+03
2.865000000000000000e+03
2.842000000000000000e+03
9.730000000000000000e+02
2.201000000000000000e+03
1.458000000000000000e+03
1.920000000000000000e+03
1.943000000000000000e+03
3.309000000000000000e+03
4.160000000000000000e+02
2.512000000000000000e+03
4.075000000000000000e+03
2.770000000000000000e+02
2.000000000000000000e+00
3.472000000000000000e+03
6.150000000000000000e+02
1.627000000000000000e+03
1.627000000000000000e+03
3.000000000000000000e+01
1.984000000000000000e+03
5.154000000000000000e+03
1.436000000000000000e+03
3.876000000000000000e+03
4.904000000000000000e+03
3.215000000000000000e+03
9.810000000000000000e+02
3.263000000000000000e+03
4.545000000000000000e+03
4.079000000000000000e+03
4.881000000000000000e+03
4.520000000000000000e+02
2.349000000000000000e+03
1.691000000000000000e+03
3.341000000000000000e+03
3.462000000000000000e+03
2.970000000000000000e+03
3.307000000000000000e+03
5.085000000000000000e+03
9.600000000000000000e+02
4.651000000000000000e+03
2.963000000000000000e+03
6.010000000000000000e+02
1.509000000000000000e+03
3.146000000000000000e+03
4.233000000000000000e+03
4.820000000000000000e+03
4.566000000000000000e+03
2.489000000000000000e+03
2.637000000000000000e+03
9.700000000000000000e+01
6.270000000000000000e+02
1.949000000000000000e+03
4.291000000000000000e+03
7.910000000000000000e+02
3.120000000000000000e+02
5.044000000000000000e+03
2.064000000000000000e+03
2.873000000000000000e+03
2.140000000000000000e+03
2.196000000000000000e+03
1.729000000000000000e+03
2.478000000000000000e+03
1.137000000000000000e+03
2.832000000000000000e+03
4.200000000000000000e+02
2.627000000000000000e+03
1.340000000000000000e+02
2.835000000000000000e+03
1.140000000000000000e+02
1.442000000000000000e+03
5.172000000000000000e+03
4.798000000000000000e+03
4.845000000000000000e+03
1.871000000000000000e+03
5.049000000000000000e+03
3.829000000000000000e+03
4.118000000000000000e+03
4.644000000000000000e+03
1.168000000000000000e+03
4.527000000000000000e+03
4.630000000000000000e+02
5.075000000000000000e+03
2.901000000000000000e+03
8.890000000000000000e+02
3.928000000000000000e+03
2.021000000000000000e+03
2.953000000000000000e+03
4.080000000000000000e+03
3.815000000000000000e+03
1.110000000000000000e+02
7.430000000000000000e+02
2.379000000000000000e+03
2.968000000000000000e+03
5.720000000000000000e+02
1.813000000000000000e+03
3.962000000000000000e+03
3.573000000000000000e+03
1.241000000000000000e+03
3.984000000000000000e+03
4.060000000000000000e+03
4.429000000000000000e+03
3.075000000000000000e+03
4.264000000000000000e+03
4.394000000000000000e+03
4.966000000000000000e+03
4.061000000000000000e+03
4.871000000000000000e+03
3.980000000000000000e+02
1.101000000000000000e+03
1.330000000000000000e+03
5.240000000000000000e+02
3.449000000000000000e+03
9.380000000000000000e+02
4.611000000000000000e+03
1.528000000000000000e+03
2.562000000000000000e+03
5.240000000000000000e+03
3.977000000000000000e+03
8.150000000000000000e+02
3.082000000000000000e+03
1.460000000000000000e+02
3.036000000000000000e+03
3.866000000000000000e+03
4.466000000000000000e+03
6.010000000000000000e+02
1.583000000000000000e+03
5.130000000000000000e+03
3.744000000000000000e+03
3.568000000000000000e+03
4.330000000000000000e+02
3.786000000000000000e+03
1.046000000000000000e+03
2.410000000000000000e+02
3.834000000000000000e+03
4.519000000000000000e+03
2.923000000000000000e+03
3.811000000000000000e+03
5.720000000000000000e+02
2.347000000000000000e+03
1.434000000000000000e+03
1.772000000000000000e+03
3.158000000000000000e+03
3.590000000000000000e+02
8.670000000000000000e+02
1.457000000000000000e+03
3.600000000000000000e+03
5.077000000000000000e+03
1.296000000000000000e+03
3.967000000000000000e+03
4.045000000000000000e+03
4.765000000000000000e+03
1.807000000000000000e+03
5.590000000000000000e+02
2.309000000000000000e+03
2.588000000000000000e+03
2.720000000000000000e+03
3.020000000000000000e+03
4.778000000000000000e+03
1.200000000000000000e+01
1.606000000000000000e+03
1.486000000000000000e+03
3.196000000000000000e+03
4.965000000000000000e+03
3.014000000000000000e+03
3.981000000000000000e+03
2.418000000000000000e+03
3.391000000000000000e+03
4.214000000000000000e+03
3.215000000000000000e+03
1.577000000000000000e+03
2.313000000000000000e+03
4.766000000000000000e+03
3.213000000000000000e+03
1.303000000000000000e+03
1.927000000000000000e+03
6.550000000000000000e+02
2.430000000000000000e+02
2.851000000000000000e+03
1.951000000000000000e+03
1.940000000000000000e+03
2.042000000000000000e+03
5.043000000000000000e+03
9.330000000000000000e+02
4.774000000000000000e+03
4.115000000000000000e+03
3.435000000000000000e+03
4.210000000000000000e+02
5.110000000000000000e+02
1.047000000000000000e+03
2.548000000000000000e+03
4.000000000000000000e+00
3.556000000000000000e+03
1.720000000000000000e+02
2.754000000000000000e+03
1.984000000000000000e+03
3.650000000000000000e+02
3.736000000000000000e+03
5.223000000000000000e+03
3.682000000000000000e+03
1.345000000000000000e+03
1.486000000000000000e+03
2.495000000000000000e+03
5.450000000000000000e+02
1.003000000000000000e+03
4.560000000000000000e+02
2.345000000000000000e+03
1.960000000000000000e+03
1.718000000000000000e+03
7.860000000000000000e+02
1.431000000000000000e+03
3.700000000000000000e+01
4.056000000000000000e+03
3.939000000000000000e+03
2.737000000000000000e+03
3.792000000000000000e+03
5.420000000000000000e+02
4.940000000000000000e+02
3.051000000000000000e+03
2.135000000000000000e+03
4.739000000000000000e+03
3.388000000000000000e+03
2.850000000000000000e+03
8.660000000000000000e+02
3.130000000000000000e+03
2.124000000000000000e+03
1.794000000000000000e+03
1.880000000000000000e+03
5.350000000000000000e+02
3.674000000000000000e+03
4.420000000000000000e+03
4.907000000000000000e+03
4.147000000000000000e+03
3.438000000000000000e+03
4.955000000000000000e+03
2.825000000000000000e+03
4.441000000000000000e+03
9.790000000000000000e+02
2.618000000000000000e+03
4.323000000000000000e+03
2.942000000000000000e+03
5.720000000000000000e+02
1.308000000000000000e+03
3.520000000000000000e+02
2.489000000000000000e+03
2.604000000000000000e+03
3.923000000000000000e+03
5.203000000000000000e+03
5.820000000000000000e+02
1.057000000000000000e+03
9.920000000000000000e+02
2.134000000000000000e+03
1.772000000000000000e+03
1.345000000000000000e+03
7.910000000000000000e+02
1.423000000000000000e+03
1.389000000000000000e+03
1.311000000000000000e+03
2.970000000000000000e+02
4.744000000000000000e+03
1.400000000000000000e+01
4.536000000000000000e+03
4.515000000000000000e+03
3.202000000000000000e+03
4.807000000000000000e+03
1.230000000000000000e+03
3.161000000000000000e+03
4.578000000000000000e+03
4.599000000000000000e+03
4.865000000000000000e+03
2.808000000000000000e+03
1.199000000000000000e+03
5.980000000000000000e+02
2.181000000000000000e+03
2.465000000000000000e+03
1.758000000000000000e+03
1.040000000000000000e+02
2.709000000000000000e+03
5.046000000000000000e+03
9.280000000000000000e+02
2.800000000000000000e+01
4.344000000000000000e+03
3.143000000000000000e+03
1.181000000000000000e+03
1.060000000000000000e+02
1.129000000000000000e+03
4.088000000000000000e+03
3.719000000000000000e+03
5.075000000000000000e+03
4.680000000000000000e+03
1.662000000000000000e+03
3.356000000000000000e+03
2.681000000000000000e+03
4.100000000000000000e+01
4.367000000000000000e+03
4.166000000000000000e+03
3.683000000000000000e+03
4.596000000000000000e+03
1.492000000000000000e+03
4.363000000000000000e+03
3.722000000000000000e+03
2.020000000000000000e+03
4.600000000000000000e+01
1.129000000000000000e+03
4.088000000000000000e+03
2.545000000000000000e+03
4.362000000000000000e+03
2.474000000000000000e+03
3.339000000000000000e+03
2.201000000000000000e+03
4.157000000000000000e+03
1.774000000000000000e+03
3.331000000000000000e+03
2.056000000000000000e+03
4.849000000000000000e+03
2.503000000000000000e+03
2.277000000000000000e+03
5.490000000000000000e+02
1.587000000000000000e+03
3.844000000000000000e+03
5.920000000000000000e+02
3.484000000000000000e+03
1.589000000000000000e+03
8.100000000000000000e+02
2.746000000000000000e+03
2.326000000000000000e+03
1.462000000000000000e+03
4.564000000000000000e+03
1.172000000000000000e+03
6.900000000000000000e+02
4.365000000000000000e+03
5.107000000000000000e+03
4.560000000000000000e+02
4.097000000000000000e+03
2.921000000000000000e+03
1.850000000000000000e+03
1.135000000000000000e+03
1.398000000000000000e+03
4.742000000000000000e+03
2.249000000000000000e+03
1.127000000000000000e+03
4.886000000000000000e+03
2.240000000000000000e+02
2.852000000000000000e+03
5.059000000000000000e+03
2.199000000000000000e+03
3.337000000000000000e+03
3.744000000000000000e+03
7.360000000000000000e+02
1.260000000000000000e+03
1.789000000000000000e+03
2.336000000000000000e+03
9.450000000000000000e+02
4.705000000000000000e+03
2.418000000000000000e+03
2.861000000000000000e+03
2.027000000000000000e+03
3.700000000000000000e+03
2.508000000000000000e+03
1.707000000000000000e+03
2.173000000000000000e+03
3.327000000000000000e+03
4.365000000000000000e+03
4.624000000000000000e+03
1.630000000000000000e+02
1.580000000000000000e+03
2.870000000000000000e+02
1.527000000000000000e+03
4.941000000000000000e+03
2.603000000000000000e+03
1.655000000000000000e+03
4.595000000000000000e+03
4.046000000000000000e+03
2.911000000000000000e+03
7.460000000000000000e+02
1.041000000000000000e+03
4.230000000000000000e+03
3.882000000000000000e+03
1.928000000000000000e+03
3.161000000000000000e+03
4.465000000000000000e+03
3.084000000000000000e+03
1.496000000000000000e+03
4.097000000000000000e+03
3.522000000000000000e+03
1.491000000000000000e+03
1.247000000000000000e+03
5.139000000000000000e+03
1.569000000000000000e+03
2.470000000000000000e+03
2.578000000000000000e+03
1.654000000000000000e+03
4.369000000000000000e+03
4.340000000000000000e+03
4.210000000000000000e+02
3.400000000000000000e+03
5.000000000000000000e+02
3.080000000000000000e+02
4.407000000000000000e+03
3.954000000000000000e+03
4.760000000000000000e+03
3.784000000000000000e+03
9.670000000000000000e+02
3.479000000000000000e+03
3.899000000000000000e+03
2.458000000000000000e+03
7.690000000000000000e+02
2.230000000000000000e+02
5.079000000000000000e+03
3.853000000000000000e+03
2.852000000000000000e+03
4.423000000000000000e+03
4.198000000000000000e+03
2.173000000000000000e+03
1.768000000000000000e+03
2.025000000000000000e+03
3.142000000000000000e+03
7.600000000000000000e+02
1.362000000000000000e+03
3.176000000000000000e+03
1.346000000000000000e+03
4.555000000000000000e+03
3.572000000000000000e+03
1.575000000000000000e+03
1.434000000000000000e+03
4.208000000000000000e+03
4.639000000000000000e+03
3.500000000000000000e+01
2.943000000000000000e+03
1.841000000000000000e+03
2.094000000000000000e+03
3.948000000000000000e+03
2.557000000000000000e+03
5.900000000000000000e+01
2.355000000000000000e+03
4.278000000000000000e+03
4.847000000000000000e+03
4.700000000000000000e+01
9.330000000000000000e+02
2.613000000000000000e+03
2.328000000000000000e+03
9.230000000000000000e+02
1.766000000000000000e+03
1.571000000000000000e+03
2.280000000000000000e+03
8.770000000000000000e+02
3.455000000000000000e+03
3.290000000000000000e+03
1.459000000000000000e+03
4.939000000000000000e+03
1.289000000000000000e+03
2.032000000000000000e+03
4.242000000000000000e+03
4.041000000000000000e+03
4.927000000000000000e+03
4.977000000000000000e+03
2.519000000000000000e+03
5.209000000000000000e+03
2.090000000000000000e+03
3.306000000000000000e+03
1.796000000000000000e+03
3.955000000000000000e+03
1.965000000000000000e+03
2.342000000000000000e+03
5.149000000000000000e+03
3.802000000000000000e+03
3.484000000000000000e+03
3.196000000000000000e+03
5.163000000000000000e+03
3.075000000000000000e+03
3.369000000000000000e+03
2.372000000000000000e+03
4.049000000000000000e+03
1.923000000000000000e+03
4.896000000000000000e+03
4.520000000000000000e+02
3.460000000000000000e+02
4.927000000000000000e+03
3.742000000000000000e+03
5.720000000000000000e+02
4.160000000000000000e+02
3.840000000000000000e+02
4.977000000000000000e+03
1.216000000000000000e+03
2.068000000000000000e+03
4.713000000000000000e+03
1.775000000000000000e+03
3.262000000000000000e+03
1.011000000000000000e+03
7.200000000000000000e+01
8.100000000000000000e+01
1.098000000000000000e+03
3.091000000000000000e+03
2.312000000000000000e+03
1.406000000000000000e+03
2.441000000000000000e+03
4.134000000000000000e+03
3.187000000000000000e+03
8.580000000000000000e+02
1.043000000000000000e+03
3.237000000000000000e+03
3.258000000000000000e+03
3.177000000000000000e+03
4.454000000000000000e+03
1.735000000000000000e+03
3.344000000000000000e+03
1.000000000000000000e+03
3.420000000000000000e+02
3.891000000000000000e+03
1.118000000000000000e+03
2.818000000000000000e+03
1.967000000000000000e+03
2.516000000000000000e+03
1.668000000000000000e+03
3.763000000000000000e+03
1.815000000000000000e+03
6.150000000000000000e+02
5.184000000000000000e+03
2.898000000000000000e+03
3.877000000000000000e+03
3.911000000000000000e+03
2.317000000000000000e+03
4.058000000000000000e+03
3.218000000000000000e+03
7.840000000000000000e+02
3.224000000000000000e+03
2.285000000000000000e+03
3.747000000000000000e+03
9.960000000000000000e+02
1.001000000000000000e+03
3.544000000000000000e+03
1.542000000000000000e+03
4.162000000000000000e+03
3.940000000000000000e+02
3.155000000000000000e+03
4.372000000000000000e+03
4.970000000000000000e+03
3.650000000000000000e+02
2.250000000000000000e+03
2.113000000000000000e+03
5.051000000000000000e+03
1.776000000000000000e+03
2.561000000000000000e+03
7.770000000000000000e+02
3.134000000000000000e+03
2.702000000000000000e+03
1.434000000000000000e+03
2.504000000000000000e+03
3.308000000000000000e+03
5.023000000000000000e+03
9.700000000000000000e+01
3.007000000000000000e+03
1.026000000000000000e+03
4.456000000000000000e+03
2.231000000000000000e+03
2.652000000000000000e+03
5.033000000000000000e+03
1.722000000000000000e+03
8.440000000000000000e+02
4.117000000000000000e+03
4.157000000000000000e+03
8.100000000000000000e+02
2.756000000000000000e+03
1.113000000000000000e+03
4.498000000000000000e+03
5.470000000000000000e+02
1.487000000000000000e+03
9.200000000000000000e+01
3.995000000000000000e+03
4.834000000000000000e+03
4.469000000000000000e+03
4.843000000000000000e+03
8.210000000000000000e+02
4.561000000000000000e+03
1.945000000000000000e+03
1.518000000000000000e+03
2.513000000000000000e+03
2.045000000000000000e+03
1.678000000000000000e+03
2.400000000000000000e+01
2.808000000000000000e+03
4.951000000000000000e+03
4.687000000000000000e+03
3.351000000000000000e+03
3.007000000000000000e+03
3.454000000000000000e+03
1.593000000000000000e+03
3.023000000000000000e+03
3.040000000000000000e+02
1.530000000000000000e+02
1.658000000000000000e+03
3.450000000000000000e+03
3.843000000000000000e+03
4.132000000000000000e+03
1.851000000000000000e+03
5.131000000000000000e+03
1.337000000000000000e+03
1.906000000000000000e+03
5.200000000000000000e+01
3.548000000000000000e+03
4.925000000000000000e+03
2.045000000000000000e+03
2.539000000000000000e+03
1.007000000000000000e+03
3.702000000000000000e+03
2.146000000000000000e+03
4.625000000000000000e+03
4.065000000000000000e+03
2.262000000000000000e+03
1.275000000000000000e+03
3.328000000000000000e+03
2.034000000000000000e+03
4.940000000000000000e+02
4.060000000000000000e+02
2.330000000000000000e+03
4.314000000000000000e+03
6.090000000000000000e+02
1.161000000000000000e+03
3.802000000000000000e+03
4.371000000000000000e+03
2.923000000000000000e+03
3.928000000000000000e+03
2.460000000000000000e+02
7.310000000000000000e+02
1.464000000000000000e+03
3.670000000000000000e+03
4.367000000000000000e+03
3.470000000000000000e+03
4.691000000000000000e+03
1.982000000000000000e+03
2.520000000000000000e+03
4.432000000000000000e+03
3.296000000000000000e+03
4.550000000000000000e+02
4.596000000000000000e+03
1.542000000000000000e+03
3.566000000000000000e+03
3.730000000000000000e+03
3.444000000000000000e+03
2.157000000000000000e+03
2.607000000000000000e+03
4.470000000000000000e+03
4.707000000000000000e+03
4.597000000000000000e+03
2.544000000000000000e+03
1.242000000000000000e+03
2.954000000000000000e+03
9.500000000000000000e+01
1.454000000000000000e+03
1.560000000000000000e+03
4.006000000000000000e+03
1.477000000000000000e+03
2.059000000000000000e+03
3.567000000000000000e+03
3.718000000000000000e+03
2.688000000000000000e+03
5.100000000000000000e+03
4.297000000000000000e+03
4.260000000000000000e+03
3.469000000000000000e+03
8.230000000000000000e+02
5.176000000000000000e+03
1.507000000000000000e+03
5.230000000000000000e+02
2.117000000000000000e+03
3.274000000000000000e+03
8.510000000000000000e+02
4.991000000000000000e+03
3.351000000000000000e+03
1.120000000000000000e+03
2.627000000000000000e+03
3.844000000000000000e+03
1.827000000000000000e+03
5.028000000000000000e+03
3.038000000000000000e+03
4.030000000000000000e+02
1.471000000000000000e+03
5.223000000000000000e+03
2.893000000000000000e+03
1.163000000000000000e+03
8.510000000000000000e+02
2.786000000000000000e+03
2.588000000000000000e+03
4.001000000000000000e+03
1.392000000000000000e+03
5.580000000000000000e+02
4.541000000000000000e+03
1.597000000000000000e+03
2.396000000000000000e+03
8.260000000000000000e+02
2.790000000000000000e+03
2.438000000000000000e+03
6.100000000000000000e+02
1.654000000000000000e+03
5.152000000000000000e+03
2.089000000000000000e+03
1.374000000000000000e+03
3.350000000000000000e+02
1.787000000000000000e+03
1.426000000000000000e+03
3.151000000000000000e+03
1.415000000000000000e+03
4.559000000000000000e+03
4.701000000000000000e+03
1.672000000000000000e+03
3.773000000000000000e+03
3.862000000000000000e+03
4.060000000000000000e+02
4.460000000000000000e+03
5.043000000000000000e+03
8.690000000000000000e+02
3.983000000000000000e+03
2.720000000000000000e+02
4.487000000000000000e+03
2.983000000000000000e+03
5.700000000000000000e+02
4.493000000000000000e+03
4.727000000000000000e+03
2.170000000000000000e+03
1.199000000000000000e+03
4.450000000000000000e+03
1.572000000000000000e+03
1.234000000000000000e+03
4.578000000000000000e+03
1.048000000000000000e+03
4.481000000000000000e+03
1.037000000000000000e+03
6.750000000000000000e+02
5.055000000000000000e+03
4.087000000000000000e+03
1.071000000000000000e+03
3.020000000000000000e+03
5.090000000000000000e+02
6.310000000000000000e+02
5.700000000000000000e+01
3.048000000000000000e+03
2.649000000000000000e+03
2.604000000000000000e+03
3.005000000000000000e+03
4.267000000000000000e+03
2.509000000000000000e+03
5.229000000000000000e+03
2.220000000000000000e+03
1.163000000000000000e+03
6.170000000000000000e+02
2.562000000000000000e+03
2.568000000000000000e+03
1.938000000000000000e+03
1.225000000000000000e+03
4.883000000000000000e+03
2.308000000000000000e+03
3.016000000000000000e+03
4.512000000000000000e+03
3.407000000000000000e+03
3.053000000000000000e+03
2.878000000000000000e+03
3.313000000000000000e+03
2.305000000000000000e+03
2.988000000000000000e+03
3.079000000000000000e+03
3.977000000000000000e+03
4.269000000000000000e+03
3.045000000000000000e+03
2.045000000000000000e+03
3.096000000000000000e+03
2.600000000000000000e+01
1.200000000000000000e+03
1.372000000000000000e+03
5.050000000000000000e+03
2.327000000000000000e+03
1.760000000000000000e+03
2.788000000000000000e+03
3.608000000000000000e+03
5.580000000000000000e+02
3.300000000000000000e+03
5.710000000000000000e+02
3.084000000000000000e+03
1.100000000000000000e+01
4.711000000000000000e+03
5.290000000000000000e+02
2.534000000000000000e+03
3.657000000000000000e+03
8.940000000000000000e+02
1.116000000000000000e+03
1.829000000000000000e+03
4.160000000000000000e+02
3.180000000000000000e+02
3.775000000000000000e+03
2.477000000000000000e+03
3.880000000000000000e+03
2.150000000000000000e+02
2.158000000000000000e+03
1.642000000000000000e+03
5.143000000000000000e+03
3.182000000000000000e+03
3.930000000000000000e+02
4.111000000000000000e+03
2.675000000000000000e+03
4.455000000000000000e+03
4.758000000000000000e+03
1.626000000000000000e+03
1.667000000000000000e+03
1.482000000000000000e+03
3.604000000000000000e+03
2.049000000000000000e+03
6.290000000000000000e+02
4.032000000000000000e+03
4.628000000000000000e+03
4.067000000000000000e+03
2.474000000000000000e+03
1.420000000000000000e+03
4.905000000000000000e+03
3.562000000000000000e+03
1.020000000000000000e+03
1.419000000000000000e+03
3.193000000000000000e+03
4.879000000000000000e+03
3.692000000000000000e+03
1.970000000000000000e+02
2.095000000000000000e+03
2.499000000000000000e+03
3.620000000000000000e+03
3.680000000000000000e+02
9.520000000000000000e+02
3.761000000000000000e+03
1.560000000000000000e+03
1.449000000000000000e+03
3.797000000000000000e+03
4.040000000000000000e+02
1.116000000000000000e+03
1.719000000000000000e+03
2.540000000000000000e+03
3.840000000000000000e+02
1.767000000000000000e+03
5.220000000000000000e+03
2.732000000000000000e+03
2.400000000000000000e+02
9.020000000000000000e+02
5.059000000000000000e+03
1.974000000000000000e+03
2.337000000000000000e+03
4.812000000000000000e+03
4.271000000000000000e+03
4.681000000000000000e+03
3.959000000000000000e+03
4.735000000000000000e+03
3.237000000000000000e+03
1.462000000000000000e+03
3.539000000000000000e+03
4.561000000000000000e+03
2.083000000000000000e+03
4.358000000000000000e+03
1.437000000000000000e+03
1.260000000000000000e+03
2.172000000000000000e+03
4.780000000000000000e+02
3.263000000000000000e+03
2.842000000000000000e+03
1.850000000000000000e+03
1.924000000000000000e+03
1.303000000000000000e+03
1.774000000000000000e+03
3.952000000000000000e+03
1.929000000000000000e+03
2.327000000000000000e+03
4.332000000000000000e+03
3.339000000000000000e+03
6.360000000000000000e+02
2.673000000000000000e+03
2.363000000000000000e+03
4.590000000000000000e+03
2.511000000000000000e+03
4.917000000000000000e+03
5.090000000000000000e+03
4.000000000000000000e+00
3.057000000000000000e+03
1.628000000000000000e+03
1.819000000000000000e+03
3.124000000000000000e+03
2.495000000000000000e+03
6.280000000000000000e+02
4.747000000000000000e+03
1.957000000000000000e+03
4.758000000000000000e+03
1.872000000000000000e+03
4.630000000000000000e+03
1.876000000000000000e+03
4.950000000000000000e+02
3.947000000000000000e+03
8.900000000000000000e+02
3.480000000000000000e+03
2.574000000000000000e+03
3.864000000000000000e+03
2.633000000000000000e+03
3.238000000000000000e+03
6.880000000000000000e+02
4.058000000000000000e+03
5.025000000000000000e+03
2.765000000000000000e+03
3.959000000000000000e+03
4.732000000000000000e+03
1.055000000000000000e+03
1.280000000000000000e+02
2.045000000000000000e+03
3.512000000000000000e+03
1.088000000000000000e+03
3.079000000000000000e+03
2.192000000000000000e+03
2.571000000000000000e+03
4.836000000000000000e+03
3.253000000000000000e+03
4.602000000000000000e+03
3.493000000000000000e+03
2.006000000000000000e+03
4.987000000000000000e+03
3.601000000000000000e+03
1.415000000000000000e+03
4.027000000000000000e+03
4.007000000000000000e+03
4.625000000000000000e+03
4.789000000000000000e+03
5.197000000000000000e+03
1.442000000000000000e+03
7.540000000000000000e+02
3.212000000000000000e+03
4.148000000000000000e+03
4.266000000000000000e+03
1.239000000000000000e+03
2.106000000000000000e+03
2.161000000000000000e+03
3.500000000000000000e+03
5.125000000000000000e+03
4.550000000000000000e+03
3.218000000000000000e+03
3.286000000000000000e+03
4.698000000000000000e+03
2.399000000000000000e+03
4.000000000000000000e+00
3.342000000000000000e+03
3.132000000000000000e+03
1.534000000000000000e+03
7.900000000000000000e+01
4.672000000000000000e+03
5.139000000000000000e+03
1.172000000000000000e+03
2.994000000000000000e+03
3.063000000000000000e+03
1.797000000000000000e+03
1.242000000000000000e+03
7.650000000000000000e+02
2.003000000000000000e+03
2.888000000000000000e+03
3.658000000000000000e+03
3.360000000000000000e+02
2.750000000000000000e+02
3.042000000000000000e+03
2.439000000000000000e+03
2.469000000000000000e+03
7.780000000000000000e+02
4.955000000000000000e+03
2.664000000000000000e+03
5.050000000000000000e+03
7.090000000000000000e+02
4.034000000000000000e+03
1.978000000000000000e+03
1.295000000000000000e+03
4.271000000000000000e+03
3.335000000000000000e+03
3.566000000000000000e+03
5.161000000000000000e+03
2.239000000000000000e+03
3.185000000000000000e+03
4.984000000000000000e+03
1.013000000000000000e+03
2.209000000000000000e+03
5.100000000000000000e+02
2.159000000000000000e+03
4.223000000000000000e+03
3.665000000000000000e+03
3.024000000000000000e+03
3.961000000000000000e+03
4.246000000000000000e+03
3.794000000000000000e+03
4.932000000000000000e+03
4.209000000000000000e+03
3.972000000000000000e+03
3.929000000000000000e+03
1.122000000000000000e+03
4.538000000000000000e+03
3.910000000000000000e+02
4.405000000000000000e+03
3.839000000000000000e+03
3.857000000000000000e+03
1.294000000000000000e+03
3.516000000000000000e+03
1.074000000000000000e+03
2.242000000000000000e+03
3.596000000000000000e+03
3.146000000000000000e+03
6.260000000000000000e+02
3.338000000000000000e+03
4.922000000000000000e+03
3.939000000000000000e+03
3.990000000000000000e+03
2.903000000000000000e+03
4.268000000000000000e+03
4.069000000000000000e+03
5.161000000000000000e+03
4.956000000000000000e+03
1.595000000000000000e+03
1.688000000000000000e+03
3.558000000000000000e+03
1.774000000000000000e+03
5.173000000000000000e+03
3.589000000000000000e+03
4.689000000000000000e+03
3.795000000000000000e+03
3.160000000000000000e+03
3.679000000000000000e+03
5.000000000000000000e+01
1.153000000000000000e+03
2.869000000000000000e+03
4.069000000000000000e+03
1.949000000000000000e+03
5.067000000000000000e+03
2.517000000000000000e+03
1.363000000000000000e+03
1.889000000000000000e+03
2.186000000000000000e+03
2.484000000000000000e+03
2.920000000000000000e+03
4.510000000000000000e+03
2.545000000000000000e+03
4.940000000000000000e+02
4.209000000000000000e+03
5.770000000000000000e+02
2.266000000000000000e+03
2.671000000000000000e+03
2.404000000000000000e+03
2.772000000000000000e+03
2.255000000000000000e+03
5.810000000000000000e+02
3.097000000000000000e+03
1.539000000000000000e+03
1.119000000000000000e+03
1.698000000000000000e+03
2.541000000000000000e+03
1.847000000000000000e+03
2.225000000000000000e+03
5.600000000000000000e+02
1.507000000000000000e+03
1.093000000000000000e+03
1.717000000000000000e+03
3.134000000000000000e+03
4.647000000000000000e+03
4.497000000000000000e+03
5.098000000000000000e+03
2.040000000000000000e+03
4.708000000000000000e+03
4.474000000000000000e+03
4.890000000000000000e+03
4.498000000000000000e+03
3.392000000000000000e+03
3.679000000000000000e+03
4.230000000000000000e+02
3.697000000000000000e+03
3.353000000000000000e+03
1.513000000000000000e+03
1.010000000000000000e+02
1.511000000000000000e+03
3.205000000000000000e+03
2.111000000000000000e+03
1.825000000000000000e+03
2.330000000000000000e+02
6.920000000000000000e+02
5.006000000000000000e+03
3.027000000000000000e+03
6.170000000000000000e+02
2.340000000000000000e+03
1.950000000000000000e+03
1.033000000000000000e+03
1.597000000000000000e+03
1.960000000000000000e+02
4.710000000000000000e+02
2.056000000000000000e+03
2.591000000000000000e+03
4.569000000000000000e+03
2.401000000000000000e+03
4.706000000000000000e+03
3.676000000000000000e+03
5.211000000000000000e+03
2.443000000000000000e+03
4.935000000000000000e+03
2.152000000000000000e+03
2.327000000000000000e+03
2.400000000000000000e+01
2.378000000000000000e+03
4.578000000000000000e+03
1.049000000000000000e+03
3.697000000000000000e+03
3.807000000000000000e+03
4.407000000000000000e+03
2.849000000000000000e+03
5.191000000000000000e+03
4.324000000000000000e+03
3.958000000000000000e+03
5.002000000000000000e+03
1.302000000000000000e+03
3.763000000000000000e+03
2.473000000000000000e+03
4.255000000000000000e+03
3.059000000000000000e+03
3.881000000000000000e+03
3.828000000000000000e+03
3.573000000000000000e+03
1.559000000000000000e+03
6.270000000000000000e+02
2.642000000000000000e+03
2.292000000000000000e+03
2.773000000000000000e+03
6.790000000000000000e+02
7.690000000000000000e+02
2.815000000000000000e+03
2.178000000000000000e+03
2.667000000000000000e+03
2.310000000000000000e+02
1.689000000000000000e+03
4.940000000000000000e+02
1.603000000000000000e+03
4.596000000000000000e+03
3.150000000000000000e+03
4.017000000000000000e+03
4.079000000000000000e+03
3.000000000000000000e+01
1.240000000000000000e+02
1.197000000000000000e+03
3.547000000000000000e+03
3.576000000000000000e+03
4.221000000000000000e+03
3.438000000000000000e+03
4.084000000000000000e+03
4.974000000000000000e+03
3.094000000000000000e+03
2.379000000000000000e+03
2.431000000000000000e+03
3.235000000000000000e+03
5.114000000000000000e+03
5.067000000000000000e+03
2.140000000000000000e+02
3.732000000000000000e+03
3.167000000000000000e+03
1.617000000000000000e+03
5.330000000000000000e+02
3.205000000000000000e+03
3.348000000000000000e+03
2.254000000000000000e+03
5.093000000000000000e+03
1.468000000000000000e+03
1.347000000000000000e+03
3.126000000000000000e+03
3.950000000000000000e+03
1.578000000000000000e+03
2.305000000000000000e+03
2.353000000000000000e+03
5.121000000000000000e+03
4.655000000000000000e+03
2.620000000000000000e+02
4.775000000000000000e+03
3.360000000000000000e+02
4.191000000000000000e+03
1.230000000000000000e+02
4.712000000000000000e+03
4.180000000000000000e+02
4.760000000000000000e+03
5.850000000000000000e+02
3.482000000000000000e+03
3.877000000000000000e+03
4.079000000000000000e+03
4.221000000000000000e+03
4.623000000000000000e+03
3.326000000000000000e+03
4.268000000000000000e+03
1.654000000000000000e+03
2.216000000000000000e+03
3.431000000000000000e+03
3.260000000000000000e+02
2.461000000000000000e+03
5.157000000000000000e+03
4.915000000000000000e+03
4.060000000000000000e+03
4.922000000000000000e+03
9.760000000000000000e+02
2.337000000000000000e+03
5.096000000000000000e+03
2.465000000000000000e+03
3.784000000000000000e+03
3.298000000000000000e+03
3.692000000000000000e+03
1.298000000000000000e+03
1.513000000000000000e+03
1.006000000000000000e+03
2.934000000000000000e+03
1.562000000000000000e+03
1.754000000000000000e+03
5.209000000000000000e+03
2.897000000000000000e+03
3.325000000000000000e+03
1.306000000000000000e+03
4.988000000000000000e+03
2.731000000000000000e+03
1.654000000000000000e+03
4.990000000000000000e+03
3.085000000000000000e+03
3.363000000000000000e+03
1.308000000000000000e+03
3.632000000000000000e+03
9.010000000000000000e+02
5.012000000000000000e+03
2.516000000000000000e+03
4.931000000000000000e+03
2.428000000000000000e+03
9.910000000000000000e+02
1.176000000000000000e+03
1.963000000000000000e+03
2.156000000000000000e+03
2.435000000000000000e+03
4.460000000000000000e+02
2.530000000000000000e+03
1.709000000000000000e+03
4.808000000000000000e+03
3.025000000000000000e+03
3.199000000000000000e+03
4.338000000000000000e+03
4.152000000000000000e+03
3.010000000000000000e+02
2.568000000000000000e+03
9.230000000000000000e+02
1.088000000000000000e+03
5.094000000000000000e+03
2.138000000000000000e+03
1.140000000000000000e+03
1.337000000000000000e+03
3.913000000000000000e+03
3.440000000000000000e+03
3.386000000000000000e+03
2.767000000000000000e+03
2.345000000000000000e+03
3.856000000000000000e+03
4.928000000000000000e+03
3.898000000000000000e+03
3.834000000000000000e+03
2.496000000000000000e+03
1.966000000000000000e+03
2.084000000000000000e+03
1.547000000000000000e+03
5.113000000000000000e+03
3.573000000000000000e+03
1.709000000000000000e+03
3.468000000000000000e+03
3.207000000000000000e+03
3.040000000000000000e+03
4.530000000000000000e+03
3.838000000000000000e+03
1.617000000000000000e+03
1.125000000000000000e+03
1.131000000000000000e+03
9.100000000000000000e+01
4.679000000000000000e+03
3.180000000000000000e+02
3.427000000000000000e+03
2.703000000000000000e+03
1.313000000000000000e+03
4.616000000000000000e+03
4.478000000000000000e+03
4.440000000000000000e+02
3.481000000000000000e+03
1.800000000000000000e+01
2.115000000000000000e+03
2.596000000000000000e+03
1.298000000000000000e+03
1.475000000000000000e+03
5.093000000000000000e+03
4.369000000000000000e+03
4.198000000000000000e+03
4.182000000000000000e+03
1.236000000000000000e+03
1.580000000000000000e+02
3.910000000000000000e+02
1.568000000000000000e+03
1.726000000000000000e+03
2.759000000000000000e+03
3.373000000000000000e+03
2.594000000000000000e+03
1.746000000000000000e+03
1.957000000000000000e+03
4.776000000000000000e+03
5.112000000000000000e+03
4.434000000000000000e+03
7.580000000000000000e+02
4.437000000000000000e+03
2.501000000000000000e+03
1.035000000000000000e+03
3.015000000000000000e+03
2.067000000000000000e+03
4.958000000000000000e+03
7.190000000000000000e+02
1.941000000000000000e+03
3.306000000000000000e+03
1.748000000000000000e+03
4.896000000000000000e+03
2.165000000000000000e+03
4.599000000000000000e+03
2.561000000000000000e+03
3.611000000000000000e+03
3.093000000000000000e+03
2.044000000000000000e+03
4.293000000000000000e+03
4.550000000000000000e+02
2.310000000000000000e+03
1.925000000000000000e+03
3.495000000000000000e+03
4.437000000000000000e+03
3.317000000000000000e+03
1.368000000000000000e+03
3.670000000000000000e+02
1.100000000000000000e+03
1.150000000000000000e+03
4.370000000000000000e+02
4.245000000000000000e+03
4.663000000000000000e+03
4.508000000000000000e+03
3.486000000000000000e+03
6.270000000000000000e+02
2.983000000000000000e+03
4.668000000000000000e+03
2.517000000000000000e+03
2.544000000000000000e+03
9.200000000000000000e+01
3.114000000000000000e+03
4.730000000000000000e+02
4.251000000000000000e+03
2.780000000000000000e+02
1.970000000000000000e+03
1.346000000000000000e+03
4.754000000000000000e+03
3.681000000000000000e+03
4.363000000000000000e+03
2.555000000000000000e+03
4.094000000000000000e+03
5.700000000000000000e+02
2.355000000000000000e+03
4.602000000000000000e+03
5.154000000000000000e+03
1.196000000000000000e+03
6.500000000000000000e+02
2.896000000000000000e+03
8.680000000000000000e+02
4.005000000000000000e+03
1.293000000000000000e+03
4.584000000000000000e+03
1.002000000000000000e+03
2.434000000000000000e+03
4.240000000000000000e+02
4.274000000000000000e+03
2.197000000000000000e+03
3.599000000000000000e+03
4.395000000000000000e+03
3.540000000000000000e+03
8.700000000000000000e+02
5.032000000000000000e+03
3.415000000000000000e+03
3.746000000000000000e+03
2.334000000000000000e+03
2.920000000000000000e+03
4.964000000000000000e+03
1.125000000000000000e+03
2.030000000000000000e+02
1.755000000000000000e+03
8.490000000000000000e+02
7.490000000000000000e+02
5.117000000000000000e+03
2.391000000000000000e+03
4.584000000000000000e+03
3.896000000000000000e+03
6.010000000000000000e+02
1.708000000000000000e+03
4.506000000000000000e+03
4.376000000000000000e+03
8.550000000000000000e+02
5.050000000000000000e+03
2.963000000000000000e+03
4.165000000000000000e+03
4.983000000000000000e+03
4.293000000000000000e+03
2.725000000000000000e+03
3.032000000000000000e+03
3.530000000000000000e+02
4.511000000000000000e+03
4.657000000000000000e+03
3.299000000000000000e+03
2.557000000000000000e+03
2.002000000000000000e+03
9.480000000000000000e+02
3.317000000000000000e+03
2.823000000000000000e+03
4.154000000000000000e+03
2.670000000000000000e+03
3.466000000000000000e+03
3.615000000000000000e+03
9.030000000000000000e+02
3.785000000000000000e+03
3.607000000000000000e+03
1.356000000000000000e+03
3.873000000000000000e+03
3.722000000000000000e+03
3.798000000000000000e+03
1.680000000000000000e+03
2.209000000000000000e+03
2.026000000000000000e+03
1.541000000000000000e+03
1.869000000000000000e+03
3.848000000000000000e+03
3.637000000000000000e+03
4.152000000000000000e+03
1.768000000000000000e+03
3.668000000000000000e+03
3.952000000000000000e+03
1.336000000000000000e+03
3.618000000000000000e+03
4.792000000000000000e+03
5.069000000000000000e+03
8.970000000000000000e+02
2.790000000000000000e+03
1.628000000000000000e+03
1.518000000000000000e+03
2.274000000000000000e+03
3.231000000000000000e+03
1.710000000000000000e+02
5.115000000000000000e+03
2.484000000000000000e+03
5.580000000000000000e+02
2.915000000000000000e+03
4.690000000000000000e+02
3.227000000000000000e+03
2.790000000000000000e+02
3.382000000000000000e+03
4.687000000000000000e+03
5.190000000000000000e+02
2.571000000000000000e+03
2.996000000000000000e+03
1.921000000000000000e+03
2.418000000000000000e+03
3.015000000000000000e+03
1.511000000000000000e+03
2.820000000000000000e+02
6.610000000000000000e+02
5.012000000000000000e+03
2.917000000000000000e+03
5.177000000000000000e+03
3.965000000000000000e+03
3.444000000000000000e+03
1.519000000000000000e+03
2.910000000000000000e+03
6.190000000000000000e+02
1.152000000000000000e+03
8.230000000000000000e+02
9.990000000000000000e+02
3.787000000000000000e+03
2.342000000000000000e+03
3.146000000000000000e+03
1.927000000000000000e+03
2.580000000000000000e+03
4.754000000000000000e+03
3.391000000000000000e+03
3.381000000000000000e+03
3.439000000000000000e+03
3.207000000000000000e+03
4.512000000000000000e+03
3.789000000000000000e+03
4.449000000000000000e+03
4.390000000000000000e+02
4.361000000000000000e+03
2.337000000000000000e+03
2.979000000000000000e+03
7.220000000000000000e+02
5.059000000000000000e+03
5.165000000000000000e+03
3.842000000000000000e+03
1.784000000000000000e+03
4.070000000000000000e+02
3.075000000000000000e+03
2.698000000000000000e+03
1.929000000000000000e+03
2.450000000000000000e+02
4.926000000000000000e+03
1.132000000000000000e+03
1.900000000000000000e+03
2.629000000000000000e+03
5.073000000000000000e+03
1.927000000000000000e+03
1.774000000000000000e+03
1.410000000000000000e+03
1.419000000000000000e+03
1.635000000000000000e+03
5.104000000000000000e+03
7.830000000000000000e+02
2.391000000000000000e+03
2.430000000000000000e+02
3.603000000000000000e+03
2.948000000000000000e+03
2.580000000000000000e+02
1.225000000000000000e+03
1.394000000000000000e+03
2.240000000000000000e+02
2.434000000000000000e+03
2.557000000000000000e+03
