3.702000000000000000e+03
1.053000000000000000e+03
4.159000000000000000e+03
2.782000000000000000e+03
2.726000000000000000e+03
2.963000000000000000e+03
3.363000000000000000e+03
5.074000000000000000e+03
3.339000000000000000e+03
4.048000000000000000e+03
4.065000000000000000e+03
1.538000000000000000e+03
6.120000000000000000e+02
3.874000000000000000e+03
4.525000000000000000e+03
1.693000000000000000e+03
2.744000000000000000e+03
3.285000000000000000e+03
3.540000000000000000e+03
1.335000000000000000e+03
3.788000000000000000e+03
1.346000000000000000e+03
5.022000000000000000e+03
1.303000000000000000e+03
1.970000000000000000e+03
2.185000000000000000e+03
3.953000000000000000e+03
4.363000000000000000e+03
4.439000000000000000e+03
3.310000000000000000e+02
3.700000000000000000e+01
1.799000000000000000e+03
1.448000000000000000e+03
1.824000000000000000e+03
3.990000000000000000e+02
1.336000000000000000e+03
3.472000000000000000e+03
3.572000000000000000e+03
3.080000000000000000e+03
3.013000000000000000e+03
4.320000000000000000e+03
5.240000000000000000e+02
9.470000000000000000e+02
3.511000000000000000e+03
4.775000000000000000e+03
2.910000000000000000e+02
1.261000000000000000e+03
4.263000000000000000e+03
1.760000000000000000e+03
4.232000000000000000e+03
2.905000000000000000e+03
4.357000000000000000e+03
1.096000000000000000e+03
1.958000000000000000e+03
4.276000000000000000e+03
4.984000000000000000e+03
2.314000000000000000e+03
4.160000000000000000e+03
3.807000000000000000e+03
3.965000000000000000e+03
3.331000000000000000e+03
7.010000000000000000e+02
2.110000000000000000e+03
7.820000000000000000e+02
2.691000000000000000e+03
3.079000000000000000e+03
4.333000000000000000e+03
3.806000000000000000e+03
5.070000000000000000e+02
1.951000000000000000e+03
1.162000000000000000e+03
1.974000000000000000e+03
4.253000000000000000e+03
4.051000000000000000e+03
9.650000000000000000e+02
5.136000000000000000e+03
3.218000000000000000e+03
1.082000000000000000e+03
2.947000000000000000e+03
3.747000000000000000e+03
1.967000000000000000e+03
3.041000000000000000e+03
2.902000000000000000e+03
1.825000000000000000e+03
4.919000000000000000e+03
9.100000000000000000e+02
1.760000000000000000e+02
3.833000000000000000e+03
1.772000000000000000e+03
3.513000000000000000e+03
1.693000000000000000e+03
1.791000000000000000e+03
5.093000000000000000e+03
1.492000000000000000e+03
3.252000000000000000e+03
4.578000000000000000e+03
5.187000000000000000e+03
2.269000000000000000e+03
3.415000000000000000e+03
1.484000000000000000e+03
2.657000000000000000e+03
3.196000000000000000e+03
2.149000000000000000e+03
2.997000000000000000e+03
5.670000000000000000e+02
7.290000000000000000e+02
2.443000000000000000e+03
1.092000000000000000e+03
2.832000000000000000e+03
4.786000000000000000e+03
4.461000000000000000e+03
3.327000000000000000e+03
8.350000000000000000e+02
2.590000000000000000e+02
3.980000000000000000e+02
1.347000000000000000e+03
2.673000000000000000e+03
4.929000000000000000e+03
4.113000000000000000e+03
4.349000000000000000e+03
3.196000000000000000e+03
1.543000000000000000e+03
4.105000000000000000e+03
1.999000000000000000e+03
1.735000000000000000e+03
5.229000000000000000e+03
3.433000000000000000e+03
3.207000000000000000e+03
1.564000000000000000e+03
8.270000000000000000e+02
4.776000000000000000e+03
3.197000000000000000e+03
1.438000000000000000e+03
2.776000000000000000e+03
2.924000000000000000e+03
3.309000000000000000e+03
5.820000000000000000e+02
2.059000000000000000e+03
5.011000000000000000e+03
3.013000000000000000e+03
2.888000000000000000e+03
1.966000000000000000e+03
6.910000000000000000e+02
4.603000000000000000e+03
6.190000000000000000e+02
8.990000000000000000e+02
3.223000000000000000e+03
3.981000000000000000e+03
3.520000000000000000e+02
7.010000000000000000e+02
4.430000000000000000e+02
1.513000000000000000e+03
2.391000000000000000e+03
9.770000000000000000e+02
1.639000000000000000e+03
2.442000000000000000e+03
4.967000000000000000e+03
4.579000000000000000e+03
6.530000000000000000e+02
3.282000000000000000e+03
4.650000000000000000e+02
1.545000000000000000e+03
2.233000000000000000e+03
4.482000000000000000e+03
4.556000000000000000e+03
8.290000000000000000e+02
2.447000000000000000e+03
1.215000000000000000e+03
4.550000000000000000e+03
3.343000000000000000e+03
3.728000000000000000e+03
2.691000000000000000e+03
3.935000000000000000e+03
3.877000000000000000e+03
3.976000000000000000e+03
2.018000000000000000e+03
3.451000000000000000e+03
2.615000000000000000e+03
3.036000000000000000e+03
5.084000000000000000e+03
3.012000000000000000e+03
3.674000000000000000e+03
3.232000000000000000e+03
4.487000000000000000e+03
2.590000000000000000e+02
3.564000000000000000e+03
4.566000000000000000e+03
4.689000000000000000e+03
4.370000000000000000e+02
3.557000000000000000e+03
1.902000000000000000e+03
2.334000000000000000e+03
4.747000000000000000e+03
1.807000000000000000e+03
3.457000000000000000e+03
2.295000000000000000e+03
4.168000000000000000e+03
3.978000000000000000e+03
8.740000000000000000e+02
2.508000000000000000e+03
2.641000000000000000e+03
1.221000000000000000e+03
1.394000000000000000e+03
2.708000000000000000e+03
4.724000000000000000e+03
2.670000000000000000e+03
3.571000000000000000e+03
6.340000000000000000e+02
3.676000000000000000e+03
1.871000000000000000e+03
1.603000000000000000e+03
4.334000000000000000e+03
4.214000000000000000e+03
4.276000000000000000e+03
5.231000000000000000e+03
4.492000000000000000e+03
2.990000000000000000e+03
1.610000000000000000e+02
3.356000000000000000e+03
4.452000000000000000e+03
3.831000000000000000e+03
3.352000000000000000e+03
9.480000000000000000e+02
2.343000000000000000e+03
2.468000000000000000e+03
2.169000000000000000e+03
4.122000000000000000e+03
3.911000000000000000e+03
2.688000000000000000e+03
1.254000000000000000e+03
3.823000000000000000e+03
2.274000000000000000e+03
3.015000000000000000e+03
1.108000000000000000e+03
5.105000000000000000e+03
2.487000000000000000e+03
8.310000000000000000e+02
2.956000000000000000e+03
7.580000000000000000e+02
2.413000000000000000e+03
4.435000000000000000e+03
1.080000000000000000e+03
2.754000000000000000e+03
9.600000000000000000e+01
9.200000000000000000e+01
4.717000000000000000e+03
8.850000000000000000e+02
2.623000000000000000e+03
3.499000000000000000e+03
3.824000000000000000e+03
3.629000000000000000e+03
4.349000000000000000e+03
2.867000000000000000e+03
4.876000000000000000e+03
2.691000000000000000e+03
2.508000000000000000e+03
3.859000000000000000e+03
3.733000000000000000e+03
1.950000000000000000e+02
1.060000000000000000e+02
2.749000000000000000e+03
3.830000000000000000e+02
1.294000000000000000e+03
4.025000000000000000e+03
5.154000000000000000e+03
1.391000000000000000e+03
4.828000000000000000e+03
5.031000000000000000e+03
1.590000000000000000e+03
5.051000000000000000e+03
5.111000000000000000e+03
3.216000000000000000e+03
2.322000000000000000e+03
3.838000000000000000e+03
4.530000000000000000e+03
6.070000000000000000e+02
4.689000000000000000e+03
4.893000000000000000e+03
4.030000000000000000e+02
1.390000000000000000e+02
1.364000000000000000e+03
4.016000000000000000e+03
2.147000000000000000e+03
1.605000000000000000e+03
2.758000000000000000e+03
3.071000000000000000e+03
3.275000000000000000e+03
3.244000000000000000e+03
9.930000000000000000e+02
1.526000000000000000e+03
5.209000000000000000e+03
1.579000000000000000e+03
1.909000000000000000e+03
2.236000000000000000e+03
2.912000000000000000e+03
2.843000000000000000e+03
4.233000000000000000e+03
1.340000000000000000e+03
5.700000000000000000e+02
2.637000000000000000e+03
2.247000000000000000e+03
4.048000000000000000e+03
4.153000000000000000e+03
1.840000000000000000e+02
1.960000000000000000e+02
4.319000000000000000e+03
4.607000000000000000e+03
2.134000000000000000e+03
4.687000000000000000e+03
2.770000000000000000e+03
1.880000000000000000e+02
2.723000000000000000e+03
1.438000000000000000e+03
1.909000000000000000e+03
3.976000000000000000e+03
2.571000000000000000e+03
8.210000000000000000e+02
4.993000000000000000e+03
4.498000000000000000e+03
1.721000000000000000e+03
1.049000000000000000e+03
8.480000000000000000e+02
1.942000000000000000e+03
3.943000000000000000e+03
2.942000000000000000e+03
4.730000000000000000e+02
1.129000000000000000e+03
4.961000000000000000e+03
2.981000000000000000e+03
3.121000000000000000e+03
1.608000000000000000e+03
2.797000000000000000e+03
2.669000000000000000e+03
3.133000000000000000e+03
1.546000000000000000e+03
9.930000000000000000e+02
4.440000000000000000e+02
4.102000000000000000e+03
3.317000000000000000e+03
4.411000000000000000e+03
5.054000000000000000e+03
1.870000000000000000e+02
4.534000000000000000e+03
4.108000000000000000e+03
8.150000000000000000e+02
4.148000000000000000e+03
2.037000000000000000e+03
4.892000000000000000e+03
1.010000000000000000e+03
2.007000000000000000e+03
3.773000000000000000e+03
3.228000000000000000e+03
6.030000000000000000e+02
1.699000000000000000e+03
2.021000000000000000e+03
4.385000000000000000e+03
3.078000000000000000e+03
4.724000000000000000e+03
2.339000000000000000e+03
3.677000000000000000e+03
1.346000000000000000e+03
9.000000000000000000e+02
1.830000000000000000e+02
2.998000000000000000e+03
3.572000000000000000e+03
1.480000000000000000e+03
1.685000000000000000e+03
1.827000000000000000e+03
3.711000000000000000e+03
3.168000000000000000e+03
4.305000000000000000e+03
4.763000000000000000e+03
2.685000000000000000e+03
2.635000000000000000e+03
2.998000000000000000e+03
2.644000000000000000e+03
4.579000000000000000e+03
2.307000000000000000e+03
2.433000000000000000e+03
1.467000000000000000e+03
2.886000000000000000e+03
3.962000000000000000e+03
2.674000000000000000e+03
4.935000000000000000e+03
4.386000000000000000e+03
1.835000000000000000e+03
3.787000000000000000e+03
8.520000000000000000e+02
1.261000000000000000e+03
4.404000000000000000e+03
4.557000000000000000e+03
2.498000000000000000e+03
4.929000000000000000e+03
4.404000000000000000e+03
4.043000000000000000e+03
4.099000000000000000e+03
2.151000000000000000e+03
1.428000000000000000e+03
3.921000000000000000e+03
9.290000000000000000e+02
1.466000000000000000e+03
4.214000000000000000e+03
1.434000000000000000e+03
2.996000000000000000e+03
4.910000000000000000e+03
6.530000000000000000e+02
2.155000000000000000e+03
1.627000000000000000e+03
6.350000000000000000e+02
2.085000000000000000e+03
3.000000000000000000e+01
3.996000000000000000e+03
7.360000000000000000e+02
2.050000000000000000e+03
6.830000000000000000e+02
3.960000000000000000e+03
5.213000000000000000e+03
3.504000000000000000e+03
2.181000000000000000e+03
1.177000000000000000e+03
1.135000000000000000e+03
5.050000000000000000e+02
8.490000000000000000e+02
4.536000000000000000e+03
2.811000000000000000e+03
4.906000000000000000e+03
3.060000000000000000e+03
2.229000000000000000e+03
4.252000000000000000e+03
1.850000000000000000e+03
7.940000000000000000e+02
4.705000000000000000e+03
1.282000000000000000e+03
3.797000000000000000e+03
3.452000000000000000e+03
5.084000000000000000e+03
5.490000000000000000e+02
2.015000000000000000e+03
8.180000000000000000e+02
3.876000000000000000e+03
3.649000000000000000e+03
9.300000000000000000e+01
3.700000000000000000e+01
2.463000000000000000e+03
2.268000000000000000e+03
3.296000000000000000e+03
3.574000000000000000e+03
6.950000000000000000e+02
4.977000000000000000e+03
4.680000000000000000e+03
4.110000000000000000e+02
4.889000000000000000e+03
4.879000000000000000e+03
4.123000000000000000e+03
4.930000000000000000e+02
1.350000000000000000e+03
4.090000000000000000e+03
2.850000000000000000e+02
3.764000000000000000e+03
1.776000000000000000e+03
1.089000000000000000e+03
1.221000000000000000e+03
4.785000000000000000e+03
9.420000000000000000e+02
3.168000000000000000e+03
4.441000000000000000e+03
4.634000000000000000e+03
2.985000000000000000e+03
3.732000000000000000e+03
1.767000000000000000e+03
4.745000000000000000e+03
1.422000000000000000e+03
5.030000000000000000e+02
4.418000000000000000e+03
6.190000000000000000e+02
4.406000000000000000e+03
4.590000000000000000e+02
3.492000000000000000e+03
2.555000000000000000e+03
4.624000000000000000e+03
3.570000000000000000e+02
1.520000000000000000e+02
4.379000000000000000e+03
1.200000000000000000e+02
4.730000000000000000e+02
1.755000000000000000e+03
2.867000000000000000e+03
3.620000000000000000e+03
6.840000000000000000e+02
2.348000000000000000e+03
3.408000000000000000e+03
3.023000000000000000e+03
2.087000000000000000e+03
7.320000000000000000e+02
1.965000000000000000e+03
3.226000000000000000e+03
3.839000000000000000e+03
1.147000000000000000e+03
4.873000000000000000e+03
2.180000000000000000e+02
2.810000000000000000e+02
5.122000000000000000e+03
1.537000000000000000e+03
1.398000000000000000e+03
3.216000000000000000e+03
1.573000000000000000e+03
1.895000000000000000e+03
4.460000000000000000e+02
5.159000000000000000e+03
3.897000000000000000e+03
4.348000000000000000e+03
3.265000000000000000e+03
6.740000000000000000e+02
1.110000000000000000e+03
2.987000000000000000e+03
1.685000000000000000e+03
2.432000000000000000e+03
3.211000000000000000e+03
3.358000000000000000e+03
1.507000000000000000e+03
2.990000000000000000e+03
2.470000000000000000e+02
3.335000000000000000e+03
4.841000000000000000e+03
4.523000000000000000e+03
1.363000000000000000e+03
8.890000000000000000e+02
4.774000000000000000e+03
3.230000000000000000e+02
2.580000000000000000e+02
2.270000000000000000e+03
7.570000000000000000e+02
3.080000000000000000e+02
3.494000000000000000e+03
1.577000000000000000e+03
3.782000000000000000e+03
3.397000000000000000e+03
2.510000000000000000e+03
2.110000000000000000e+03
5.102000000000000000e+03
1.487000000000000000e+03
4.176000000000000000e+03
3.901000000000000000e+03
1.249000000000000000e+03
3.611000000000000000e+03
3.851000000000000000e+03
2.821000000000000000e+03
2.079000000000000000e+03
4.272000000000000000e+03
8.640000000000000000e+02
4.376000000000000000e+03
2.209000000000000000e+03
4.202000000000000000e+03
2.065000000000000000e+03
4.072000000000000000e+03
2.521000000000000000e+03
1.650000000000000000e+03
4.910000000000000000e+02
4.783000000000000000e+03
4.836000000000000000e+03
3.588000000000000000e+03
3.865000000000000000e+03
2.021000000000000000e+03
1.603000000000000000e+03
2.640000000000000000e+03
2.736000000000000000e+03
3.179000000000000000e+03
4.768000000000000000e+03
3.900000000000000000e+03
2.136000000000000000e+03
3.430000000000000000e+02
3.300000000000000000e+02
2.470000000000000000e+03
1.794000000000000000e+03
1.639000000000000000e+03
1.319000000000000000e+03
5.300000000000000000e+01
5.007000000000000000e+03
3.053000000000000000e+03
4.871000000000000000e+03
4.924000000000000000e+03
3.193000000000000000e+03
4.415000000000000000e+03
2.540000000000000000e+02
2.761000000000000000e+03
1.422000000000000000e+03
2.710000000000000000e+03
4.933000000000000000e+03
4.275000000000000000e+03
3.330000000000000000e+03
1.120000000000000000e+02
1.732000000000000000e+03
4.267000000000000000e+03
4.876000000000000000e+03
4.223000000000000000e+03
4.275000000000000000e+03
1.570000000000000000e+03
1.027000000000000000e+03
2.771000000000000000e+03
2.973000000000000000e+03
1.457000000000000000e+03
1.501000000000000000e+03
5.100000000000000000e+01
4.190000000000000000e+02
4.497000000000000000e+03
1.048000000000000000e+03
2.746000000000000000e+03
2.441000000000000000e+03
2.759000000000000000e+03
1.170000000000000000e+03
3.606000000000000000e+03
8.070000000000000000e+02
3.320000000000000000e+03
5.002000000000000000e+03
4.910000000000000000e+02
1.873000000000000000e+03
3.572000000000000000e+03
3.863000000000000000e+03
2.036000000000000000e+03
8.870000000000000000e+02
2.337000000000000000e+03
4.843000000000000000e+03
1.098000000000000000e+03
1.792000000000000000e+03
5.206000000000000000e+03
2.789000000000000000e+03
3.460000000000000000e+02
5.223000000000000000e+03
4.629000000000000000e+03
4.442000000000000000e+03
7.260000000000000000e+02
3.313000000000000000e+03
4.402000000000000000e+03
5.099000000000000000e+03
8.110000000000000000e+02
1.639000000000000000e+03
2.006000000000000000e+03
3.877000000000000000e+03
4.763000000000000000e+03
1.872000000000000000e+03
2.850000000000000000e+03
4.454000000000000000e+03
4.100000000000000000e+03
1.634000000000000000e+03
5.560000000000000000e+02
1.173000000000000000e+03
1.903000000000000000e+03
2.396000000000000000e+03
1.675000000000000000e+03
1.797000000000000000e+03
7.820000000000000000e+02
4.863000000000000000e+03
4.250000000000000000e+02
4.244000000000000000e+03
8.700000000000000000e+01
2.070000000000000000e+03
2.030000000000000000e+03
5.205000000000000000e+03
4.500000000000000000e+02
6.720000000000000000e+02
3.642000000000000000e+03
3.660000000000000000e+02
4.269000000000000000e+03
2.328000000000000000e+03
1.467000000000000000e+03
5.170000000000000000e+03
2.468000000000000000e+03
2.085000000000000000e+03
4.893000000000000000e+03
1.501000000000000000e+03
3.799000000000000000e+03
4.433000000000000000e+03
1.200000000000000000e+02
1.578000000000000000e+03
6.800000000000000000e+02
3.008000000000000000e+03
4.158000000000000000e+03
7.190000000000000000e+02
1.583000000000000000e+03
2.443000000000000000e+03
7.720000000000000000e+02
2.337000000000000000e+03
1.858000000000000000e+03
1.858000000000000000e+03
1.373000000000000000e+03
9.850000000000000000e+02
4.062000000000000000e+03
4.244000000000000000e+03
2.255000000000000000e+03
4.047000000000000000e+03
1.770000000000000000e+02
1.440000000000000000e+03
3.581000000000000000e+03
2.493000000000000000e+03
4.601000000000000000e+03
1.182000000000000000e+03
3.064000000000000000e+03
4.711000000000000000e+03
4.794000000000000000e+03
9.500000000000000000e+01
2.206000000000000000e+03
1.126000000000000000e+03
1.950000000000000000e+03
2.404000000000000000e+03
5.193000000000000000e+03
4.726000000000000000e+03
3.200000000000000000e+03
4.051000000000000000e+03
2.079000000000000000e+03
4.982000000000000000e+03
3.456000000000000000e+03
1.666000000000000000e+03
3.170000000000000000e+03
1.529000000000000000e+03
1.015000000000000000e+03
2.650000000000000000e+03
4.576000000000000000e+03
9.100000000000000000e+01
4.459000000000000000e+03
2.255000000000000000e+03
4.556000000000000000e+03
9.670000000000000000e+02
3.980000000000000000e+03
2.972000000000000000e+03
4.245000000000000000e+03
3.843000000000000000e+03
4.722000000000000000e+03
8.800000000000000000e+02
4.973000000000000000e+03
4.973000000000000000e+03
7.590000000000000000e+02
3.338000000000000000e+03
5.157000000000000000e+03
4.456000000000000000e+03
5.169000000000000000e+03
1.401000000000000000e+03
2.160000000000000000e+02
1.132000000000000000e+03
8.030000000000000000e+02
2.816000000000000000e+03
6.710000000000000000e+02
3.504000000000000000e+03
3.083000000000000000e+03
4.878000000000000000e+03
6.040000000000000000e+02
3.526000000000000000e+03
2.650000000000000000e+02
1.545000000000000000e+03
3.140000000000000000e+02
7.360000000000000000e+02
3.562000000000000000e+03
4.257000000000000000e+03
5.143000000000000000e+03
3.894000000000000000e+03
1.275000000000000000e+03
3.742000000000000000e+03
1.840000000000000000e+03
5.820000000000000000e+02
5.053000000000000000e+03
1.675000000000000000e+03
2.773000000000000000e+03
3.186000000000000000e+03
2.228000000000000000e+03
2.520000000000000000e+03
3.891000000000000000e+03
3.516000000000000000e+03
2.340000000000000000e+03
2.000000000000000000e+00
1.060000000000000000e+02
3.107000000000000000e+03
1.691000000000000000e+03
3.270000000000000000e+03
1.972000000000000000e+03
1.216000000000000000e+03
1.516000000000000000e+03
4.515000000000000000e+03
2.074000000000000000e+03
2.684000000000000000e+03
2.934000000000000000e+03
1.052000000000000000e+03
5.221000000000000000e+03
2.690000000000000000e+03
4.660000000000000000e+03
3.937000000000000000e+03
2.989000000000000000e+03
3.795000000000000000e+03
3.185000000000000000e+03
6.570000000000000000e+02
3.725000000000000000e+03
8.900000000000000000e+02
4.565000000000000000e+03
9.520000000000000000e+02
5.034000000000000000e+03
2.709000000000000000e+03
5.116000000000000000e+03
2.495000000000000000e+03
2.712000000000000000e+03
3.039000000000000000e+03
2.881000000000000000e+03
4.915000000000000000e+03
3.896000000000000000e+03
1.162000000000000000e+03
3.392000000000000000e+03
2.671000000000000000e+03
2.090000000000000000e+03
3.719000000000000000e+03
4.419000000000000000e+03
2.289000000000000000e+03
3.564000000000000000e+03
2.484000000000000000e+03
3.722000000000000000e+03
1.753000000000000000e+03
8.640000000000000000e+02
1.040000000000000000e+02
4.094000000000000000e+03
2.950000000000000000e+03
2.407000000000000000e+03
5.570000000000000000e+02
4.108000000000000000e+03
2.982000000000000000e+03
2.440000000000000000e+02
1.250000000000000000e+02
2.153000000000000000e+03
3.439000000000000000e+03
8.370000000000000000e+02
5.101000000000000000e+03
1.450000000000000000e+03
1.626000000000000000e+03
1.656000000000000000e+03
3.955000000000000000e+03
9.700000000000000000e+02
7.000000000000000000e+02
1.730000000000000000e+02
3.934000000000000000e+03
1.049000000000000000e+03
4.566000000000000000e+03
1.284000000000000000e+03
3.908000000000000000e+03
3.688000000000000000e+03
1.643000000000000000e+03
1.367000000000000000e+03
4.593000000000000000e+03
2.592000000000000000e+03
1.209000000000000000e+03
4.170000000000000000e+03
4.708000000000000000e+03
3.529000000000000000e+03
1.713000000000000000e+03
1.520000000000000000e+03
3.943000000000000000e+03
1.568000000000000000e+03
3.350000000000000000e+02
5.670000000000000000e+02
1.600000000000000000e+02
2.286000000000000000e+03
3.776000000000000000e+03
4.988000000000000000e+03
7.400000000000000000e+02
2.230000000000000000e+03
6.340000000000000000e+02
3.425000000000000000e+03
2.808000000000000000e+03
4.126000000000000000e+03
2.561000000000000000e+03
2.997000000000000000e+03
2.010000000000000000e+03
3.078000000000000000e+03
3.160000000000000000e+02
3.880000000000000000e+03
1.630000000000000000e+03
1.906000000000000000e+03
4.367000000000000000e+03
5.680000000000000000e+02
2.657000000000000000e+03
4.901000000000000000e+03
4.474000000000000000e+03
5.410000000000000000e+02
2.620000000000000000e+02
3.862000000000000000e+03
7.900000000000000000e+02
1.240000000000000000e+02
5.131000000000000000e+03
2.605000000000000000e+03
1.994000000000000000e+03
1.496000000000000000e+03
4.256000000000000000e+03
1.200000000000000000e+02
4.162000000000000000e+03
3.020000000000000000e+03
4.586000000000000000e+03
5.690000000000000000e+02
1.172000000000000000e+03
1.231000000000000000e+03
2.429000000000000000e+03
1.487000000000000000e+03
5.202000000000000000e+03
4.210000000000000000e+02
4.019000000000000000e+03
8.760000000000000000e+02
2.220000000000000000e+02
1.700000000000000000e+02
1.540000000000000000e+02
3.676000000000000000e+03
3.744000000000000000e+03
1.360000000000000000e+02
1.377000000000000000e+03
3.341000000000000000e+03
5.000000000000000000e+02
8.100000000000000000e+01
1.920000000000000000e+02
4.775000000000000000e+03
3.413000000000000000e+03
3.309000000000000000e+03
3.287000000000000000e+03
4.826000000000000000e+03
1.708000000000000000e+03
4.840000000000000000e+03
5.153000000000000000e+03
2.560000000000000000e+02
2.946000000000000000e+03
2.563000000000000000e+03
4.366000000000000000e+03
4.820000000000000000e+03
3.337000000000000000e+03
1.636000000000000000e+03
4.661000000000000000e+03
4.405000000000000000e+03
2.222000000000000000e+03
2.307000000000000000e+03
9.850000000000000000e+02
4.613000000000000000e+03
4.910000000000000000e+03
4.191000000000000000e+03
4.036000000000000000e+03
3.660000000000000000e+02
4.402000000000000000e+03
2.941000000000000000e+03
3.107000000000000000e+03
9.990000000000000000e+02
2.255000000000000000e+03
4.650000000000000000e+02
9.140000000000000000e+02
8.550000000000000000e+02
9.010000000000000000e+02
5.125000000000000000e+03
2.569000000000000000e+03
3.789000000000000000e+03
9.200000000000000000e+02
8.260000000000000000e+02
4.071000000000000000e+03
4.812000000000000000e+03
1.480000000000000000e+02
4.467000000000000000e+03
2.870000000000000000e+03
3.576000000000000000e+03
3.770000000000000000e+02
4.176000000000000000e+03
1.301000000000000000e+03
1.140000000000000000e+02
3.439000000000000000e+03
5.216000000000000000e+03
2.432000000000000000e+03
5.085000000000000000e+03
1.608000000000000000e+03
1.354000000000000000e+03
4.079000000000000000e+03
1.564000000000000000e+03
1.520000000000000000e+03
4.800000000000000000e+02
1.495000000000000000e+03
2.305000000000000000e+03
2.268000000000000000e+03
4.030000000000000000e+02
3.030000000000000000e+03
4.892000000000000000e+03
4.679000000000000000e+03
2.254000000000000000e+03
3.765000000000000000e+03
2.567000000000000000e+03
1.463000000000000000e+03
2.226000000000000000e+03
1.803000000000000000e+03
1.829000000000000000e+03
4.696000000000000000e+03
4.820000000000000000e+02
4.862000000000000000e+03
3.481000000000000000e+03
1.847000000000000000e+03
5.159000000000000000e+03
4.035000000000000000e+03
8.890000000000000000e+02
5.410000000000000000e+02
3.917000000000000000e+03
2.936000000000000000e+03
4.451000000000000000e+03
3.587000000000000000e+03
4.919000000000000000e+03
4.993000000000000000e+03
1.318000000000000000e+03
5.410000000000000000e+02
2.263000000000000000e+03
2.820000000000000000e+03
3.114000000000000000e+03
4.585000000000000000e+03
3.561000000000000000e+03
5.207000000000000000e+03
2.220000000000000000e+02
2.266000000000000000e+03
4.741000000000000000e+03
3.802000000000000000e+03
5.166000000000000000e+03
2.722000000000000000e+03
3.220000000000000000e+02
1.322000000000000000e+03
1.330000000000000000e+02
3.550000000000000000e+03
4.400000000000000000e+03
4.178000000000000000e+03
3.813000000000000000e+03
1.565000000000000000e+03
1.472000000000000000e+03
2.563000000000000000e+03
2.450000000000000000e+02
2.539000000000000000e+03
1.537000000000000000e+03
4.068000000000000000e+03
4.261000000000000000e+03
3.348000000000000000e+03
6.750000000000000000e+02
1.584000000000000000e+03
7.830000000000000000e+02
3.952000000000000000e+03
2.059000000000000000e+03
3.214000000000000000e+03
5.980000000000000000e+02
3.274000000000000000e+03
2.620000000000000000e+02
2.303000000000000000e+03
1.294000000000000000e+03
4.920000000000000000e+02
2.483000000000000000e+03
1.672000000000000000e+03
1.288000000000000000e+03
3.720000000000000000e+02
3.300000000000000000e+03
4.297000000000000000e+03
1.249000000000000000e+03
4.260000000000000000e+02
3.440000000000000000e+02
3.440000000000000000e+02
3.500000000000000000e+03
3.649000000000000000e+03
4.670000000000000000e+02
2.629000000000000000e+03
1.915000000000000000e+03
2.757000000000000000e+03
1.417000000000000000e+03
3.408000000000000000e+03
3.770000000000000000e+03
9.480000000000000000e+02
1.911000000000000000e+03
2.581000000000000000e+03
2.090000000000000000e+03
3.309000000000000000e+03
2.674000000000000000e+03
4.153000000000000000e+03
5.171000000000000000e+03
3.258000000000000000e+03
1.770000000000000000e+02
2.159000000000000000e+03
2.810000000000000000e+02
9.000000000000000000e+02
2.489000000000000000e+03
3.076000000000000000e+03
1.672000000000000000e+03
1.185000000000000000e+03
1.640000000000000000e+03
2.152000000000000000e+03
1.310000000000000000e+03
1.534000000000000000e+03
4.792000000000000000e+03
4.420000000000000000e+03
1.330000000000000000e+02
8.090000000000000000e+02
1.965000000000000000e+03
3.358000000000000000e+03
2.125000000000000000e+03
4.119000000000000000e+03
4.541000000000000000e+03
2.229000000000000000e+03
1.916000000000000000e+03
1.548000000000000000e+03
4.447000000000000000e+03
1.360000000000000000e+03
4.946000000000000000e+03
6.390000000000000000e+02
3.243000000000000000e+03
3.350000000000000000e+03
5.088000000000000000e+03
2.463000000000000000e+03
8.490000000000000000e+02
3.715000000000000000e+03
1.414000000000000000e+03
5.530000000000000000e+02
2.627000000000000000e+03
4.060000000000000000e+02
2.696000000000000000e+03
7.030000000000000000e+02
9.490000000000000000e+02
9.730000000000000000e+02
5.085000000000000000e+03
3.699000000000000000e+03
3.155000000000000000e+03
3.882000000000000000e+03
2.296000000000000000e+03
9.000000000000000000e+00
1.875000000000000000e+03
2.978000000000000000e+03
5.096000000000000000e+03
2.057000000000000000e+03
2.941000000000000000e+03
1.550000000000000000e+03
2.270000000000000000e+02
1.184000000000000000e+03
2.063000000000000000e+03
5.050000000000000000e+03
4.190000000000000000e+02
2.620000000000000000e+02
4.480000000000000000e+02
3.742000000000000000e+03
3.896000000000000000e+03
1.879000000000000000e+03
2.683000000000000000e+03
5.930000000000000000e+02
4.164000000000000000e+03
4.415000000000000000e+03
5.850000000000000000e+02
5.190000000000000000e+02
3.496000000000000000e+03
2.352000000000000000e+03
6.050000000000000000e+02
1.610000000000000000e+02
4.130000000000000000e+03
4.268000000000000000e+03
3.048000000000000000e+03
3.809000000000000000e+03
8.950000000000000000e+02
4.260000000000000000e+02
3.857000000000000000e+03
4.820000000000000000e+02
3.556000000000000000e+03
3.651000000000000000e+03
1.666000000000000000e+03
3.336000000000000000e+03
2.330000000000000000e+02
4.320000000000000000e+03
3.048000000000000000e+03
4.742000000000000000e+03
2.216000000000000000e+03
3.472000000000000000e+03
2.111000000000000000e+03
1.952000000000000000e+03
4.850000000000000000e+02
2.307000000000000000e+03
3.270000000000000000e+03
5.204000000000000000e+03
1.685000000000000000e+03
3.399000000000000000e+03
4.414000000000000000e+03
1.133000000000000000e+03
2.749000000000000000e+03
6.100000000000000000e+01
4.954000000000000000e+03
1.696000000000000000e+03
2.394000000000000000e+03
3.670000000000000000e+03
4.515000000000000000e+03
2.661000000000000000e+03
4.966000000000000000e+03
3.205000000000000000e+03
6.040000000000000000e+02
2.552000000000000000e+03
3.747000000000000000e+03
3.755000000000000000e+03
1.540000000000000000e+02
3.270000000000000000e+03
1.329000000000000000e+03
2.680000000000000000e+02
4.610000000000000000e+02
2.749000000000000000e+03
4.079000000000000000e+03
3.199000000000000000e+03
1.912000000000000000e+03
2.357000000000000000e+03
4.692000000000000000e+03
2.790000000000000000e+02
2.656000000000000000e+03
4.007000000000000000e+03
4.118000000000000000e+03
1.560000000000000000e+03
6.320000000000000000e+02
4.569000000000000000e+03
2.572000000000000000e+03
3.405000000000000000e+03
4.840000000000000000e+02
4.696000000000000000e+03
4.596000000000000000e+03
1.335000000000000000e+03
2.410000000000000000e+03
1.330000000000000000e+03
2.151000000000000000e+03
4.890000000000000000e+03
8.010000000000000000e+02
2.728000000000000000e+03
2.627000000000000000e+03
4.111000000000000000e+03
4.783000000000000000e+03
1.027000000000000000e+03
1.043000000000000000e+03
3.055000000000000000e+03
3.591000000000000000e+03
4.210000000000000000e+03
2.070000000000000000e+02
4.770000000000000000e+02
4.870000000000000000e+02
3.194000000000000000e+03
3.193000000000000000e+03
4.387000000000000000e+03
3.250000000000000000e+03
2.392000000000000000e+03
7.260000000000000000e+02
4.820000000000000000e+02
1.231000000000000000e+03
3.978000000000000000e+03
1.800000000000000000e+01
3.672000000000000000e+03
1.666000000000000000e+03
1.746000000000000000e+03
1.149000000000000000e+03
2.252000000000000000e+03
4.302000000000000000e+03
9.340000000000000000e+02
4.079000000000000000e+03
2.080000000000000000e+02
4.088000000000000000e+03
3.226000000000000000e+03
4.900000000000000000e+02
4.030000000000000000e+02
3.770000000000000000e+03
3.275000000000000000e+03
4.704000000000000000e+03
4.971000000000000000e+03
6.650000000000000000e+02
1.573000000000000000e+03
4.047000000000000000e+03
3.330000000000000000e+02
3.928000000000000000e+03
4.332000000000000000e+03
8.850000000000000000e+02
6.900000000000000000e+02
4.781000000000000000e+03
3.231000000000000000e+03
1.076000000000000000e+03
1.790000000000000000e+02
3.411000000000000000e+03
2.588000000000000000e+03
4.421000000000000000e+03
1.971000000000000000e+03
1.678000000000000000e+03
1.565000000000000000e+03
5.780000000000000000e+02
3.386000000000000000e+03
2.827000000000000000e+03
7.470000000000000000e+02
3.220000000000000000e+02
4.297000000000000000e+03
1.879000000000000000e+03
3.852000000000000000e+03
2.520000000000000000e+03
3.813000000000000000e+03
4.183000000000000000e+03
2.747000000000000000e+03
2.183000000000000000e+03
3.543000000000000000e+03
2.310000000000000000e+03
3.913000000000000000e+03
3.512000000000000000e+03
1.941000000000000000e+03
2.051000000000000000e+03
2.960000000000000000e+02
3.760000000000000000e+03
5.095000000000000000e+03
6.330000000000000000e+02
4.201000000000000000e+03
2.833000000000000000e+03
1.265000000000000000e+03
1.440000000000000000e+03
2.756000000000000000e+03
3.615000000000000000e+03
2.407000000000000000e+03
3.918000000000000000e+03
3.663000000000000000e+03
4.903000000000000000e+03
5.156000000000000000e+03
2.116000000000000000e+03
1.180000000000000000e+03
2.539000000000000000e+03
7.150000000000000000e+02
1.899000000000000000e+03
3.348000000000000000e+03
3.789000000000000000e+03
2.553000000000000000e+03
4.240000000000000000e+02
3.908000000000000000e+03
1.240000000000000000e+02
3.000000000000000000e+03
4.389000000000000000e+03
3.368000000000000000e+03
2.538000000000000000e+03
1.147000000000000000e+03
4.860000000000000000e+02
2.990000000000000000e+03
2.770000000000000000e+03
5.122000000000000000e+03
2.852000000000000000e+03
2.740000000000000000e+03
1.546000000000000000e+03
3.113000000000000000e+03
2.329000000000000000e+03
1.376000000000000000e+03
2.613000000000000000e+03
1.850000000000000000e+03
2.391000000000000000e+03
2.299000000000000000e+03
3.731000000000000000e+03
4.550000000000000000e+03
5.184000000000000000e+03
1.035000000000000000e+03
2.814000000000000000e+03
2.493000000000000000e+03
4.885000000000000000e+03
2.843000000000000000e+03
5.126000000000000000e+03
4.704000000000000000e+03
6.380000000000000000e+02
1.553000000000000000e+03
2.022000000000000000e+03
1.159000000000000000e+03
2.450000000000000000e+03
1.590000000000000000e+03
1.073000000000000000e+03
3.988000000000000000e+03
1.000000000000000000e+03
3.448000000000000000e+03
1.309000000000000000e+03
3.846000000000000000e+03
4.111000000000000000e+03
3.551000000000000000e+03
2.275000000000000000e+03
5.310000000000000000e+02
1.356000000000000000e+03
1.024000000000000000e+03
9.120000000000000000e+02
1.100000000000000000e+01
3.014000000000000000e+03
4.953000000000000000e+03
3.938000000000000000e+03
2.477000000000000000e+03
3.705000000000000000e+03
3.349000000000000000e+03
1.557000000000000000e+03
1.635000000000000000e+03
3.672000000000000000e+03
2.699000000000000000e+03
5.080000000000000000e+02
1.065000000000000000e+03
2.002000000000000000e+03
3.662000000000000000e+03
4.900000000000000000e+03
4.520000000000000000e+02
4.936000000000000000e+03
1.434000000000000000e+03
1.799000000000000000e+03
2.014000000000000000e+03
1.141000000000000000e+03
1.220000000000000000e+02
4.461000000000000000e+03
1.570000000000000000e+03
2.806000000000000000e+03
1.405000000000000000e+03
1.835000000000000000e+03
1.061000000000000000e+03
7.610000000000000000e+02
4.236000000000000000e+03
4.491000000000000000e+03
2.772000000000000000e+03
3.510000000000000000e+03
4.111000000000000000e+03
4.733000000000000000e+03
1.216000000000000000e+03
4.560000000000000000e+02
3.539000000000000000e+03
1.694000000000000000e+03
6.610000000000000000e+02
2.999000000000000000e+03
3.620000000000000000e+03
3.877000000000000000e+03
2.157000000000000000e+03
4.570000000000000000e+03
4.667000000000000000e+03
2.664000000000000000e+03
1.973000000000000000e+03
2.436000000000000000e+03
2.054000000000000000e+03
5.360000000000000000e+02
7.480000000000000000e+02
1.391000000000000000e+03
2.626000000000000000e+03
1.062000000000000000e+03
2.918000000000000000e+03
1.471000000000000000e+03
2.020000000000000000e+03
2.493000000000000000e+03
4.276000000000000000e+03
1.115000000000000000e+03
3.522000000000000000e+03
3.561000000000000000e+03
3.263000000000000000e+03
3.663000000000000000e+03
1.814000000000000000e+03
3.732000000000000000e+03
5.026000000000000000e+03
2.439000000000000000e+03
4.588000000000000000e+03
1.924000000000000000e+03
7.460000000000000000e+02
4.493000000000000000e+03
2.518000000000000000e+03
4.566000000000000000e+03
3.498000000000000000e+03
2.200000000000000000e+02
3.282000000000000000e+03
3.169000000000000000e+03
2.471000000000000000e+03
2.678000000000000000e+03
2.465000000000000000e+03
2.740000000000000000e+02
4.119000000000000000e+03
2.587000000000000000e+03
2.474000000000000000e+03
1.718000000000000000e+03
1.070000000000000000e+03
4.566000000000000000e+03
9.630000000000000000e+02
4.081000000000000000e+03
4.897000000000000000e+03
2.250000000000000000e+03
9.420000000000000000e+02
3.735000000000000000e+03
2.970000000000000000e+03
1.050000000000000000e+02
3.840000000000000000e+03
1.115000000000000000e+03
8.980000000000000000e+02
3.451000000000000000e+03
1.513000000000000000e+03
3.402000000000000000e+03
1.768000000000000000e+03
3.090000000000000000e+03
4.804000000000000000e+03
2.051000000000000000e+03
3.432000000000000000e+03
3.412000000000000000e+03
1.686000000000000000e+03
4.840000000000000000e+03
3.233000000000000000e+03
3.861000000000000000e+03
8.900000000000000000e+02
1.070000000000000000e+03
2.401000000000000000e+03
3.982000000000000000e+03
6.120000000000000000e+02
3.819000000000000000e+03
3.353000000000000000e+03
2.693000000000000000e+03
3.884000000000000000e+03
1.628000000000000000e+03
7.310000000000000000e+02
5.050000000000000000e+02
6.430000000000000000e+02
4.721000000000000000e+03
8.700000000000000000e+01
2.012000000000000000e+03
1.915000000000000000e+03
2.324000000000000000e+03
2.591000000000000000e+03
2.365000000000000000e+03
3.235000000000000000e+03
1.731000000000000000e+03
3.905000000000000000e+03
8.770000000000000000e+02
1.960000000000000000e+02
1.180000000000000000e+03
2.968000000000000000e+03
1.837000000000000000e+03
4.067000000000000000e+03
4.439000000000000000e+03
1.273000000000000000e+03
4.198000000000000000e+03
2.808000000000000000e+03
4.482000000000000000e+03
3.958000000000000000e+03
2.673000000000000000e+03
1.253000000000000000e+03
2.822000000000000000e+03
4.728000000000000000e+03
3.591000000000000000e+03
1.110000000000000000e+02
2.136000000000000000e+03
1.757000000000000000e+03
4.293000000000000000e+03
2.192000000000000000e+03
3.329000000000000000e+03
3.885000000000000000e+03
2.390000000000000000e+02
7.720000000000000000e+02
2.477000000000000000e+03
4.787000000000000000e+03
1.573000000000000000e+03
1.173000000000000000e+03
3.796000000000000000e+03
4.609000000000000000e+03
4.808000000000000000e+03
2.237000000000000000e+03
3.472000000000000000e+03
3.624000000000000000e+03
1.249000000000000000e+03
2.571000000000000000e+03
6.590000000000000000e+02
9.810000000000000000e+02
1.852000000000000000e+03
2.747000000000000000e+03
2.937000000000000000e+03
3.915000000000000000e+03
1.425000000000000000e+03
4.172000000000000000e+03
4.599000000000000000e+03
4.219000000000000000e+03
8.820000000000000000e+02
2.329000000000000000e+03
1.272000000000000000e+03
5.086000000000000000e+03
1.103000000000000000e+03
1.645000000000000000e+03
4.019000000000000000e+03
4.278000000000000000e+03
2.019000000000000000e+03
3.282000000000000000e+03
2.102000000000000000e+03
2.564000000000000000e+03
4.796000000000000000e+03
1.959000000000000000e+03
1.538000000000000000e+03
3.336000000000000000e+03
1.140000000000000000e+03
5.184000000000000000e+03
4.091000000000000000e+03
2.142000000000000000e+03
1.778000000000000000e+03
3.303000000000000000e+03
1.743000000000000000e+03
7.710000000000000000e+02
1.519000000000000000e+03
1.570000000000000000e+03
2.852000000000000000e+03
1.044000000000000000e+03
4.759000000000000000e+03
9.720000000000000000e+02
4.520000000000000000e+03
2.920000000000000000e+02
5.090000000000000000e+03
3.730000000000000000e+03
5.420000000000000000e+02
4.370000000000000000e+02
1.164000000000000000e+03
7.190000000000000000e+02
3.319000000000000000e+03
2.798000000000000000e+03
4.629000000000000000e+03
9.700000000000000000e+01
1.958000000000000000e+03
9.160000000000000000e+02
1.114000000000000000e+03
3.839000000000000000e+03
4.720000000000000000e+02
3.587000000000000000e+03
3.500000000000000000e+01
1.942000000000000000e+03
5.930000000000000000e+02
3.803000000000000000e+03
2.137000000000000000e+03
4.558000000000000000e+03
1.720000000000000000e+03
3.269000000000000000e+03
4.218000000000000000e+03
1.182000000000000000e+03
4.390000000000000000e+03
1.611000000000000000e+03
4.258000000000000000e+03
4.625000000000000000e+03
4.063000000000000000e+03
2.018000000000000000e+03
2.490000000000000000e+02
2.949000000000000000e+03
3.985000000000000000e+03
3.629000000000000000e+03
2.640000000000000000e+02
2.036000000000000000e+03
1.765000000000000000e+03
1.147000000000000000e+03
4.644000000000000000e+03
2.528000000000000000e+03
4.367000000000000000e+03
1.281000000000000000e+03
4.581000000000000000e+03
4.235000000000000000e+03
2.693000000000000000e+03
2.587000000000000000e+03
3.067000000000000000e+03
8.770000000000000000e+02
2.675000000000000000e+03
1.040000000000000000e+02
3.500000000000000000e+01
6.600000000000000000e+01
4.708000000000000000e+03
1.659000000000000000e+03
2.613000000000000000e+03
4.504000000000000000e+03
5.440000000000000000e+02
3.231000000000000000e+03
1.208000000000000000e+03
3.011000000000000000e+03
1.560000000000000000e+02
6.690000000000000000e+02
2.202000000000000000e+03
1.309000000000000000e+03
2.894000000000000000e+03
2.617000000000000000e+03
4.135000000000000000e+03
1.700000000000000000e+02
4.630000000000000000e+02
2.468000000000000000e+03
4.673000000000000000e+03
5.007000000000000000e+03
2.626000000000000000e+03
1.206000000000000000e+03
4.061000000000000000e+03
3.700000000000000000e+03
1.326000000000000000e+03
3.472000000000000000e+03
3.090000000000000000e+03
9.780000000000000000e+02
1.744000000000000000e+03
2.404000000000000000e+03
1.426000000000000000e+03
9.370000000000000000e+02
3.689000000000000000e+03
3.915000000000000000e+03
2.926000000000000000e+03
3.091000000000000000e+03
2.652000000000000000e+03
5.670000000000000000e+02
2.870000000000000000e+02
2.625000000000000000e+03
5.940000000000000000e+02
1.161000000000000000e+03
7.650000000000000000e+02
4.670000000000000000e+03
5.059000000000000000e+03
4.835000000000000000e+03
1.235000000000000000e+03
4.190000000000000000e+02
1.241000000000000000e+03
1.846000000000000000e+03
9.600000000000000000e+02
4.016000000000000000e+03
3.170000000000000000e+02
1.338000000000000000e+03
2.694000000000000000e+03
4.361000000000000000e+03
1.902000000000000000e+03
3.003000000000000000e+03
4.504000000000000000e+03
4.943000000000000000e+03
1.770000000000000000e+03
2.416000000000000000e+03
1.100000000000000000e+01
4.951000000000000000e+03
2.157000000000000000e+03
8.880000000000000000e+02
5.140000000000000000e+02
2.072000000000000000e+03
5.550000000000000000e+02
4.100000000000000000e+03
3.835000000000000000e+03
2.417000000000000000e+03
5.270000000000000000e+02
6.570000000000000000e+02
2.871000000000000000e+03
1.407000000000000000e+03
5.228000000000000000e+03
1.355000000000000000e+03
1.342000000000000000e+03
3.181000000000000000e+03
1.160000000000000000e+03
9.030000000000000000e+02
5.900000000000000000e+02
1.380000000000000000e+03
2.786000000000000000e+03
1.140000000000000000e+02
3.889000000000000000e+03
5.198000000000000000e+03
1.460000000000000000e+03
1.754000000000000000e+03
7.000000000000000000e+02
3.573000000000000000e+03
5.146000000000000000e+03
3.772000000000000000e+03
2.922000000000000000e+03
3.710000000000000000e+03
1.897000000000000000e+03
4.624000000000000000e+03
3.022000000000000000e+03
8.900000000000000000e+02
3.374000000000000000e+03
3.488000000000000000e+03
4.739000000000000000e+03
2.586000000000000000e+03
6.540000000000000000e+02
2.815000000000000000e+03
3.580000000000000000e+02
1.423000000000000000e+03
8.870000000000000000e+02
1.569000000000000000e+03
3.939000000000000000e+03
3.118000000000000000e+03
2.184000000000000000e+03
4.152000000000000000e+03
3.607000000000000000e+03
3.304000000000000000e+03
2.999000000000000000e+03
2.595000000000000000e+03
7.550000000000000000e+02
3.022000000000000000e+03
4.400000000000000000e+03
4.433000000000000000e+03
4.880000000000000000e+02
1.559000000000000000e+03
1.800000000000000000e+03
4.148000000000000000e+03
3.094000000000000000e+03
1.536000000000000000e+03
2.924000000000000000e+03
5.071000000000000000e+03
3.996000000000000000e+03
1.568000000000000000e+03
1.303000000000000000e+03
5.208000000000000000e+03
4.842000000000000000e+03
2.122000000000000000e+03
3.664000000000000000e+03
2.681000000000000000e+03
1.061000000000000000e+03
3.641000000000000000e+03
1.108000000000000000e+03
2.539000000000000000e+03
1.786000000000000000e+03
3.530000000000000000e+03
3.336000000000000000e+03
1.448000000000000000e+03
5.800000000000000000e+02
5.098000000000000000e+03
1.227000000000000000e+03
3.905000000000000000e+03
2.428000000000000000e+03
1.385000000000000000e+03
1.552000000000000000e+03
4.402000000000000000e+03
5.235000000000000000e+03
3.752000000000000000e+03
7.590000000000000000e+02
4.182000000000000000e+03
4.731000000000000000e+03
2.165000000000000000e+03
6.690000000000000000e+02
3.493000000000000000e+03
5.195000000000000000e+03
1.460000000000000000e+02
4.746000000000000000e+03
3.932000000000000000e+03
1.701000000000000000e+03
1.503000000000000000e+03
3.829000000000000000e+03
3.166000000000000000e+03
4.400000000000000000e+03
3.185000000000000000e+03
2.046000000000000000e+03
1.040000000000000000e+03
3.619000000000000000e+03
4.091000000000000000e+03
2.862000000000000000e+03
1.241000000000000000e+03
4.244000000000000000e+03
4.780000000000000000e+02
9.960000000000000000e+02
5.530000000000000000e+02
1.373000000000000000e+03
1.493000000000000000e+03
4.343000000000000000e+03
2.644000000000000000e+03
3.890000000000000000e+03
1.719000000000000000e+03
3.324000000000000000e+03
8.370000000000000000e+02
1.968000000000000000e+03
6.000000000000000000e+02
4.240000000000000000e+02
1.960000000000000000e+02
1.440000000000000000e+03
1.360000000000000000e+03
4.379000000000000000e+03
9.600000000000000000e+02
2.584000000000000000e+03
3.836000000000000000e+03
4.918000000000000000e+03
3.500000000000000000e+03
1.787000000000000000e+03
4.696000000000000000e+03
2.970000000000000000e+02
4.333000000000000000e+03
1.960000000000000000e+03
3.128000000000000000e+03
3.710000000000000000e+02
4.237000000000000000e+03
3.065000000000000000e+03
4.840000000000000000e+03
2.599000000000000000e+03
4.390000000000000000e+02
2.332000000000000000e+03
2.153000000000000000e+03
4.916000000000000000e+03
2.422000000000000000e+03
2.980000000000000000e+02
4.053000000000000000e+03
2.578000000000000000e+03
2.379000000000000000e+03
1.548000000000000000e+03
1.317000000000000000e+03
4.585000000000000000e+03
2.506000000000000000e+03
5.129000000000000000e+03
3.768000000000000000e+03
3.066000000000000000e+03
4.156000000000000000e+03
2.526000000000000000e+03
1.882000000000000000e+03
1.666000000000000000e+03
3.415000000000000000e+03
3.746000000000000000e+03
5.088000000000000000e+03
1.052000000000000000e+03
4.233000000000000000e+03
7.880000000000000000e+02
3.172000000000000000e+03
4.294000000000000000e+03
2.278000000000000000e+03
4.961000000000000000e+03
6.150000000000000000e+02
1.429000000000000000e+03
2.373000000000000000e+03
2.954000000000000000e+03
9.670000000000000000e+02
1.173000000000000000e+03
3.555000000000000000e+03
4.800000000000000000e+02
4.595000000000000000e+03
2.155000000000000000e+03
1.880000000000000000e+02
1.529000000000000000e+03
3.114000000000000000e+03
1.085000000000000000e+03
8.760000000000000000e+02
1.791000000000000000e+03
3.341000000000000000e+03
1.720000000000000000e+02
4.683000000000000000e+03
3.662000000000000000e+03
2.446000000000000000e+03
4.851000000000000000e+03
1.873000000000000000e+03
4.918000000000000000e+03
1.363000000000000000e+03
5.137000000000000000e+03
2.435000000000000000e+03
4.077000000000000000e+03
3.103000000000000000e+03
3.118000000000000000e+03
4.069000000000000000e+03
3.234000000000000000e+03
3.906000000000000000e+03
4.265000000000000000e+03
3.712000000000000000e+03
3.621000000000000000e+03
2.097000000000000000e+03
2.268000000000000000e+03
3.572000000000000000e+03
2.042000000000000000e+03
1.440000000000000000e+02
4.127000000000000000e+03
3.928000000000000000e+03
5.980000000000000000e+02
8.000000000000000000e+02
3.752000000000000000e+03
4.228000000000000000e+03
6.640000000000000000e+02
1.022000000000000000e+03
2.605000000000000000e+03
7.730000000000000000e+02
1.143000000000000000e+03
4.772000000000000000e+03
4.850000000000000000e+02
4.409000000000000000e+03
4.958000000000000000e+03
9.800000000000000000e+02
1.061000000000000000e+03
2.683000000000000000e+03
4.202000000000000000e+03
5.235000000000000000e+03
4.564000000000000000e+03
1.874000000000000000e+03
1.190000000000000000e+03
4.772000000000000000e+03
1.680000000000000000e+02
3.697000000000000000e+03
4.499000000000000000e+03
2.605000000000000000e+03
4.400000000000000000e+01
4.900000000000000000e+02
4.102000000000000000e+03
2.855000000000000000e+03
1.232000000000000000e+03
3.039000000000000000e+03
4.238000000000000000e+03
3.028000000000000000e+03
1.135000000000000000e+03
1.021000000000000000e+03
4.360000000000000000e+03
1.927000000000000000e+03
4.137000000000000000e+03
1.285000000000000000e+03
1.260000000000000000e+03
2.524000000000000000e+03
1.317000000000000000e+03
3.872000000000000000e+03
2.192000000000000000e+03
1.999000000000000000e+03
1.632000000000000000e+03
4.894000000000000000e+03
7.040000000000000000e+02
3.388000000000000000e+03
4.963000000000000000e+03
1.586000000000000000e+03
1.031000000000000000e+03
1.193000000000000000e+03
5.230000000000000000e+02
3.983000000000000000e+03
4.847000000000000000e+03
4.379000000000000000e+03
5.233000000000000000e+03
1.873000000000000000e+03
2.946000000000000000e+03
1.994000000000000000e+03
4.720000000000000000e+02
3.351000000000000000e+03
1.772000000000000000e+03
3.909000000000000000e+03
1.975000000000000000e+03
4.782000000000000000e+03
4.349000000000000000e+03
3.369000000000000000e+03
2.921000000000000000e+03
2.404000000000000000e+03
2.080000000000000000e+03
2.700000000000000000e+03
1.994000000000000000e+03
3.332000000000000000e+03
9.310000000000000000e+02
2.270000000000000000e+02
3.499000000000000000e+03
4.357000000000000000e+03
3.165000000000000000e+03
4.870000000000000000e+02
7.240000000000000000e+02
2.908000000000000000e+03
2.793000000000000000e+03
4.232000000000000000e+03
3.511000000000000000e+03
4.955000000000000000e+03
2.964000000000000000e+03
2.565000000000000000e+03
1.350000000000000000e+03
4.300000000000000000e+02
2.534000000000000000e+03
3.118000000000000000e+03
1.718000000000000000e+03
2.530000000000000000e+03
4.254000000000000000e+03
6.100000000000000000e+02
4.999000000000000000e+03
2.379000000000000000e+03
4.952000000000000000e+03
4.828000000000000000e+03
4.110000000000000000e+03
8.030000000000000000e+02
1.178000000000000000e+03
3.864000000000000000e+03
1.482000000000000000e+03
2.490000000000000000e+02
3.557000000000000000e+03
1.296000000000000000e+03
3.400000000000000000e+02
2.008000000000000000e+03
5.021000000000000000e+03
1.236000000000000000e+03
1.920000000000000000e+02
3.951000000000000000e+03
4.350000000000000000e+02
1.945000000000000000e+03
4.903000000000000000e+03
2.727000000000000000e+03
4.594000000000000000e+03
4.678000000000000000e+03
3.337000000000000000e+03
4.210000000000000000e+03
2.861000000000000000e+03
5.085000000000000000e+03
2.449000000000000000e+03
1.447000000000000000e+03
9.110000000000000000e+02
2.382000000000000000e+03
2.940000000000000000e+02
4.389000000000000000e+03
4.100000000000000000e+03
2.850000000000000000e+02
5.026000000000000000e+03
4.600000000000000000e+03
8.630000000000000000e+02
1.600000000000000000e+02
2.854000000000000000e+03
2.203000000000000000e+03
4.390000000000000000e+03
1.336000000000000000e+03
4.300000000000000000e+02
3.941000000000000000e+03
3.071000000000000000e+03
5.228000000000000000e+03
3.251000000000000000e+03
4.514000000000000000e+03
4.252000000000000000e+03
4.186000000000000000e+03
5.157000000000000000e+03
3.228000000000000000e+03
1.925000000000000000e+03
4.280000000000000000e+02
5.034000000000000000e+03
1.230000000000000000e+03
4.912000000000000000e+03
6.160000000000000000e+02
1.720000000000000000e+02
3.846000000000000000e+03
1.668000000000000000e+03
3.900000000000000000e+03
1.488000000000000000e+03
4.586000000000000000e+03
1.474000000000000000e+03
6.880000000000000000e+02
1.166000000000000000e+03
7.850000000000000000e+02
3.129000000000000000e+03
8.340000000000000000e+02
1.436000000000000000e+03
1.287000000000000000e+03
2.512000000000000000e+03
4.224000000000000000e+03
3.990000000000000000e+02
3.160000000000000000e+02
2.115000000000000000e+03
4.715000000000000000e+03
1.668000000000000000e+03
4.401000000000000000e+03
3.319000000000000000e+03
2.040000000000000000e+03
3.787000000000000000e+03
4.186000000000000000e+03
4.610000000000000000e+03
1.155000000000000000e+03
5.150000000000000000e+02
1.409000000000000000e+03
3.534000000000000000e+03
4.999000000000000000e+03
1.537000000000000000e+03
4.205000000000000000e+03
2.340000000000000000e+02
3.270000000000000000e+03
7.750000000000000000e+02
6.890000000000000000e+02
4.079000000000000000e+03
3.828000000000000000e+03
5.202000000000000000e+03
2.174000000000000000e+03
4.240000000000000000e+03
4.628000000000000000e+03
4.379000000000000000e+03
9.830000000000000000e+02
4.600000000000000000e+02
4.117000000000000000e+03
4.788000000000000000e+03
1.925000000000000000e+03
4.613000000000000000e+03
4.211000000000000000e+03
1.730000000000000000e+03
2.342000000000000000e+03
4.792000000000000000e+03
7.900000000000000000e+01
3.897000000000000000e+03
4.129000000000000000e+03
2.517000000000000000e+03
2.972000000000000000e+03
4.170000000000000000e+03
3.265000000000000000e+03
4.160000000000000000e+03
3.500000000000000000e+03
5.720000000000000000e+02
1.552000000000000000e+03
4.405000000000000000e+03
3.717000000000000000e+03
3.836000000000000000e+03
3.928000000000000000e+03
4.492000000000000000e+03
1.213000000000000000e+03
2.104000000000000000e+03
3.236000000000000000e+03
2.042000000000000000e+03
4.495000000000000000e+03
5.239000000000000000e+03
4.010000000000000000e+02
2.540000000000000000e+03
1.803000000000000000e+03
3.257000000000000000e+03
2.340000000000000000e+02
4.243000000000000000e+03
3.495000000000000000e+03
4.394000000000000000e+03
4.731000000000000000e+03
3.813000000000000000e+03
2.160000000000000000e+02
7.690000000000000000e+02
2.838000000000000000e+03
5.191000000000000000e+03
4.130000000000000000e+03
2.104000000000000000e+03
3.718000000000000000e+03
4.958000000000000000e+03
3.030000000000000000e+03
2.149000000000000000e+03
4.798000000000000000e+03
5.130000000000000000e+03
5.680000000000000000e+02
1.447000000000000000e+03
8.610000000000000000e+02
4.517000000000000000e+03
3.896000000000000000e+03
2.926000000000000000e+03
2.730000000000000000e+03
4.510000000000000000e+03
5.121000000000000000e+03
1.455000000000000000e+03
2.929000000000000000e+03
3.348000000000000000e+03
1.950000000000000000e+03
8.340000000000000000e+02
2.000000000000000000e+03
2.685000000000000000e+03
1.993000000000000000e+03
2.062000000000000000e+03
4.933000000000000000e+03
3.848000000000000000e+03
1.279000000000000000e+03
3.344000000000000000e+03
2.112000000000000000e+03
2.681000000000000000e+03
4.539000000000000000e+03
3.540000000000000000e+03
3.731000000000000000e+03
4.918000000000000000e+03
4.999000000000000000e+03
6.480000000000000000e+02
2.903000000000000000e+03
3.899000000000000000e+03
2.195000000000000000e+03
3.059000000000000000e+03
4.485000000000000000e+03
5.045000000000000000e+03
3.087000000000000000e+03
1.860000000000000000e+03
4.089000000000000000e+03
2.514000000000000000e+03
3.582000000000000000e+03
2.169000000000000000e+03
1.900000000000000000e+01
5.031000000000000000e+03
1.823000000000000000e+03
1.469000000000000000e+03
4.352000000000000000e+03
1.170000000000000000e+02
4.201000000000000000e+03
4.315000000000000000e+03
4.813000000000000000e+03
4.341000000000000000e+03
1.641000000000000000e+03
2.391000000000000000e+03
2.783000000000000000e+03
2.300000000000000000e+03
1.501000000000000000e+03
9.990000000000000000e+02
4.343000000000000000e+03
3.761000000000000000e+03
1.754000000000000000e+03
3.099000000000000000e+03
4.961000000000000000e+03
1.055000000000000000e+03
5.330000000000000000e+02
4.816000000000000000e+03
1.467000000000000000e+03
4.065000000000000000e+03
1.820000000000000000e+02
1.553000000000000000e+03
2.800000000000000000e+01
3.466000000000000000e+03
1.342000000000000000e+03
6.980000000000000000e+02
2.764000000000000000e+03
7.950000000000000000e+02
5.026000000000000000e+03
1.002000000000000000e+03
4.431000000000000000e+03
1.160000000000000000e+03
4.129000000000000000e+03
3.516000000000000000e+03
1.150000000000000000e+03
6.250000000000000000e+02
1.180000000000000000e+03
3.444000000000000000e+03
3.512000000000000000e+03
2.930000000000000000e+02
4.059000000000000000e+03
3.240000000000000000e+03
3.680000000000000000e+03
5.200000000000000000e+01
1.983000000000000000e+03
4.180000000000000000e+03
8.290000000000000000e+02
1.662000000000000000e+03
7.470000000000000000e+02
1.870000000000000000e+02
1.285000000000000000e+03
4.040000000000000000e+02
4.168000000000000000e+03
2.579000000000000000e+03
2.557000000000000000e+03
5.172000000000000000e+03
3.255000000000000000e+03
5.012000000000000000e+03
3.836000000000000000e+03
4.800000000000000000e+01
7.180000000000000000e+02
1.620000000000000000e+02
3.925000000000000000e+03
3.208000000000000000e+03
4.392000000000000000e+03
3.417000000000000000e+03
1.589000000000000000e+03
2.249000000000000000e+03
4.479000000000000000e+03
1.935000000000000000e+03
1.397000000000000000e+03
1.168000000000000000e+03
3.482000000000000000e+03
2.654000000000000000e+03
2.202000000000000000e+03
1.323000000000000000e+03
3.515000000000000000e+03
4.075000000000000000e+03
2.104000000000000000e+03
2.536000000000000000e+03
5.153000000000000000e+03
5.207000000000000000e+03
6.700000000000000000e+02
2.746000000000000000e+03
2.150000000000000000e+02
1.521000000000000000e+03
1.006000000000000000e+03
2.275000000000000000e+03
9.440000000000000000e+02
8.260000000000000000e+02
3.365000000000000000e+03
1.291000000000000000e+03
4.261000000000000000e+03
2.540000000000000000e+02
4.842000000000000000e+03
4.336000000000000000e+03
3.000000000000000000e+01
4.150000000000000000e+02
4.710000000000000000e+02
1.840000000000000000e+02
4.490000000000000000e+03
3.884000000000000000e+03
5.058000000000000000e+03
4.205000000000000000e+03
2.051000000000000000e+03
5.000000000000000000e+00
7.060000000000000000e+02
4.256000000000000000e+03
5.229000000000000000e+03
4.834000000000000000e+03
3.151000000000000000e+03
4.218000000000000000e+03
4.008000000000000000e+03
4.633000000000000000e+03
4.719000000000000000e+03
3.991000000000000000e+03
6.600000000000000000e+01
1.566000000000000000e+03
4.045000000000000000e+03
4.508000000000000000e+03
4.847000000000000000e+03
2.904000000000000000e+03
1.255000000000000000e+03
5.196000000000000000e+03
6.690000000000000000e+02
1.880000000000000000e+02
8.230000000000000000e+02
1.602000000000000000e+03
3.419000000000000000e+03
1.838000000000000000e+03
9.810000000000000000e+02
1.836000000000000000e+03
3.233000000000000000e+03
3.043000000000000000e+03
1.911000000000000000e+03
1.440000000000000000e+02
3.844000000000000000e+03
2.653000000000000000e+03
2.085000000000000000e+03
5.076000000000000000e+03
4.407000000000000000e+03
3.893000000000000000e+03
1.990000000000000000e+02
3.090000000000000000e+03
2.443000000000000000e+03
4.713000000000000000e+03
1.510000000000000000e+03
4.780000000000000000e+03
3.484000000000000000e+03
1.305000000000000000e+03
7.310000000000000000e+02
2.555000000000000000e+03
3.754000000000000000e+03
2.145000000000000000e+03
5.084000000000000000e+03
4.498000000000000000e+03
2.936000000000000000e+03
1.349000000000000000e+03
4.388000000000000000e+03
2.309000000000000000e+03
4.411000000000000000e+03
3.660000000000000000e+02
4.700000000000000000e+02
4.629000000000000000e+03
4.131000000000000000e+03
2.810000000000000000e+03
4.773000000000000000e+03
3.722000000000000000e+03
4.588000000000000000e+03
2.917000000000000000e+03
3.798000000000000000e+03
5.104000000000000000e+03
2.390000000000000000e+03
4.734000000000000000e+03
1.593000000000000000e+03
3.215000000000000000e+03
5.086000000000000000e+03
4.221000000000000000e+03
2.249000000000000000e+03
4.678000000000000000e+03
8.220000000000000000e+02
2.980000000000000000e+03
4.587000000000000000e+03
2.136000000000000000e+03
8.030000000000000000e+02
2.000000000000000000e+00
2.442000000000000000e+03
8.890000000000000000e+02
3.839000000000000000e+03
6.550000000000000000e+02
9.700000000000000000e+02
2.053000000000000000e+03
4.961000000000000000e+03
3.936000000000000000e+03
2.142000000000000000e+03
1.390000000000000000e+02
1.501000000000000000e+03
1.350000000000000000e+03
4.735000000000000000e+03
1.170000000000000000e+03
4.958000000000000000e+03
2.470000000000000000e+03
1.339000000000000000e+03
1.096000000000000000e+03
2.326000000000000000e+03
7.180000000000000000e+02
2.818000000000000000e+03
4.205000000000000000e+03
1.108000000000000000e+03
1.732000000000000000e+03
7.380000000000000000e+02
2.334000000000000000e+03
1.066000000000000000e+03
6.580000000000000000e+02
1.471000000000000000e+03
3.138000000000000000e+03
2.254000000000000000e+03
4.780000000000000000e+03
4.925000000000000000e+03
3.547000000000000000e+03
1.636000000000000000e+03
2.656000000000000000e+03
4.230000000000000000e+03
3.973000000000000000e+03
8.350000000000000000e+02
1.313000000000000000e+03
2.640000000000000000e+02
4.062000000000000000e+03
6.960000000000000000e+02
1.698000000000000000e+03
3.357000000000000000e+03
4.625000000000000000e+03
2.619000000000000000e+03
1.940000000000000000e+02
2.852000000000000000e+03
1.951000000000000000e+03
2.111000000000000000e+03
5.218000000000000000e+03
5.139000000000000000e+03
4.210000000000000000e+02
4.514000000000000000e+03
2.674000000000000000e+03
4.549000000000000000e+03
1.416000000000000000e+03
4.941000000000000000e+03
1.078000000000000000e+03
7.150000000000000000e+02
1.870000000000000000e+03
1.046000000000000000e+03
4.273000000000000000e+03
1.721000000000000000e+03
9.630000000000000000e+02
4.437000000000000000e+03
4.121000000000000000e+03
4.485000000000000000e+03
1.783000000000000000e+03
3.527000000000000000e+03
3.835000000000000000e+03
4.920000000000000000e+03
4.835000000000000000e+03
4.125000000000000000e+03
4.960000000000000000e+03
8.310000000000000000e+02
3.779000000000000000e+03
4.564000000000000000e+03
4.502000000000000000e+03
3.168000000000000000e+03
5.410000000000000000e+02
3.618000000000000000e+03
5.147000000000000000e+03
2.428000000000000000e+03
3.782000000000000000e+03
4.376000000000000000e+03
3.843000000000000000e+03
1.826000000000000000e+03
1.361000000000000000e+03
1.498000000000000000e+03
4.216000000000000000e+03
8.700000000000000000e+01
3.698000000000000000e+03
6.750000000000000000e+02
4.112000000000000000e+03
4.509000000000000000e+03
3.580000000000000000e+02
4.731000000000000000e+03
2.709000000000000000e+03
2.253000000000000000e+03
3.957000000000000000e+03
3.418000000000000000e+03
3.269000000000000000e+03
4.521000000000000000e+03
1.294000000000000000e+03
4.512000000000000000e+03
1.355000000000000000e+03
1.065000000000000000e+03
8.900000000000000000e+01
3.188000000000000000e+03
2.859000000000000000e+03
4.597000000000000000e+03
5.208000000000000000e+03
3.252000000000000000e+03
5.840000000000000000e+02
1.201000000000000000e+03
1.100000000000000000e+01
3.890000000000000000e+03
2.151000000000000000e+03
1.997000000000000000e+03
2.380000000000000000e+02
1.462000000000000000e+03
3.596000000000000000e+03
1.847000000000000000e+03
3.831000000000000000e+03
4.800000000000000000e+02
9.480000000000000000e+02
2.511000000000000000e+03
3.073000000000000000e+03
3.491000000000000000e+03
3.298000000000000000e+03
8.030000000000000000e+02
3.299000000000000000e+03
2.314000000000000000e+03
2.852000000000000000e+03
1.089000000000000000e+03
4.163000000000000000e+03
4.315000000000000000e+03
1.963000000000000000e+03
2.751000000000000000e+03
3.905000000000000000e+03
4.361000000000000000e+03
4.828000000000000000e+03
2.520000000000000000e+03
3.040000000000000000e+02
2.029000000000000000e+03
1.917000000000000000e+03
2.001000000000000000e+03
3.228000000000000000e+03
5.049000000000000000e+03
4.230000000000000000e+02
3.953000000000000000e+03
1.800000000000000000e+01
1.329000000000000000e+03
1.072000000000000000e+03
4.063000000000000000e+03
1.098000000000000000e+03
1.540000000000000000e+03
3.460000000000000000e+03
6.500000000000000000e+02
2.640000000000000000e+02
4.358000000000000000e+03
4.301000000000000000e+03
8.130000000000000000e+02
3.590000000000000000e+03
2.859000000000000000e+03
9.480000000000000000e+02
6.260000000000000000e+02
3.983000000000000000e+03
4.545000000000000000e+03
3.028000000000000000e+03
2.246000000000000000e+03
5.072000000000000000e+03
4.996000000000000000e+03
4.266000000000000000e+03
5.046000000000000000e+03
8.980000000000000000e+02
3.647000000000000000e+03
1.420000000000000000e+03
2.699000000000000000e+03
3.842000000000000000e+03
1.529000000000000000e+03
5.100000000000000000e+03
2.224000000000000000e+03
1.232000000000000000e+03
3.248000000000000000e+03
1.040000000000000000e+02
4.640000000000000000e+03
2.705000000000000000e+03
1.755000000000000000e+03
3.214000000000000000e+03
4.612000000000000000e+03
1.354000000000000000e+03
2.020000000000000000e+02
7.150000000000000000e+02
2.453000000000000000e+03
2.974000000000000000e+03
9.850000000000000000e+02
2.385000000000000000e+03
3.800000000000000000e+03
3.689000000000000000e+03
3.972000000000000000e+03
2.340000000000000000e+03
2.295000000000000000e+03
1.790000000000000000e+03
6.400000000000000000e+02
1.674000000000000000e+03
2.888000000000000000e+03
5.580000000000000000e+02
3.955000000000000000e+03
5.109000000000000000e+03
2.439000000000000000e+03
4.650000000000000000e+02
3.357000000000000000e+03
2.010000000000000000e+03
2.564000000000000000e+03
1.154000000000000000e+03
5.039000000000000000e+03
4.640000000000000000e+02
3.032000000000000000e+03
3.729000000000000000e+03
1.040000000000000000e+03
3.988000000000000000e+03
3.615000000000000000e+03
7.770000000000000000e+02
3.978000000000000000e+03
1.720000000000000000e+03
3.695000000000000000e+03
5.860000000000000000e+02
5.011000000000000000e+03
4.291000000000000000e+03
7.640000000000000000e+02
1.875000000000000000e+03
3.938000000000000000e+03
2.115000000000000000e+03
3.103000000000000000e+03
2.599000000000000000e+03
3.744000000000000000e+03
3.845000000000000000e+03
2.150000000000000000e+03
3.654000000000000000e+03
9.400000000000000000e+02
6.490000000000000000e+02
4.105000000000000000e+03
5.045000000000000000e+03
4.670000000000000000e+03
1.285000000000000000e+03
3.906000000000000000e+03
3.136000000000000000e+03
3.705000000000000000e+03
2.090000000000000000e+03
2.148000000000000000e+03
3.775000000000000000e+03
1.781000000000000000e+03
2.504000000000000000e+03
5.184000000000000000e+03
3.850000000000000000e+02
3.357000000000000000e+03
3.205000000000000000e+03
4.197000000000000000e+03
1.049000000000000000e+03
2.618000000000000000e+03
1.098000000000000000e+03
1.698000000000000000e+03
4.020000000000000000e+02
3.020000000000000000e+03
4.869000000000000000e+03
3.228000000000000000e+03
1.239000000000000000e+03
4.479000000000000000e+03
2.154000000000000000e+03
2.231000000000000000e+03
6.180000000000000000e+02
6.520000000000000000e+02
3.931000000000000000e+03
4.115000000000000000e+03
3.847000000000000000e+03
5.058000000000000000e+03
4.390000000000000000e+03
4.261000000000000000e+03
4.410000000000000000e+03
6.070000000000000000e+02
1.480000000000000000e+02
2.547000000000000000e+03
3.913000000000000000e+03
1.200000000000000000e+02
4.538000000000000000e+03
3.170000000000000000e+03
9.540000000000000000e+02
2.412000000000000000e+03
4.412000000000000000e+03
1.956000000000000000e+03
3.160000000000000000e+02
3.197000000000000000e+03
6.790000000000000000e+02
1.969000000000000000e+03
6.720000000000000000e+02
1.869000000000000000e+03
3.840000000000000000e+03
2.995000000000000000e+03
3.038000000000000000e+03
4.502000000000000000e+03
2.607000000000000000e+03
2.138000000000000000e+03
1.685000000000000000e+03
3.051000000000000000e+03
5.081000000000000000e+03
4.368000000000000000e+03
4.254000000000000000e+03
3.294000000000000000e+03
1.860000000000000000e+03
3.022000000000000000e+03
1.070000000000000000e+02
3.587000000000000000e+03
1.390000000000000000e+02
1.655000000000000000e+03
1.107000000000000000e+03
4.410000000000000000e+03
2.851000000000000000e+03
5.830000000000000000e+02
1.693000000000000000e+03
1.140000000000000000e+03
1.708000000000000000e+03
4.653000000000000000e+03
1.010000000000000000e+03
4.951000000000000000e+03
3.877000000000000000e+03
4.781000000000000000e+03
3.270000000000000000e+03
4.700000000000000000e+01
5.047000000000000000e+03
3.032000000000000000e+03
3.292000000000000000e+03
6.740000000000000000e+02
1.709000000000000000e+03
1.789000000000000000e+03
3.599000000000000000e+03
3.079000000000000000e+03
7.730000000000000000e+02
1.865000000000000000e+03
1.390000000000000000e+03
4.765000000000000000e+03
4.293000000000000000e+03
2.363000000000000000e+03
1.529000000000000000e+03
2.834000000000000000e+03
3.345000000000000000e+03
4.118000000000000000e+03
2.636000000000000000e+03
1.098000000000000000e+03
3.635000000000000000e+03
3.199000000000000000e+03
2.053000000000000000e+03
4.110000000000000000e+02
4.290000000000000000e+03
2.960000000000000000e+03
3.372000000000000000e+03
1.048000000000000000e+03
3.351000000000000000e+03
4.096000000000000000e+03
8.480000000000000000e+02
4.630000000000000000e+03
2.469000000000000000e+03
1.957000000000000000e+03
4.728000000000000000e+03
2.302000000000000000e+03
4.153000000000000000e+03
3.308000000000000000e+03
1.699000000000000000e+03
2.549000000000000000e+03
4.310000000000000000e+03
5.033000000000000000e+03
4.358000000000000000e+03
2.699000000000000000e+03
4.982000000000000000e+03
1.089000000000000000e+03
4.824000000000000000e+03
1.250000000000000000e+02
8.310000000000000000e+02
4.890000000000000000e+02
4.350000000000000000e+02
4.198000000000000000e+03
3.898000000000000000e+03
1.590000000000000000e+02
2.409000000000000000e+03
1.405000000000000000e+03
1.774000000000000000e+03
4.506000000000000000e+03
9.300000000000000000e+02
2.398000000000000000e+03
2.452000000000000000e+03
3.264000000000000000e+03
5.209000000000000000e+03
5.033000000000000000e+03
2.771000000000000000e+03
1.609000000000000000e+03
1.720000000000000000e+02
4.133000000000000000e+03
1.844000000000000000e+03
4.674000000000000000e+03
8.200000000000000000e+01
5.141000000000000000e+03
3.903000000000000000e+03
2.441000000000000000e+03
2.549000000000000000e+03
3.424000000000000000e+03
1.700000000000000000e+02
4.221000000000000000e+03
7.770000000000000000e+02
2.685000000000000000e+03
6.850000000000000000e+02
3.802000000000000000e+03
1.976000000000000000e+03
3.420000000000000000e+03
4.764000000000000000e+03
1.942000000000000000e+03
4.081000000000000000e+03
2.433000000000000000e+03
5.045000000000000000e+03
1.591000000000000000e+03
3.294000000000000000e+03
2.350000000000000000e+02
1.930000000000000000e+02
1.530000000000000000e+02
3.332000000000000000e+03
3.917000000000000000e+03
2.775000000000000000e+03
2.671000000000000000e+03
3.474000000000000000e+03
7.830000000000000000e+02
4.760000000000000000e+03
2.250000000000000000e+03
4.340000000000000000e+02
7.090000000000000000e+02
1.281000000000000000e+03
1.503000000000000000e+03
1.707000000000000000e+03
3.238000000000000000e+03
4.107000000000000000e+03
3.074000000000000000e+03
2.330000000000000000e+02
1.933000000000000000e+03
5.300000000000000000e+01
1.625000000000000000e+03
4.183000000000000000e+03
1.235000000000000000e+03
1.396000000000000000e+03
3.270000000000000000e+03
3.098000000000000000e+03
2.000000000000000000e+01
4.668000000000000000e+03
2.225000000000000000e+03
2.581000000000000000e+03
4.955000000000000000e+03
4.181000000000000000e+03
2.310000000000000000e+03
1.853000000000000000e+03
4.336000000000000000e+03
1.280000000000000000e+03
3.328000000000000000e+03
1.088000000000000000e+03
2.360000000000000000e+03
1.555000000000000000e+03
5.019000000000000000e+03
2.289000000000000000e+03
5.320000000000000000e+02
1.800000000000000000e+01
2.306000000000000000e+03
2.105000000000000000e+03
1.957000000000000000e+03
1.863000000000000000e+03
1.100000000000000000e+03
4.735000000000000000e+03
9.600000000000000000e+02
2.900000000000000000e+02
2.020000000000000000e+02
2.431000000000000000e+03
3.102000000000000000e+03
2.192000000000000000e+03
2.541000000000000000e+03
4.317000000000000000e+03
5.145000000000000000e+03
6.300000000000000000e+02
1.357000000000000000e+03
1.276000000000000000e+03
3.456000000000000000e+03
9.470000000000000000e+02
2.357000000000000000e+03
4.366000000000000000e+03
3.495000000000000000e+03
4.589000000000000000e+03
4.340000000000000000e+02
3.674000000000000000e+03
5.025000000000000000e+03
4.594000000000000000e+03
2.914000000000000000e+03
1.397000000000000000e+03
2.910000000000000000e+03
7.880000000000000000e+02
1.800000000000000000e+02
2.013000000000000000e+03
3.939000000000000000e+03
4.160000000000000000e+02
1.026000000000000000e+03
4.132000000000000000e+03
5.130000000000000000e+02
1.840000000000000000e+02
2.830000000000000000e+03
2.299000000000000000e+03
1.234000000000000000e+03
2.236000000000000000e+03
4.127000000000000000e+03
4.176000000000000000e+03
7.570000000000000000e+02
4.203000000000000000e+03
3.836000000000000000e+03
2.313000000000000000e+03
1.792000000000000000e+03
3.914000000000000000e+03
4.095000000000000000e+03
1.969000000000000000e+03
3.876000000000000000e+03
8.180000000000000000e+02
2.600000000000000000e+03
2.546000000000000000e+03
2.115000000000000000e+03
4.653000000000000000e+03
3.000000000000000000e+00
1.459000000000000000e+03
4.613000000000000000e+03
4.280000000000000000e+02
2.767000000000000000e+03
4.587000000000000000e+03
3.216000000000000000e+03
4.640000000000000000e+03
1.476000000000000000e+03
4.659000000000000000e+03
2.664000000000000000e+03
2.187000000000000000e+03
2.404000000000000000e+03
2.196000000000000000e+03
3.860000000000000000e+02
2.309000000000000000e+03
5.410000000000000000e+02
1.971000000000000000e+03
1.728000000000000000e+03
4.822000000000000000e+03
2.512000000000000000e+03
1.560000000000000000e+02
3.061000000000000000e+03
5.390000000000000000e+02
2.418000000000000000e+03
1.501000000000000000e+03
1.825000000000000000e+03
1.952000000000000000e+03
5.214000000000000000e+03
4.967000000000000000e+03
2.908000000000000000e+03
4.666000000000000000e+03
2.062000000000000000e+03
1.842000000000000000e+03
1.140000000000000000e+03
3.890000000000000000e+03
3.087000000000000000e+03
1.423000000000000000e+03
1.093000000000000000e+03
4.523000000000000000e+03
2.661000000000000000e+03
9.360000000000000000e+02
3.650000000000000000e+02
3.071000000000000000e+03
3.230000000000000000e+02
2.182000000000000000e+03
1.064000000000000000e+03
1.702000000000000000e+03
4.251000000000000000e+03
1.625000000000000000e+03
1.457000000000000000e+03
1.488000000000000000e+03
8.570000000000000000e+02
2.495000000000000000e+03
2.203000000000000000e+03
1.150000000000000000e+03
1.580000000000000000e+03
3.480000000000000000e+03
1.565000000000000000e+03
4.386000000000000000e+03
2.096000000000000000e+03
2.060000000000000000e+03
1.954000000000000000e+03
3.980000000000000000e+02
2.206000000000000000e+03
1.512000000000000000e+03
4.700000000000000000e+01
4.317000000000000000e+03
3.324000000000000000e+03
6.700000000000000000e+02
8.080000000000000000e+02
4.135000000000000000e+03
1.744000000000000000e+03
2.722000000000000000e+03
5.090000000000000000e+03
6.950000000000000000e+02
1.535000000000000000e+03
2.681000000000000000e+03
4.988000000000000000e+03
5.160000000000000000e+02
1.476000000000000000e+03
4.022000000000000000e+03
2.793000000000000000e+03
1.095000000000000000e+03
2.149000000000000000e+03
3.229000000000000000e+03
5.100000000000000000e+03
6.000000000000000000e+00
1.997000000000000000e+03
1.512000000000000000e+03
2.090000000000000000e+03
5.205000000000000000e+03
2.063000000000000000e+03
1.363000000000000000e+03
1.870000000000000000e+02
4.392000000000000000e+03
4.082000000000000000e+03
5.218000000000000000e+03
3.531000000000000000e+03
5.086000000000000000e+03
3.370000000000000000e+02
2.970000000000000000e+02
1.693000000000000000e+03
4.375000000000000000e+03
4.629000000000000000e+03
1.854000000000000000e+03
3.912000000000000000e+03
6.550000000000000000e+02
3.117000000000000000e+03
5.202000000000000000e+03
3.260000000000000000e+03
6.140000000000000000e+02
2.989000000000000000e+03
4.066000000000000000e+03
1.796000000000000000e+03
4.078000000000000000e+03
1.505000000000000000e+03
8.010000000000000000e+02
3.414000000000000000e+03
1.069000000000000000e+03
4.046000000000000000e+03
3.345000000000000000e+03
3.859000000000000000e+03
5.290000000000000000e+02
2.323000000000000000e+03
4.148000000000000000e+03
4.782000000000000000e+03
4.975000000000000000e+03
2.773000000000000000e+03
3.253000000000000000e+03
4.411000000000000000e+03
5.880000000000000000e+02
3.698000000000000000e+03
1.315000000000000000e+03
1.116000000000000000e+03
3.571000000000000000e+03
4.508000000000000000e+03
1.180000000000000000e+03
4.563000000000000000e+03
5.163000000000000000e+03
2.067000000000000000e+03
4.873000000000000000e+03
3.445000000000000000e+03
7.220000000000000000e+02
1.713000000000000000e+03
3.889000000000000000e+03
1.787000000000000000e+03
2.555000000000000000e+03
4.760000000000000000e+02
1.405000000000000000e+03
4.064000000000000000e+03
3.260000000000000000e+02
1.392000000000000000e+03
3.445000000000000000e+03
3.851000000000000000e+03
2.870000000000000000e+02
4.337000000000000000e+03
4.914000000000000000e+03
9.260000000000000000e+02
2.982000000000000000e+03
4.555000000000000000e+03
2.247000000000000000e+03
7.630000000000000000e+02
5.090000000000000000e+03
2.395000000000000000e+03
2.236000000000000000e+03
4.653000000000000000e+03
2.166000000000000000e+03
3.059000000000000000e+03
9.000000000000000000e+00
1.780000000000000000e+02
2.028000000000000000e+03
4.228000000000000000e+03
1.880000000000000000e+03
8.480000000000000000e+02
1.460000000000000000e+02
1.281000000000000000e+03
3.306000000000000000e+03
1.180000000000000000e+02
3.200000000000000000e+02
1.553000000000000000e+03
3.850000000000000000e+03
3.098000000000000000e+03
2.580000000000000000e+03
9.750000000000000000e+02
2.850000000000000000e+02
3.803000000000000000e+03
2.390000000000000000e+03
4.200000000000000000e+03
2.140000000000000000e+03
4.958000000000000000e+03
3.170000000000000000e+02
3.896000000000000000e+03
4.932000000000000000e+03
3.313000000000000000e+03
2.720000000000000000e+02
4.470000000000000000e+02
2.268000000000000000e+03
1.393000000000000000e+03
1.261000000000000000e+03
4.193000000000000000e+03
1.227000000000000000e+03
2.058000000000000000e+03
7.910000000000000000e+02
4.519000000000000000e+03
2.125000000000000000e+03
1.074000000000000000e+03
1.578000000000000000e+03
4.946000000000000000e+03
4.349000000000000000e+03
2.711000000000000000e+03
3.205000000000000000e+03
3.950000000000000000e+03
3.156000000000000000e+03
3.910000000000000000e+03
1.212000000000000000e+03
1.239000000000000000e+03
2.029000000000000000e+03
4.717000000000000000e+03
2.886000000000000000e+03
1.680000000000000000e+02
2.057000000000000000e+03
1.620000000000000000e+02
5.182000000000000000e+03
2.594000000000000000e+03
4.838000000000000000e+03
4.671000000000000000e+03
4.700000000000000000e+01
3.402000000000000000e+03
1.900000000000000000e+01
2.816000000000000000e+03
3.490000000000000000e+02
3.788000000000000000e+03
7.940000000000000000e+02
3.331000000000000000e+03
3.546000000000000000e+03
6.800000000000000000e+02
1.273000000000000000e+03
3.613000000000000000e+03
3.228000000000000000e+03
4.350000000000000000e+02
2.982000000000000000e+03
2.096000000000000000e+03
7.540000000000000000e+02
7.590000000000000000e+02
5.088000000000000000e+03
5.150000000000000000e+02
1.548000000000000000e+03
2.770000000000000000e+03
2.819000000000000000e+03
2.622000000000000000e+03
2.739000000000000000e+03
8.970000000000000000e+02
4.440000000000000000e+02
6.630000000000000000e+02
3.630000000000000000e+02
4.489000000000000000e+03
5.176000000000000000e+03
3.583000000000000000e+03
1.562000000000000000e+03
4.154000000000000000e+03
4.095000000000000000e+03
2.434000000000000000e+03
4.001000000000000000e+03
3.404000000000000000e+03
3.807000000000000000e+03
3.603000000000000000e+03
9.210000000000000000e+02
1.628000000000000000e+03
3.881000000000000000e+03
1.036000000000000000e+03
2.992000000000000000e+03
2.980000000000000000e+03
4.065000000000000000e+03
3.913000000000000000e+03
2.659000000000000000e+03
8.520000000000000000e+02
3.823000000000000000e+03
1.670000000000000000e+03
3.578000000000000000e+03
7.350000000000000000e+02
5.700000000000000000e+02
4.135000000000000000e+03
4.067000000000000000e+03
4.147000000000000000e+03
4.007000000000000000e+03
9.700000000000000000e+01
1.027000000000000000e+03
1.090000000000000000e+03
5.023000000000000000e+03
3.002000000000000000e+03
3.306000000000000000e+03
2.867000000000000000e+03
4.100000000000000000e+03
5.104000000000000000e+03
1.507000000000000000e+03
3.540000000000000000e+03
1.880000000000000000e+02
4.224000000000000000e+03
1.882000000000000000e+03
7.900000000000000000e+01
4.393000000000000000e+03
3.504000000000000000e+03
1.807000000000000000e+03
1.022000000000000000e+03
4.676000000000000000e+03
1.204000000000000000e+03
1.322000000000000000e+03
3.150000000000000000e+03
2.625000000000000000e+03
4.114000000000000000e+03
2.278000000000000000e+03
4.757000000000000000e+03
3.981000000000000000e+03
3.924000000000000000e+03
3.275000000000000000e+03
1.967000000000000000e+03
2.942000000000000000e+03
2.167000000000000000e+03
4.485000000000000000e+03
1.698000000000000000e+03
1.969000000000000000e+03
4.750000000000000000e+02
5.160000000000000000e+02
1.344000000000000000e+03
7.110000000000000000e+02
5.031000000000000000e+03
3.398000000000000000e+03
3.317000000000000000e+03
3.686000000000000000e+03
1.142000000000000000e+03
1.584000000000000000e+03
4.540000000000000000e+02
3.445000000000000000e+03
4.386000000000000000e+03
6.240000000000000000e+02
1.363000000000000000e+03
2.143000000000000000e+03
3.580000000000000000e+03
8.900000000000000000e+02
4.245000000000000000e+03
5.740000000000000000e+02
3.897000000000000000e+03
1.500000000000000000e+01
1.950000000000000000e+03
1.995000000000000000e+03
4.581000000000000000e+03
3.359000000000000000e+03
4.777000000000000000e+03
9.500000000000000000e+01
3.364000000000000000e+03
9.790000000000000000e+02
3.988000000000000000e+03
1.405000000000000000e+03
3.177000000000000000e+03
3.994000000000000000e+03
8.570000000000000000e+02
4.125000000000000000e+03
1.204000000000000000e+03
1.582000000000000000e+03
6.530000000000000000e+02
4.950000000000000000e+02
2.379000000000000000e+03
5.135000000000000000e+03
4.176000000000000000e+03
8.690000000000000000e+02
1.780000000000000000e+03
1.512000000000000000e+03
3.441000000000000000e+03
2.480000000000000000e+02
4.362000000000000000e+03
3.197000000000000000e+03
9.850000000000000000e+02
3.872000000000000000e+03
4.189000000000000000e+03
1.172000000000000000e+03
8.760000000000000000e+02
3.026000000000000000e+03
2.545000000000000000e+03
5.051000000000000000e+03
2.484000000000000000e+03
1.120000000000000000e+02
3.274000000000000000e+03
2.587000000000000000e+03
4.323000000000000000e+03
1.050000000000000000e+03
2.579000000000000000e+03
4.950000000000000000e+02
8.450000000000000000e+02
4.564000000000000000e+03
3.040000000000000000e+02
3.943000000000000000e+03
5.174000000000000000e+03
1.790000000000000000e+03
4.894000000000000000e+03
2.005000000000000000e+03
3.991000000000000000e+03
3.780000000000000000e+03
3.260000000000000000e+03
3.211000000000000000e+03
1.430000000000000000e+02
1.105000000000000000e+03
3.056000000000000000e+03
6.190000000000000000e+02
2.674000000000000000e+03
3.612000000000000000e+03
1.253000000000000000e+03
1.261000000000000000e+03
3.300000000000000000e+02
3.000000000000000000e+01
2.332000000000000000e+03
2.231000000000000000e+03
2.927000000000000000e+03
1.055000000000000000e+03
8.100000000000000000e+02
3.500000000000000000e+01
2.892000000000000000e+03
3.952000000000000000e+03
1.350000000000000000e+02
3.649000000000000000e+03
4.860000000000000000e+03
2.848000000000000000e+03
2.759000000000000000e+03
4.405000000000000000e+03
2.370000000000000000e+02
4.801000000000000000e+03
4.940000000000000000e+02
1.300000000000000000e+02
4.292000000000000000e+03
4.253000000000000000e+03
3.800000000000000000e+02
4.530000000000000000e+03
4.344000000000000000e+03
1.210000000000000000e+03
4.550000000000000000e+03
7.200000000000000000e+01
5.047000000000000000e+03
1.367000000000000000e+03
2.477000000000000000e+03
4.916000000000000000e+03
9.700000000000000000e+01
2.650000000000000000e+02
2.460000000000000000e+02
3.080000000000000000e+03
4.557000000000000000e+03
5.162000000000000000e+03
6.000000000000000000e+02
4.230000000000000000e+02
4.798000000000000000e+03
8.340000000000000000e+02
2.963000000000000000e+03
1.280000000000000000e+03
2.150000000000000000e+02
3.570000000000000000e+02
4.270000000000000000e+03
3.550000000000000000e+03
2.065000000000000000e+03
3.257000000000000000e+03
1.304000000000000000e+03
1.855000000000000000e+03
1.505000000000000000e+03
2.543000000000000000e+03
9.910000000000000000e+02
3.972000000000000000e+03
4.288000000000000000e+03
2.398000000000000000e+03
2.178000000000000000e+03
4.940000000000000000e+02
3.570000000000000000e+03
2.379000000000000000e+03
6.690000000000000000e+02
1.537000000000000000e+03
2.810000000000000000e+02
2.080000000000000000e+02
4.922000000000000000e+03
2.010000000000000000e+03
1.505000000000000000e+03
1.899000000000000000e+03
1.568000000000000000e+03
1.906000000000000000e+03
1.512000000000000000e+03
2.631000000000000000e+03
4.079000000000000000e+03
2.280000000000000000e+03
2.170000000000000000e+02
1.137000000000000000e+03
3.281000000000000000e+03
2.773000000000000000e+03
2.180000000000000000e+03
2.000000000000000000e+01
5.060000000000000000e+02
4.185000000000000000e+03
4.059000000000000000e+03
3.458000000000000000e+03
4.098000000000000000e+03
2.007000000000000000e+03
3.310000000000000000e+02
1.118000000000000000e+03
2.418000000000000000e+03
3.098000000000000000e+03
1.140000000000000000e+03
3.921000000000000000e+03
1.808000000000000000e+03
1.622000000000000000e+03
8.360000000000000000e+02
1.627000000000000000e+03
4.216000000000000000e+03
3.915000000000000000e+03
2.619000000000000000e+03
1.055000000000000000e+03
4.669000000000000000e+03
3.284000000000000000e+03
3.197000000000000000e+03
3.692000000000000000e+03
3.965000000000000000e+03
2.355000000000000000e+03
1.994000000000000000e+03
1.155000000000000000e+03
4.531000000000000000e+03
2.892000000000000000e+03
1.854000000000000000e+03
5.095000000000000000e+03
3.823000000000000000e+03
3.885000000000000000e+03
3.740000000000000000e+02
1.869000000000000000e+03
4.218000000000000000e+03
5.237000000000000000e+03
2.351000000000000000e+03
6.200000000000000000e+01
2.754000000000000000e+03
3.755000000000000000e+03
3.959000000000000000e+03
7.560000000000000000e+02
2.816000000000000000e+03
3.151000000000000000e+03
3.252000000000000000e+03
1.799000000000000000e+03
1.610000000000000000e+03
4.943000000000000000e+03
1.648000000000000000e+03
4.806000000000000000e+03
2.720000000000000000e+02
5.410000000000000000e+02
2.950000000000000000e+02
4.126000000000000000e+03
3.971000000000000000e+03
2.180000000000000000e+03
1.713000000000000000e+03
1.942000000000000000e+03
4.294000000000000000e+03
4.741000000000000000e+03
3.698000000000000000e+03
1.691000000000000000e+03
3.570000000000000000e+02
2.705000000000000000e+03
3.932000000000000000e+03
2.719000000000000000e+03
3.828000000000000000e+03
1.475000000000000000e+03
6.040000000000000000e+02
2.194000000000000000e+03
3.258000000000000000e+03
8.890000000000000000e+02
2.449000000000000000e+03
1.897000000000000000e+03
5.180000000000000000e+02
2.251000000000000000e+03
5.510000000000000000e+02
2.010000000000000000e+02
1.379000000000000000e+03
3.690000000000000000e+03
4.403000000000000000e+03
3.222000000000000000e+03
4.193000000000000000e+03
3.960000000000000000e+03
4.785000000000000000e+03
3.016000000000000000e+03
4.092000000000000000e+03
1.300000000000000000e+01
2.663000000000000000e+03
4.082000000000000000e+03
3.595000000000000000e+03
4.535000000000000000e+03
3.031000000000000000e+03
1.531000000000000000e+03
1.022000000000000000e+03
1.838000000000000000e+03
4.428000000000000000e+03
2.441000000000000000e+03
1.630000000000000000e+03
3.806000000000000000e+03
2.888000000000000000e+03
1.374000000000000000e+03
1.794000000000000000e+03
2.329000000000000000e+03
1.685000000000000000e+03
1.147000000000000000e+03
1.580000000000000000e+02
3.670000000000000000e+03
3.411000000000000000e+03
2.291000000000000000e+03
2.386000000000000000e+03
1.209000000000000000e+03
1.273000000000000000e+03
4.610000000000000000e+03
9.240000000000000000e+02
6.170000000000000000e+02
1.095000000000000000e+03
1.640000000000000000e+03
1.120000000000000000e+02
1.566000000000000000e+03
2.030000000000000000e+03
1.477000000000000000e+03
2.190000000000000000e+03
3.125000000000000000e+03
4.227000000000000000e+03
4.064000000000000000e+03
2.520000000000000000e+03
4.289000000000000000e+03
4.060000000000000000e+02
3.143000000000000000e+03
2.180000000000000000e+03
2.124000000000000000e+03
3.493000000000000000e+03
3.382000000000000000e+03
4.878000000000000000e+03
3.884000000000000000e+03
3.349000000000000000e+03
1.989000000000000000e+03
4.611000000000000000e+03
1.050000000000000000e+02
2.815000000000000000e+03
4.110000000000000000e+02
1.210000000000000000e+02
3.495000000000000000e+03
2.201000000000000000e+03
4.530000000000000000e+03
2.020000000000000000e+03
6.310000000000000000e+02
1.255000000000000000e+03
5.210000000000000000e+02
1.204000000000000000e+03
2.456000000000000000e+03
1.600000000000000000e+02
4.810000000000000000e+03
4.037000000000000000e+03
1.159000000000000000e+03
5.211000000000000000e+03
2.030000000000000000e+03
4.778000000000000000e+03
2.950000000000000000e+03
5.510000000000000000e+02
4.336000000000000000e+03
9.230000000000000000e+02
4.289000000000000000e+03
4.668000000000000000e+03
4.949000000000000000e+03
2.578000000000000000e+03
4.154000000000000000e+03
1.666000000000000000e+03
5.094000000000000000e+03
2.753000000000000000e+03
1.568000000000000000e+03
3.679000000000000000e+03
3.206000000000000000e+03
2.025000000000000000e+03
3.996000000000000000e+03
4.075000000000000000e+03
2.390000000000000000e+03
1.869000000000000000e+03
3.177000000000000000e+03
4.718000000000000000e+03
3.898000000000000000e+03
1.124000000000000000e+03
8.390000000000000000e+02
1.323000000000000000e+03
1.327000000000000000e+03
3.331000000000000000e+03
3.807000000000000000e+03
3.718000000000000000e+03
2.963000000000000000e+03
4.230000000000000000e+03
4.387000000000000000e+03
3.710000000000000000e+03
2.865000000000000000e+03
1.681000000000000000e+03
4.805000000000000000e+03
4.543000000000000000e+03
1.380000000000000000e+03
2.842000000000000000e+03
2.010000000000000000e+02
1.519000000000000000e+03
4.430000000000000000e+03
3.482000000000000000e+03
9.600000000000000000e+01
4.733000000000000000e+03
2.512000000000000000e+03
2.670000000000000000e+03
2.382000000000000000e+03
1.160000000000000000e+02
1.572000000000000000e+03
3.319000000000000000e+03
3.674000000000000000e+03
4.614000000000000000e+03
3.863000000000000000e+03
2.978000000000000000e+03
1.389000000000000000e+03
4.125000000000000000e+03
4.248000000000000000e+03
3.508000000000000000e+03
2.440000000000000000e+03
1.457000000000000000e+03
2.708000000000000000e+03
6.530000000000000000e+02
3.619000000000000000e+03
3.099000000000000000e+03
2.663000000000000000e+03
1.241000000000000000e+03
3.683000000000000000e+03
8.600000000000000000e+01
3.002000000000000000e+03
3.461000000000000000e+03
1.140000000000000000e+03
3.558000000000000000e+03
4.442000000000000000e+03
4.643000000000000000e+03
8.000000000000000000e+01
5.233000000000000000e+03
1.784000000000000000e+03
2.156000000000000000e+03
4.887000000000000000e+03
3.107000000000000000e+03
2.886000000000000000e+03
2.247000000000000000e+03
4.761000000000000000e+03
2.740000000000000000e+03
1.204000000000000000e+03
2.281000000000000000e+03
4.142000000000000000e+03
2.060000000000000000e+03
4.329000000000000000e+03
3.227000000000000000e+03
1.210000000000000000e+02
4.082000000000000000e+03
3.957000000000000000e+03
6.320000000000000000e+02
2.311000000000000000e+03
4.507000000000000000e+03
4.389000000000000000e+03
1.002000000000000000e+03
3.366000000000000000e+03
2.786000000000000000e+03
3.805000000000000000e+03
3.590000000000000000e+03
2.615000000000000000e+03
1.980000000000000000e+03
1.319000000000000000e+03
1.656000000000000000e+03
2.544000000000000000e+03
1.045000000000000000e+03
3.716000000000000000e+03
3.282000000000000000e+03
1.507000000000000000e+03
3.177000000000000000e+03
1.790000000000000000e+03
2.795000000000000000e+03
4.933000000000000000e+03
2.570000000000000000e+03
2.642000000000000000e+03
3.697000000000000000e+03
5.137000000000000000e+03
4.921000000000000000e+03
2.640000000000000000e+03
1.560000000000000000e+03
4.650000000000000000e+02
2.330000000000000000e+03
3.311000000000000000e+03
5.201000000000000000e+03
4.548000000000000000e+03
4.742000000000000000e+03
1.916000000000000000e+03
4.747000000000000000e+03
4.373000000000000000e+03
4.139000000000000000e+03
1.659000000000000000e+03
5.700000000000000000e+01
4.478000000000000000e+03
3.375000000000000000e+03
3.876000000000000000e+03
3.782000000000000000e+03
1.519000000000000000e+03
5.097000000000000000e+03
3.239000000000000000e+03
2.171000000000000000e+03
3.221000000000000000e+03
4.130000000000000000e+03
4.179000000000000000e+03
5.187000000000000000e+03
3.136000000000000000e+03
9.300000000000000000e+02
4.728000000000000000e+03
3.342000000000000000e+03
2.500000000000000000e+03
4.700000000000000000e+02
1.204000000000000000e+03
3.193000000000000000e+03
2.094000000000000000e+03
3.273000000000000000e+03
3.097000000000000000e+03
2.421000000000000000e+03
4.807000000000000000e+03
2.578000000000000000e+03
4.439000000000000000e+03
1.421000000000000000e+03
3.430000000000000000e+02
7.180000000000000000e+02
3.211000000000000000e+03
4.503000000000000000e+03
2.216000000000000000e+03
1.275000000000000000e+03
3.472000000000000000e+03
3.913000000000000000e+03
4.461000000000000000e+03
3.807000000000000000e+03
3.207000000000000000e+03
1.899000000000000000e+03
2.544000000000000000e+03
5.197000000000000000e+03
4.701000000000000000e+03
1.230000000000000000e+03
2.590000000000000000e+02
6.590000000000000000e+02
4.856000000000000000e+03
2.029000000000000000e+03
3.422000000000000000e+03
4.813000000000000000e+03
2.732000000000000000e+03
4.523000000000000000e+03
4.724000000000000000e+03
3.345000000000000000e+03
2.376000000000000000e+03
2.060000000000000000e+03
4.055000000000000000e+03
2.386000000000000000e+03
1.328000000000000000e+03
2.099000000000000000e+03
2.831000000000000000e+03
7.900000000000000000e+02
7.690000000000000000e+02
4.706000000000000000e+03
2.607000000000000000e+03
3.725000000000000000e+03
3.909000000000000000e+03
2.057000000000000000e+03
2.018000000000000000e+03
6.720000000000000000e+02
4.773000000000000000e+03
1.783000000000000000e+03
4.198000000000000000e+03
2.983000000000000000e+03
3.913000000000000000e+03
5.019000000000000000e+03
8.000000000000000000e+02
1.906000000000000000e+03
3.270000000000000000e+03
2.365000000000000000e+03
9.380000000000000000e+02
2.653000000000000000e+03
2.458000000000000000e+03
2.986000000000000000e+03
3.398000000000000000e+03
4.235000000000000000e+03
7.300000000000000000e+01
4.977000000000000000e+03
4.429000000000000000e+03
4.708000000000000000e+03
2.263000000000000000e+03
3.560000000000000000e+03
3.432000000000000000e+03
4.279000000000000000e+03
2.970000000000000000e+02
3.262000000000000000e+03
2.595000000000000000e+03
1.976000000000000000e+03
2.036000000000000000e+03
2.623000000000000000e+03
4.773000000000000000e+03
1.897000000000000000e+03
2.151000000000000000e+03
1.350000000000000000e+02
1.189000000000000000e+03
1.114000000000000000e+03
8.160000000000000000e+02
2.449000000000000000e+03
3.572000000000000000e+03
2.713000000000000000e+03
3.984000000000000000e+03
4.793000000000000000e+03
4.580000000000000000e+02
3.307000000000000000e+03
7.400000000000000000e+02
5.195000000000000000e+03
2.626000000000000000e+03
4.229000000000000000e+03
2.140000000000000000e+03
1.639000000000000000e+03
3.134000000000000000e+03
2.951000000000000000e+03
3.782000000000000000e+03
1.994000000000000000e+03
1.020000000000000000e+03
3.618000000000000000e+03
1.631000000000000000e+03
2.113000000000000000e+03
1.152000000000000000e+03
3.599000000000000000e+03
1.419000000000000000e+03
3.310000000000000000e+03
2.436000000000000000e+03
4.917000000000000000e+03
5.061000000000000000e+03
4.432000000000000000e+03
2.999000000000000000e+03
4.588000000000000000e+03
4.688000000000000000e+03
4.126000000000000000e+03
4.827000000000000000e+03
2.880000000000000000e+03
4.080000000000000000e+02
2.847000000000000000e+03
2.894000000000000000e+03
2.498000000000000000e+03
2.028000000000000000e+03
2.161000000000000000e+03
2.611000000000000000e+03
3.268000000000000000e+03
5.002000000000000000e+03
2.983000000000000000e+03
3.480000000000000000e+02
3.799000000000000000e+03
2.768000000000000000e+03
2.095000000000000000e+03
2.591000000000000000e+03
5.104000000000000000e+03
2.974000000000000000e+03
9.400000000000000000e+02
4.482000000000000000e+03
1.523000000000000000e+03
6.950000000000000000e+02
6.370000000000000000e+02
2.808000000000000000e+03
4.024000000000000000e+03
1.881000000000000000e+03
2.187000000000000000e+03
9.110000000000000000e+02
1.937000000000000000e+03
2.668000000000000000e+03
5.070000000000000000e+02
4.613000000000000000e+03
3.837000000000000000e+03
3.330000000000000000e+03
4.626000000000000000e+03
1.617000000000000000e+03
3.032000000000000000e+03
2.584000000000000000e+03
1.717000000000000000e+03
1.730000000000000000e+03
7.320000000000000000e+02
1.688000000000000000e+03
4.829000000000000000e+03
3.804000000000000000e+03
2.619000000000000000e+03
1.397000000000000000e+03
1.904000000000000000e+03
2.998000000000000000e+03
3.296000000000000000e+03
4.759000000000000000e+03
4.100000000000000000e+03
3.660000000000000000e+02
3.990000000000000000e+03
5.076000000000000000e+03
1.960000000000000000e+03
5.170000000000000000e+02
3.964000000000000000e+03
4.590000000000000000e+03
4.290000000000000000e+03
1.940000000000000000e+03
3.177000000000000000e+03
2.670000000000000000e+03
3.013000000000000000e+03
4.907000000000000000e+03
1.335000000000000000e+03
3.652000000000000000e+03
2.474000000000000000e+03
4.666000000000000000e+03
1.000000000000000000e+02
1.631000000000000000e+03
2.540000000000000000e+03
2.850000000000000000e+03
8.580000000000000000e+02
1.211000000000000000e+03
1.031000000000000000e+03
5.112000000000000000e+03
2.749000000000000000e+03
4.456000000000000000e+03
4.665000000000000000e+03
1.002000000000000000e+03
3.603000000000000000e+03
2.698000000000000000e+03
4.449000000000000000e+03
8.260000000000000000e+02
4.420000000000000000e+03
1.681000000000000000e+03
2.237000000000000000e+03
1.916000000000000000e+03
3.125000000000000000e+03
4.447000000000000000e+03
4.477000000000000000e+03
4.240000000000000000e+03
2.138000000000000000e+03
3.711000000000000000e+03
4.794000000000000000e+03
3.988000000000000000e+03
1.515000000000000000e+03
5.203000000000000000e+03
3.474000000000000000e+03
5.060000000000000000e+03
5.100000000000000000e+03
6.150000000000000000e+02
4.782000000000000000e+03
9.200000000000000000e+01
3.081000000000000000e+03
2.935000000000000000e+03
1.776000000000000000e+03
6.010000000000000000e+02
4.835000000000000000e+03
3.349000000000000000e+03
4.826000000000000000e+03
2.361000000000000000e+03
3.233000000000000000e+03
1.886000000000000000e+03
2.730000000000000000e+03
1.272000000000000000e+03
4.202000000000000000e+03
2.030000000000000000e+02
2.174000000000000000e+03
1.750000000000000000e+03
3.980000000000000000e+03
4.092000000000000000e+03
1.550000000000000000e+02
3.642000000000000000e+03
4.719000000000000000e+03
4.630000000000000000e+02
2.568000000000000000e+03
4.688000000000000000e+03
1.312000000000000000e+03
4.510000000000000000e+02
3.404000000000000000e+03
3.355000000000000000e+03
3.218000000000000000e+03
2.771000000000000000e+03
2.633000000000000000e+03
1.965000000000000000e+03
5.170000000000000000e+02
5.054000000000000000e+03
8.090000000000000000e+02
3.220000000000000000e+02
4.040000000000000000e+02
1.451000000000000000e+03
1.488000000000000000e+03
4.191000000000000000e+03
2.878000000000000000e+03
5.410000000000000000e+02
2.518000000000000000e+03
5.560000000000000000e+02
5.049000000000000000e+03
2.279000000000000000e+03
1.040000000000000000e+02
3.218000000000000000e+03
3.934000000000000000e+03
4.187000000000000000e+03
5.161000000000000000e+03
2.025000000000000000e+03
1.848000000000000000e+03
4.268000000000000000e+03
3.135000000000000000e+03
4.404000000000000000e+03
3.679000000000000000e+03
9.330000000000000000e+02
6.150000000000000000e+02
2.085000000000000000e+03
3.652000000000000000e+03
4.910000000000000000e+02
4.744000000000000000e+03
9.730000000000000000e+02
2.420000000000000000e+03
2.688000000000000000e+03
3.929000000000000000e+03
2.810000000000000000e+02
3.762000000000000000e+03
2.112000000000000000e+03
1.780000000000000000e+02
6.100000000000000000e+02
9.750000000000000000e+02
9.970000000000000000e+02
4.656000000000000000e+03
1.656000000000000000e+03
7.490000000000000000e+02
2.746000000000000000e+03
5.229000000000000000e+03
5.173000000000000000e+03
6.200000000000000000e+02
5.169000000000000000e+03
5.031000000000000000e+03
4.998000000000000000e+03
3.240000000000000000e+03
1.185000000000000000e+03
3.899000000000000000e+03
2.730000000000000000e+02
2.257000000000000000e+03
1.842000000000000000e+03
3.445000000000000000e+03
1.644000000000000000e+03
1.966000000000000000e+03
3.626000000000000000e+03
1.923000000000000000e+03
4.442000000000000000e+03
3.515000000000000000e+03
2.495000000000000000e+03
3.635000000000000000e+03
3.525000000000000000e+03
2.074000000000000000e+03
2.220000000000000000e+03
3.833000000000000000e+03
2.055000000000000000e+03
3.296000000000000000e+03
4.922000000000000000e+03
9.570000000000000000e+02
9.500000000000000000e+02
4.078000000000000000e+03
3.941000000000000000e+03
4.580000000000000000e+02
2.886000000000000000e+03
7.860000000000000000e+02
7.200000000000000000e+01
2.986000000000000000e+03
4.338000000000000000e+03
8.250000000000000000e+02
3.360000000000000000e+02
2.140000000000000000e+02
5.000000000000000000e+01
1.497000000000000000e+03
1.092000000000000000e+03
1.782000000000000000e+03
1.974000000000000000e+03
5.204000000000000000e+03
2.663000000000000000e+03
1.803000000000000000e+03
1.008000000000000000e+03
2.148000000000000000e+03
1.846000000000000000e+03
3.433000000000000000e+03
5.074000000000000000e+03
1.495000000000000000e+03
4.189000000000000000e+03
1.871000000000000000e+03
3.383000000000000000e+03
5.197000000000000000e+03
3.734000000000000000e+03
1.767000000000000000e+03
4.129000000000000000e+03
2.275000000000000000e+03
3.174000000000000000e+03
2.574000000000000000e+03
2.811000000000000000e+03
4.643000000000000000e+03
3.950000000000000000e+03
2.023000000000000000e+03
1.291000000000000000e+03
4.091000000000000000e+03
8.600000000000000000e+02
2.897000000000000000e+03
4.475000000000000000e+03
4.813000000000000000e+03
8.930000000000000000e+02
1.963000000000000000e+03
3.550000000000000000e+03
1.655000000000000000e+03
4.010000000000000000e+02
3.356000000000000000e+03
1.329000000000000000e+03
3.142000000000000000e+03
3.570000000000000000e+02
2.953000000000000000e+03
2.793000000000000000e+03
4.568000000000000000e+03
3.287000000000000000e+03
5.129000000000000000e+03
2.696000000000000000e+03
2.753000000000000000e+03
4.349000000000000000e+03
3.016000000000000000e+03
2.196000000000000000e+03
1.350000000000000000e+02
4.776000000000000000e+03
2.340000000000000000e+02
4.306000000000000000e+03
2.834000000000000000e+03
1.842000000000000000e+03
2.192000000000000000e+03
2.670000000000000000e+02
4.286000000000000000e+03
4.939000000000000000e+03
6.500000000000000000e+02
1.350000000000000000e+02
3.076000000000000000e+03
2.574000000000000000e+03
5.076000000000000000e+03
3.355000000000000000e+03
1.630000000000000000e+02
4.058000000000000000e+03
4.543000000000000000e+03
1.498000000000000000e+03
5.400000000000000000e+02
3.700000000000000000e+02
2.458000000000000000e+03
4.950000000000000000e+03
2.194000000000000000e+03
2.836000000000000000e+03
3.181000000000000000e+03
5.020000000000000000e+02
2.705000000000000000e+03
5.125000000000000000e+03
3.606000000000000000e+03
2.470000000000000000e+03
2.500000000000000000e+01
8.290000000000000000e+02
1.911000000000000000e+03
3.567000000000000000e+03
1.434000000000000000e+03
3.726000000000000000e+03
2.020000000000000000e+03
3.500000000000000000e+03
3.882000000000000000e+03
1.925000000000000000e+03
4.317000000000000000e+03
1.719000000000000000e+03
3.801000000000000000e+03
3.890000000000000000e+03
1.794000000000000000e+03
3.948000000000000000e+03
3.991000000000000000e+03
